Transformer_ID,DateTime,KWH/hh (per half hour),Transformer_Reading
TX_1,2012-05-21 10:30:00,1.026322036068609,1.0571116971506673
TX_1,2012-05-21 11:00:00,0.4416780185848813,0.45492835914242774
TX_1,2012-05-21 11:30:00,0.4215064821398225,0.4341516766040172
TX_1,2012-05-21 12:00:00,0.5148654146370152,0.5303113770761256
TX_1,2012-05-21 12:30:00,0.6003808133778984,0.6183922377792354
TX_1,2012-05-21 13:00:00,0.9560538686236504,0.9847354846823599
TX_1,2012-05-21 13:30:00,0.7454992335098457,0.7678642105151411
TX_1,2012-05-21 14:00:00,0.7881898243427412,0.8118355190730234
TX_1,2012-05-21 14:30:00,0.6981604596318252,0.7191052734207799
TX_1,2012-05-21 15:00:00,0.46239455736757384,0.47626639408860105
TX_1,2012-05-21 15:30:00,0.6459627804603961,0.665341663874208
TX_1,2012-05-21 16:00:00,0.801835383656864,0.82589044516657
TX_1,2012-05-21 16:30:00,0.9211480470517299,0.9487824884632818
TX_1,2012-05-21 17:00:00,0.8031542762750856,0.8272489045633382
TX_1,2012-05-21 17:30:00,1.3107732462014918,1.3500964435875367
TX_1,2012-05-21 18:00:00,1.9016763864119435,1.9587266780043018
TX_1,2012-05-21 18:30:00,2.2011854750448796,2.267221039296226
TX_1,2012-05-21 19:00:00,1.7661100449190783,1.8190933462666508
TX_1,2012-05-21 19:30:00,1.2141730502036658,1.2505982417097758
TX_1,2012-05-21 20:00:00,1.1493853716201259,1.1838669327687297
TX_1,2012-05-21 20:30:00,1.3559459595250325,1.3966243383107835
TX_1,2012-05-21 21:00:00,1.3031625027609144,1.3422573778437419
TX_1,2012-05-21 21:30:00,2.156379091375037,2.221070464116288
TX_1,2012-05-21 22:00:00,1.8523970410990598,1.9079689523320316
TX_1,2012-05-21 22:30:00,0.9193154624105856,0.9468949262829032
TX_1,2012-05-21 23:00:00,1.9709647961664802,2.0300937400514747
TX_1,2012-05-21 23:30:00,0.6512895691558336,0.6708282562305086
TX_1,2012-05-22 00:00:00,0.8437769422235206,0.8690902504902263
TX_1,2012-05-22 00:30:00,0.5989398560271024,0.6169080517079155
TX_1,2012-05-22 01:00:00,0.6996832548543077,0.7206737524999369
TX_1,2012-05-22 01:30:00,0.708137886123778,0.7293820227074914
TX_1,2012-05-22 02:00:00,0.6354153917374563,0.65447785348958
TX_1,2012-05-22 02:30:00,0.7220174210776529,0.7436779437099825
TX_1,2012-05-22 03:00:00,0.6244443791342753,0.6431777105083036
TX_1,2012-05-22 03:30:00,0.660798563263572,0.6806225201614792
TX_1,2012-05-22 04:00:00,0.4515993479551611,0.46514732839381595
TX_1,2012-05-22 04:30:00,0.549034513764981,0.5655055491779305
TX_1,2012-05-22 05:00:00,0.37464265644011807,0.3858819361333216
TX_1,2012-05-22 05:30:00,0.3986767143359663,0.4106370157660453
TX_1,2012-05-22 06:00:00,0.3918530660695416,0.4036086580516279
TX_1,2012-05-22 06:30:00,0.39520383753914257,0.40705995266531686
TX_1,2012-05-22 07:00:00,0.9032016059606041,0.9302976541394222
TX_1,2012-05-22 07:30:00,1.2989158743123852,1.3378833505417569
TX_1,2012-05-22 08:00:00,0.6446557660025548,0.6639954389826315
TX_1,2012-05-22 08:30:00,0.96373399359529,0.9926460134031487
TX_1,2012-05-22 09:00:00,0.6183205133824029,0.6368701287838751
TX_1,2012-05-22 09:30:00,0.49551891774847556,0.5103844852809298
TX_1,2012-05-22 10:00:00,0.5490769946705722,0.5655493045106894
TX_1,2012-05-22 10:30:00,0.5361396653783999,0.5522238553397518
TX_1,2012-05-22 11:00:00,0.922509818922903,0.9501851134905901
TX_1,2012-05-22 11:30:00,0.8022507467367107,0.826318269138812
TX_1,2012-05-22 12:00:00,0.7127650283671321,0.734147979218146
TX_1,2012-05-22 12:30:00,0.5354510495428046,0.5515145810290888
TX_1,2012-05-22 13:00:00,0.5795752400109554,0.596962497211284
TX_1,2012-05-22 13:30:00,0.7315162682282457,0.753461756275093
TX_1,2012-05-22 14:00:00,0.7820335344965399,0.8054945405314361
TX_1,2012-05-22 14:30:00,0.45120238952253344,0.46473846120820944
TX_1,2012-05-22 15:00:00,0.4656354417040956,0.4796045049552185
TX_1,2012-05-22 15:30:00,0.44546745991906384,0.45883148371663574
TX_1,2012-05-22 16:00:00,0.999394014090652,1.0293758345133717
TX_1,2012-05-22 16:30:00,0.7774947193860742,0.8008195609676564
TX_1,2012-05-22 17:00:00,1.19862148275287,1.2345801272354562
TX_1,2012-05-22 17:30:00,0.97008734201508,0.9991899622755324
TX_1,2012-05-22 18:00:00,2.616434475042373,2.694927509293644
TX_1,2012-05-22 18:30:00,1.272107674568101,1.3102709048051442
TX_1,2012-05-22 19:00:00,0.6720171718129395,0.6921776869673277
TX_1,2012-05-22 19:30:00,0.8873408210553807,0.9139610456870422
TX_1,2012-05-22 20:00:00,1.0569254378822106,1.088633201018677
TX_1,2012-05-22 20:30:00,1.0848887432040772,1.1174354055001996
TX_1,2012-05-22 21:00:00,0.8882753393835869,0.9149235995650946
TX_1,2012-05-22 21:30:00,0.7260016489439022,0.7477816984122193
TX_1,2012-05-22 22:00:00,0.7017252481441452,0.7227770055884696
TX_1,2012-05-22 22:30:00,0.6572031800525282,0.676919275454104
TX_1,2012-05-22 23:00:00,0.752904442845137,0.7754915761304911
TX_1,2012-05-22 23:30:00,0.6056609907921576,0.6238308205159224
TX_1,2012-05-23 00:00:00,0.8619085467174369,0.88776580311896
TX_1,2012-05-23 00:30:00,0.3709284216992195,0.3820562743501961
TX_1,2012-05-23 01:00:00,0.4475045254341514,0.460929661197176
TX_1,2012-05-23 01:30:00,0.35704342366593633,0.36775472637591444
TX_1,2012-05-23 02:00:00,0.4910935941404422,0.5058264019646554
TX_1,2012-05-23 02:30:00,0.42535346357682524,0.43811406748413
TX_1,2012-05-23 03:00:00,0.49811073837023323,0.5130540605213403
TX_1,2012-05-23 03:30:00,0.3934919816797402,0.4052967411301324
TX_1,2012-05-23 04:00:00,0.32417415139409955,0.33389937593592256
TX_1,2012-05-23 04:30:00,0.6403459323407612,0.659556310310984
TX_1,2012-05-23 05:00:00,0.8113244565260037,0.8356641902217838
TX_1,2012-05-23 05:30:00,1.2611567189242259,1.2989914204919526
TX_1,2012-05-23 06:00:00,1.4608145671796304,1.5046390041950193
TX_1,2012-05-23 06:30:00,1.4148041450107491,1.4572482693610715
TX_1,2012-05-23 07:00:00,0.7166650889077132,0.7381650415749446
TX_1,2012-05-23 07:30:00,1.6011045777331696,1.6491377150651647
TX_1,2012-05-23 08:00:00,1.301532670997286,1.3405786511272046
TX_1,2012-05-23 08:30:00,0.5185375524107125,0.534093678983034
TX_1,2012-05-23 09:00:00,0.6682278736790576,0.6882747098894293
TX_1,2012-05-23 09:30:00,3.003291129646905,3.0933898635363124
TX_1,2012-05-23 10:00:00,4.510510157072089,4.645825461784251
TX_1,2012-05-23 10:30:00,5.265212961523796,5.42316935036951
TX_1,2012-05-23 11:00:00,5.415768222540067,5.578241269216269
TX_1,2012-05-23 11:30:00,5.219497094346512,5.376082007176908
TX_1,2012-05-23 12:00:00,5.615591335224034,5.784059075280755
TX_1,2012-05-23 12:30:00,6.904379006945074,7.111510377153427
TX_1,2012-05-23 13:00:00,4.749044419610446,4.89151575219876
TX_1,2012-05-23 13:30:00,6.118826594120772,6.302391391944395
TX_1,2012-05-23 14:00:00,6.380251832016654,6.571659386977154
TX_1,2012-05-23 14:30:00,4.255427275084686,4.383090093337226
TX_1,2012-05-23 15:00:00,4.895074501362709,5.04192673640359
TX_1,2012-05-23 15:30:00,5.538064106910012,5.704206030117312
TX_1,2012-05-23 16:00:00,4.450553129205114,4.584069723081268
TX_1,2012-05-23 16:30:00,5.013947704880063,5.164366136026465
TX_1,2012-05-23 17:00:00,5.058722193137352,5.210483858931473
TX_1,2012-05-23 17:30:00,4.418350109357519,4.5509006126382445
TX_1,2012-05-23 18:00:00,5.392501287797785,5.554276326431719
TX_1,2012-05-23 18:30:00,6.729355854086947,6.9312365297095555
TX_1,2012-05-23 19:00:00,8.731936754096939,8.993894856719848
TX_1,2012-05-23 19:30:00,7.162279798255165,7.37714819220282
TX_1,2012-05-23 20:00:00,5.500396490599336,5.665408385317316
TX_1,2012-05-23 20:30:00,5.705928019390595,5.877105859972313
TX_1,2012-05-23 21:00:00,6.417039997461219,6.6095511973850565
TX_1,2012-05-23 21:30:00,6.309792706641082,6.499086487840315
TX_1,2012-05-23 22:00:00,10.568542829966656,10.885599114865656
TX_1,2012-05-23 22:30:00,4.752104009537947,4.894667129824086
TX_1,2012-05-23 23:00:00,3.885120552850529,4.001674169436045
TX_1,2012-05-23 23:30:00,3.517456152484255,3.6229798370587827
TX_1,2012-05-24 00:00:00,3.1852701220263104,3.2808282256870998
TX_1,2012-05-24 00:30:00,3.4048598418900187,3.5070056371467193
TX_1,2012-05-24 01:00:00,2.6593509599690037,2.739131488768074
TX_1,2012-05-24 01:30:00,2.9920824877176986,3.0818449623492294
TX_1,2012-05-24 02:00:00,2.2807134227984225,2.349134825482375
TX_1,2012-05-24 02:30:00,2.766734673335216,2.8497367135352727
TX_1,2012-05-24 03:00:00,3.622930444094406,3.731618357417238
TX_1,2012-05-24 03:30:00,2.148281944495826,2.212730402830701
TX_1,2012-05-24 04:00:00,2.8742694412746195,2.960497524512858
TX_1,2012-05-24 04:30:00,3.608903933591936,3.7171710515996943
TX_1,2012-05-24 05:00:00,2.6531238000275037,2.732717514028329
TX_1,2012-05-24 05:30:00,3.2938658029067156,3.3926817769939173
TX_1,2012-05-24 06:00:00,3.0075829229304896,3.097810410618404
TX_1,2012-05-24 06:30:00,5.7144759565266865,5.885910235222488
TX_1,2012-05-24 07:00:00,4.967523688761364,5.116549399424206
TX_1,2012-05-24 07:30:00,6.620288304815981,6.8188969539604605
TX_1,2012-05-24 08:00:00,4.433212929200608,4.566209317076627
TX_1,2012-05-24 08:30:00,4.632698783955916,4.771679747474593
TX_1,2012-05-24 09:00:00,3.499030570285944,3.6040014873945223
TX_1,2012-05-24 09:30:00,3.9626724550492094,4.081552628700686
TX_1,2012-05-24 10:00:00,4.707731160054404,4.848963094856036
TX_1,2012-05-24 10:30:00,6.0121881570688345,6.1925538017809
TX_1,2012-05-24 11:00:00,3.9673557525933876,4.086376425171189
TX_1,2012-05-24 11:30:00,3.599205568137567,3.7071817351816945
TX_1,2012-05-24 12:00:00,4.62487790498979,4.7636242421394845
TX_1,2012-05-24 12:30:00,5.148543239262887,5.302999536440773
TX_1,2012-05-24 13:00:00,4.073805506875763,4.196019672082036
TX_1,2012-05-24 13:30:00,4.194032753283729,4.319853735882241
TX_1,2012-05-24 14:00:00,4.023481246544273,4.144185683940601
TX_1,2012-05-24 14:30:00,3.4117399415039955,3.5140921397491156
TX_1,2012-05-24 15:00:00,3.8628701680882647,3.9787562731309127
TX_1,2012-05-24 15:30:00,5.26109747677754,5.418930401080866
TX_1,2012-05-24 16:00:00,6.23892292965153,6.4260906175410755
TX_1,2012-05-24 16:30:00,5.625771204934947,5.794544341082995
TX_1,2012-05-24 17:00:00,6.154435707553608,6.3390687787802165
TX_1,2012-05-24 17:30:00,5.193549239546369,5.34935571673276
TX_1,2012-05-24 18:00:00,5.773746964823662,5.9469593737683715
TX_1,2012-05-24 18:30:00,5.134305540756238,5.288334706978926
TX_1,2012-05-24 19:00:00,6.160172860081286,6.3449780458837255
TX_1,2012-05-24 19:30:00,4.8900518639252715,5.03675341984303
TX_1,2012-05-24 20:00:00,5.465814498105374,5.629788933048535
TX_1,2012-05-24 20:30:00,7.517677322422983,7.7432076420956735
TX_1,2012-05-24 21:00:00,5.642208642519092,5.811474901794665
TX_1,2012-05-24 21:30:00,6.787539676922251,6.9911658672299195
TX_1,2012-05-24 22:00:00,5.400905507351837,5.562932672572392
TX_1,2012-05-24 22:30:00,5.035483087209423,5.186547579825706
TX_1,2012-05-24 23:00:00,3.8784196507245556,3.9947722402462924
TX_1,2012-05-24 23:30:00,4.511429860787749,4.646772756611382
TX_1,2012-05-25 00:00:00,2.8365826103862277,2.9216800886978147
TX_1,2012-05-25 00:30:00,2.5830584244774997,2.6605501772118245
TX_1,2012-05-25 01:00:00,3.106546367103449,3.1997427581165523
TX_1,2012-05-25 01:30:00,4.06752034893199,4.18954595939995
TX_1,2012-05-25 02:00:00,3.9869778139426004,4.1065871483608785
TX_1,2012-05-25 02:30:00,5.040361375505979,5.191572216771158
TX_1,2012-05-25 03:00:00,2.9567585439788395,3.045461300298205
TX_1,2012-05-25 03:30:00,2.179799384079586,2.2451933656019736
TX_1,2012-05-25 04:00:00,2.031856459454716,2.0928121532383575
TX_1,2012-05-25 04:30:00,2.872355949119973,2.958526627593572
TX_1,2012-05-25 05:00:00,3.102626199452947,3.1957049854365356
TX_1,2012-05-25 05:30:00,3.7364007117447775,3.848492733097121
TX_1,2012-05-25 06:00:00,3.7407491156844133,3.852971589154946
TX_1,2012-05-25 06:30:00,4.266846928270407,4.39485233611852
TX_1,2012-05-25 07:00:00,4.527240643537209,4.663057862843326
TX_1,2012-05-25 07:30:00,6.147501696952456,6.331926747861029
TX_1,2012-05-25 08:00:00,3.7618745345354414,3.874730770571505
TX_1,2012-05-25 08:30:00,3.602903253973241,3.7109903515924385
TX_1,2012-05-25 09:00:00,2.815548990935732,2.900015460663804
TX_1,2012-05-25 09:30:00,2.8960333292537133,2.982914329131325
TX_1,2012-05-25 10:00:00,4.4603858193263415,4.594197393906132
TX_1,2012-05-25 10:30:00,3.9716186683539934,4.090767228404613
TX_1,2012-05-25 11:00:00,3.801728150718819,3.9157799952403836
TX_1,2012-05-25 11:30:00,3.47506213184395,3.5793139957992683
TX_1,2012-05-25 12:00:00,4.929127049529944,5.077000861015843
TX_1,2012-05-25 12:30:00,5.667698354951135,5.837729305599669
TX_1,2012-05-25 13:00:00,3.5798725092562926,3.6872686845339815
TX_1,2012-05-25 13:30:00,4.159834995181504,4.284630045036949
TX_1,2012-05-25 14:00:00,3.849108710261554,3.964581971569401
TX_1,2012-05-25 14:30:00,3.3206066908552794,3.4202248915809377
TX_1,2012-05-25 15:00:00,3.0237756204800252,3.1144888890944262
TX_1,2012-05-25 15:30:00,4.167972798934572,4.293011982902609
TX_1,2012-05-25 16:00:00,6.5910965102556105,6.788829405563279
TX_1,2012-05-25 16:30:00,6.280474551831955,6.468888788386914
TX_1,2012-05-25 17:00:00,6.555185650946796,6.7518412204752
TX_1,2012-05-25 17:30:00,8.498423568618184,8.75337627567673
TX_1,2012-05-25 18:00:00,11.81008397306262,12.164386492254499
TX_1,2012-05-25 18:30:00,9.888459713734322,10.185113505146353
TX_1,2012-05-25 19:00:00,8.508636021853128,8.763895102508723
TX_1,2012-05-25 19:30:00,6.78583170257151,6.989406653648656
TX_1,2012-05-25 20:00:00,6.004072847061699,6.18419503247355
TX_1,2012-05-25 20:30:00,5.125750705609849,5.279523226778144
TX_1,2012-05-25 21:00:00,7.076431069722111,7.288724001813774
TX_1,2012-05-25 21:30:00,6.2420112217126595,6.429271558364039
TX_1,2012-05-25 22:00:00,6.144194419333133,6.328520251913128
TX_1,2012-05-25 22:30:00,5.131941241399435,5.285899478641418
TX_1,2012-05-25 23:00:00,4.655210194927642,4.794866500775472
TX_1,2012-05-25 23:30:00,3.628594181285486,3.7374520067240504
TX_1,2012-05-26 00:00:00,3.8477500444194357,3.963182545752019
TX_1,2012-05-26 00:30:00,2.6801657107740517,2.7605706820972733
TX_1,2012-05-26 01:00:00,2.3905534954882173,2.462270100352864
TX_1,2012-05-26 01:30:00,2.9752454044569254,3.0645027665906333
TX_1,2012-05-26 02:00:00,2.0551176184472753,2.1167711470006934
TX_1,2012-05-26 02:30:00,2.9883953691178675,3.0780472301914035
TX_1,2012-05-26 03:00:00,3.4508108558890638,3.554335181565736
TX_1,2012-05-26 03:30:00,2.580716637881693,2.658138137018144
TX_1,2012-05-26 04:00:00,2.5485482473914147,2.6250046948131573
TX_1,2012-05-26 04:30:00,2.3458673743644622,2.416243395595396
TX_1,2012-05-26 05:00:00,2.7661922916451904,2.849178060394546
TX_1,2012-05-26 05:30:00,2.63251086093136,2.7114861867593008
TX_1,2012-05-26 06:00:00,2.950235142766908,3.038742197049915
TX_1,2012-05-26 06:30:00,3.5582799045171236,3.6650283016526375
TX_1,2012-05-26 07:00:00,5.0926602200766204,5.245440026678919
TX_1,2012-05-26 07:30:00,3.8571335726990603,3.9728475798800322
TX_1,2012-05-26 08:00:00,4.795790737476738,4.9396644596010395
TX_1,2012-05-26 08:30:00,5.701744983856545,5.872797333372242
TX_1,2012-05-26 09:00:00,5.5327526934570725,5.698735274260785
TX_1,2012-05-26 09:30:00,4.686820734505928,4.827425356541106
TX_1,2012-05-26 10:00:00,5.443837727227168,5.607152859043983
TX_1,2012-05-26 10:30:00,4.907950922831295,5.0551894505162345
TX_1,2012-05-26 11:00:00,4.227776671687313,4.354609971837933
TX_1,2012-05-26 11:30:00,3.5364453306335895,3.6425386905525974
TX_1,2012-05-26 12:00:00,6.091820776400646,6.274575399692666
TX_1,2012-05-26 12:30:00,7.097586584443869,7.310514181977186
TX_1,2012-05-26 13:00:00,4.063692221073641,4.18560298770585
TX_1,2012-05-26 13:30:00,5.103458409831994,5.256562162126954
TX_1,2012-05-26 14:00:00,4.14572798822362,4.270099827870329
TX_1,2012-05-26 14:30:00,3.8394402694798906,3.9546234775642874
TX_1,2012-05-26 15:00:00,3.7395834734701414,3.8517709776742457
TX_1,2012-05-26 15:30:00,4.590628529501032,4.728347385386063
TX_1,2012-05-26 16:00:00,4.781066528328735,4.924498524178596
TX_1,2012-05-26 16:30:00,3.6172891484567486,3.725807822910451
TX_1,2012-05-26 17:00:00,4.0451338427511265,4.16648785803366
TX_1,2012-05-26 17:30:00,5.878752445996363,6.055115019376254
TX_1,2012-05-26 18:00:00,4.011749296546236,4.132101775442623
TX_1,2012-05-26 18:30:00,3.0499424185943123,3.1414406911521415
TX_1,2012-05-26 19:00:00,4.898519710254124,5.045475301561748
TX_1,2012-05-26 19:30:00,5.013941286037642,5.164359524618772
TX_1,2012-05-26 20:00:00,7.258644783512551,7.476404127017928
TX_1,2012-05-26 20:30:00,5.028592661756328,5.179450441609018
TX_1,2012-05-26 21:00:00,4.661508792068547,4.801354055830604
TX_1,2012-05-26 21:30:00,4.403591058321962,4.535698790071621
TX_1,2012-05-26 22:00:00,4.29965405989667,4.42864368169357
TX_1,2012-05-26 22:30:00,3.8685064057535836,3.984561597926191
TX_1,2012-05-26 23:00:00,3.8904660749651305,4.007180057214085
TX_1,2012-05-26 23:30:00,3.592141651218405,3.699905900754957
TX_1,2012-05-27 00:00:00,3.3622101003761014,3.4630764033873844
TX_1,2012-05-27 00:30:00,2.8008574885144992,2.8848832131699345
TX_1,2012-05-27 01:00:00,3.3758021050820903,3.4770761682345532
TX_1,2012-05-27 01:30:00,3.0675585875557703,3.1595853451824434
TX_1,2012-05-27 02:00:00,2.8369041647530757,2.9220112896956683
TX_1,2012-05-27 02:30:00,2.8219544855659535,2.906613120132932
TX_1,2012-05-27 03:00:00,2.5641726484825087,2.641097827936984
TX_1,2012-05-27 03:30:00,2.6734157591434946,2.7536182319177995
TX_1,2012-05-27 04:00:00,2.211066990592631,2.27739900031041
TX_1,2012-05-27 04:30:00,2.174277463370592,2.23950578727171
TX_1,2012-05-27 05:00:00,2.0505043450785543,2.112019475430911
TX_1,2012-05-27 05:30:00,2.2206785604167973,2.2872989172293012
TX_1,2012-05-27 06:00:00,2.933106157812169,3.0210993425465342
TX_1,2012-05-27 06:30:00,2.4503812315913085,2.5238926685390477
TX_1,2012-05-27 07:00:00,2.470137493127262,2.54424161792108
TX_1,2012-05-27 07:30:00,3.9184964646491816,4.036051358588657
TX_1,2012-05-27 08:00:00,4.212693146592666,4.3390739409904455
TX_1,2012-05-27 08:30:00,4.137631402962331,4.261760345051201
TX_1,2012-05-27 09:00:00,4.450927477970835,4.58445530230996
TX_1,2012-05-27 09:30:00,5.333494655999498,5.493499495679483
TX_1,2012-05-27 10:00:00,6.138684750468801,6.322845292982866
TX_1,2012-05-27 10:30:00,7.226086115712077,7.442868699183439
TX_1,2012-05-27 11:00:00,5.396430576699029,5.558323494
TX_1,2012-05-27 11:30:00,6.380893618045278,6.572320426586637
TX_1,2012-05-27 12:00:00,5.976598122209335,6.155896065875615
TX_1,2012-05-27 12:30:00,6.169391530077704,6.354473275980035
TX_1,2012-05-27 13:00:00,4.688863655335559,4.829529564995625
TX_1,2012-05-27 13:30:00,4.454558047209892,4.588194788626188
TX_1,2012-05-27 14:00:00,4.692994224448713,4.833784051182174
TX_1,2012-05-27 14:30:00,5.066850381548998,5.218855892995468
TX_1,2012-05-27 15:00:00,4.414225974074818,4.546652753297063
TX_1,2012-05-27 15:30:00,4.0558670439017215,4.177543055218774
TX_1,2012-05-27 16:00:00,6.72102094461284,6.922651572951225
TX_1,2012-05-27 16:30:00,6.560271841008206,6.757079996238453
TX_1,2012-05-27 17:00:00,5.054172031877475,5.2057971928338
TX_1,2012-05-27 17:30:00,6.044142080694996,6.225466343115847
TX_1,2012-05-27 18:00:00,7.3425506589286895,7.56282717869655
TX_1,2012-05-27 18:30:00,7.748868323548688,7.981334373255149
TX_1,2012-05-27 19:00:00,5.783348263089288,5.956848710981967
TX_1,2012-05-27 19:30:00,4.732060944414448,4.874022772746882
TX_1,2012-05-27 20:00:00,5.40726849272732,5.56948654750914
TX_1,2012-05-27 20:30:00,4.040274831965822,4.161483076924797
TX_1,2012-05-27 21:00:00,4.96937506250099,5.1184563143760196
TX_1,2012-05-27 21:30:00,6.581368550885565,6.778809607412132
TX_1,2012-05-27 22:00:00,5.693830937239554,5.86464586535674
TX_1,2012-05-27 22:30:00,5.2906523632492055,5.449371934146682
TX_1,2012-05-27 23:00:00,4.30332376236849,4.432423475239545
TX_1,2012-05-27 23:30:00,5.111779566995732,5.265132954005605
TX_1,2012-05-28 00:00:00,4.383309567793216,4.514808854827012
TX_1,2012-05-28 00:30:00,3.02203222335617,3.112693190056855
TX_1,2012-05-28 01:00:00,2.628018379345579,2.7068589307259465
TX_1,2012-05-28 01:30:00,2.980734033242786,3.0701560542400697
TX_1,2012-05-28 02:00:00,2.3373666922040566,2.4074876929701783
TX_1,2012-05-28 02:30:00,3.216402992990522,3.3128950827802375
TX_1,2012-05-28 03:00:00,3.279242595794508,3.377619873668343
TX_1,2012-05-28 03:30:00,2.1973269090627863,2.26324671633467
TX_1,2012-05-28 04:00:00,2.2005810934491032,2.2665985262525763
TX_1,2012-05-28 04:30:00,3.142604104939735,3.2368822280879272
TX_1,2012-05-28 05:00:00,2.334496999661789,2.404531909651643
TX_1,2012-05-28 05:30:00,3.8048805242176136,3.919026939944142
TX_1,2012-05-28 06:00:00,3.6993725944580107,3.810353772291751
TX_1,2012-05-28 06:30:00,3.646922659426595,3.756330339209393
TX_1,2012-05-28 07:00:00,5.244952530431275,5.402301106344214
TX_1,2012-05-28 07:30:00,5.279714184781131,5.438105610324565
TX_1,2012-05-28 08:00:00,4.535265368949767,4.67132333001826
TX_1,2012-05-28 08:30:00,4.244908792355314,4.372256056125974
TX_1,2012-05-28 09:00:00,3.746597120160691,3.858995033765512
TX_1,2012-05-28 09:30:00,3.7296625584292413,3.841552435182119
TX_1,2012-05-28 10:00:00,4.431940688080758,4.564898908723181
TX_1,2012-05-28 10:30:00,4.195944976267556,4.321823325555583
TX_1,2012-05-28 11:00:00,3.941218513051918,4.059455068443476
TX_1,2012-05-28 11:30:00,3.1529823802061645,3.2475718516123497
TX_1,2012-05-28 12:00:00,3.0114757564344186,3.101820029127451
TX_1,2012-05-28 12:30:00,3.1138126269543958,3.207227005763028
TX_1,2012-05-28 13:00:00,3.2624143472527765,3.36028677767036
TX_1,2012-05-28 13:30:00,5.6736917369104996,5.843902489017815
TX_1,2012-05-28 14:00:00,4.979224845005355,5.128601590355515
TX_1,2012-05-28 14:30:00,5.587960472956418,5.7555992871451105
TX_1,2012-05-28 15:00:00,3.8497274505917427,3.965219274109495
TX_1,2012-05-28 15:30:00,4.535043325356015,4.671094625116695
TX_1,2012-05-28 16:00:00,6.070166765036486,6.2522717679875806
TX_1,2012-05-28 16:30:00,4.024354170039913,4.14508479514111
TX_1,2012-05-28 17:00:00,5.870479226985803,6.046593603795377
TX_1,2012-05-28 17:30:00,7.594297810721809,7.822126745043463
TX_1,2012-05-28 18:00:00,6.308796772868394,6.498060676054446
TX_1,2012-05-28 18:30:00,6.479859682840064,6.674255473325266
TX_1,2012-05-28 19:00:00,7.283938010965101,7.502456151294054
TX_1,2012-05-28 19:30:00,7.395227360811078,7.617084181635411
TX_1,2012-05-28 20:00:00,6.762566808924695,6.965443813192436
TX_1,2012-05-28 20:30:00,6.858618960219738,7.064377529026331
TX_1,2012-05-28 21:00:00,7.59712136534123,7.825035006301467
TX_1,2012-05-28 21:30:00,6.387514561934102,6.579139998792125
TX_1,2012-05-28 22:00:00,5.7435820427855475,5.915889504069114
TX_1,2012-05-28 22:30:00,4.333673791936246,4.463684005694333
TX_1,2012-05-28 23:00:00,3.7344141165909734,3.846446540088703
TX_1,2012-05-28 23:30:00,3.3966633741273613,3.498563275351182
TX_1,2012-05-29 00:00:00,2.6667210471469023,2.7467226785613095
TX_1,2012-05-29 00:30:00,2.7065362331083302,2.78773232010158
TX_1,2012-05-29 01:00:00,2.7779818493766335,2.8613213048579325
TX_1,2012-05-29 01:30:00,2.5003781345340745,2.575389478570097
TX_1,2012-05-29 02:00:00,2.9894466084719187,3.0791300067260763
TX_1,2012-05-29 02:30:00,2.9106382646364293,2.997957412575522
TX_1,2012-05-29 03:00:00,3.0883792607150764,3.181030638536529
TX_1,2012-05-29 03:30:00,2.3588732293752703,2.4296394262565286
TX_1,2012-05-29 04:00:00,2.4925809945168385,2.5673584243523435
TX_1,2012-05-29 04:30:00,3.6748649589040827,3.7851109076712053
TX_1,2012-05-29 05:00:00,2.6347546803129482,2.7137973207223367
TX_1,2012-05-29 05:30:00,3.051271683916908,3.142809834434415
TX_1,2012-05-29 06:00:00,2.9256966632909633,3.013467563189692
TX_1,2012-05-29 06:30:00,3.7461711609009365,3.858556295727965
TX_1,2012-05-29 07:00:00,3.7536251613224567,3.8662339161621304
TX_1,2012-05-29 07:30:00,4.634901029038867,4.773948059910032
TX_1,2012-05-29 08:00:00,3.808734415294523,3.9229964477533588
TX_1,2012-05-29 08:30:00,4.05885806951999,4.18062381160559
TX_1,2012-05-29 09:00:00,4.147730573210605,4.272162490406924
TX_1,2012-05-29 09:30:00,4.335854523612574,4.465930159320951
TX_1,2012-05-29 10:00:00,5.20510876741837,5.361262030440921
TX_1,2012-05-29 10:30:00,4.680328587724609,4.820738445356347
TX_1,2012-05-29 11:00:00,4.124291728313972,4.248020480163391
TX_1,2012-05-29 11:30:00,4.548885359660556,4.685351920450373
TX_1,2012-05-29 12:00:00,5.067793594297565,5.219827402126492
TX_1,2012-05-29 12:30:00,4.485509844151757,4.6200751394763095
TX_1,2012-05-29 13:00:00,3.4216626554609535,3.5243125351247824
TX_1,2012-05-29 13:30:00,4.168115930166907,4.293159408071914
TX_1,2012-05-29 14:00:00,3.4901719125392403,3.5948770699154178
TX_1,2012-05-29 14:30:00,4.979297512524023,5.128676437899744
TX_1,2012-05-29 15:00:00,4.498791749979342,4.6337555024787225
TX_1,2012-05-29 15:30:00,5.860384456777047,6.036195990480358
TX_1,2012-05-29 16:00:00,5.462342657992394,5.626212937732166
TX_1,2012-05-29 16:30:00,4.527457131149871,4.663280845084367
TX_1,2012-05-29 17:00:00,4.7257464812544026,4.867518875692035
TX_1,2012-05-29 17:30:00,5.844538514597631,6.01987467003556
TX_1,2012-05-29 18:00:00,5.0025664591335985,5.152643452907607
TX_1,2012-05-29 18:30:00,5.899720077732621,6.0767116800646
TX_1,2012-05-29 19:00:00,5.620595229820115,5.789213086714718
TX_1,2012-05-29 19:30:00,7.316855867438683,7.536361543461844
TX_1,2012-05-29 20:00:00,5.723490149336199,5.895194853816285
TX_1,2012-05-29 20:30:00,5.128360161550264,5.282210966396772
TX_1,2012-05-29 21:00:00,6.068960079231314,6.251028881608253
TX_1,2012-05-29 21:30:00,6.615766632490815,6.81423963146554
TX_1,2012-05-29 22:00:00,7.372942282897694,7.594130551384625
TX_1,2012-05-29 22:30:00,6.524325122010623,6.720054875670942
TX_1,2012-05-29 23:00:00,4.0124589949597835,4.132832764808577
TX_1,2012-05-29 23:30:00,3.3784392017076907,3.4797923777589217
TX_1,2012-05-30 00:00:00,3.443848267040424,3.547163715051637
TX_1,2012-05-30 00:30:00,2.7786259633570265,2.8619847422577376
TX_1,2012-05-30 01:00:00,2.7702925405372767,2.853401316753395
TX_1,2012-05-30 01:30:00,2.3122571359230646,2.3816248500007564
TX_1,2012-05-30 02:00:00,2.3108903390387248,2.3802170492098864
TX_1,2012-05-30 02:30:00,2.96537370166501,3.0543349127149604
TX_1,2012-05-30 03:00:00,2.3209399585362576,2.3905681572923454
TX_1,2012-05-30 03:30:00,2.1247455268174535,2.188487892621977
TX_1,2012-05-30 04:00:00,2.4856368868051324,2.5602059934092862
TX_1,2012-05-30 04:30:00,4.7754530552936725,4.918716646952483
TX_1,2012-05-30 05:00:00,3.192239445111215,3.2880066284645513
TX_1,2012-05-30 05:30:00,4.634579435133762,4.773616818187775
TX_1,2012-05-30 06:00:00,3.704531460442741,3.8156674042560232
TX_1,2012-05-30 06:30:00,3.346013887489354,3.446394304114035
TX_1,2012-05-30 07:00:00,5.007395859316811,5.1576177350963155
TX_1,2012-05-30 07:30:00,4.4635081800180325,4.597413425418574
TX_1,2012-05-30 08:00:00,4.487258041620667,4.621875782869287
TX_1,2012-05-30 08:30:00,3.9379658646855167,4.056104840626082
TX_1,2012-05-30 09:00:00,3.5770544645117255,3.6843660984470774
TX_1,2012-05-30 09:30:00,3.1556293657273464,3.250298246699167
TX_1,2012-05-30 10:00:00,4.162987855503473,4.287877491168577
TX_1,2012-05-30 10:30:00,3.847140597114908,3.9625548150283554
TX_1,2012-05-30 11:00:00,2.750541847993096,2.8330581034328888
TX_1,2012-05-30 11:30:00,4.144891067058065,4.269237799069807
TX_1,2012-05-30 12:00:00,6.447498601007205,6.640923559037422
TX_1,2012-05-30 12:30:00,5.107223073798378,5.26043976601233
TX_1,2012-05-30 13:00:00,4.797750728047437,4.94168324988886
TX_1,2012-05-30 13:30:00,3.904747715648529,4.021890147117984
TX_1,2012-05-30 14:00:00,3.959427608445552,4.078210436698918
TX_1,2012-05-30 14:30:00,5.629037730827852,5.797908862752688
TX_1,2012-05-30 15:00:00,3.689106833176264,3.7997800381715523
TX_1,2012-05-30 15:30:00,5.185904423406661,5.34148155610886
TX_1,2012-05-30 16:00:00,6.48838584177049,6.683037417023605
TX_1,2012-05-30 16:30:00,7.124079916788653,7.337802314292313
TX_1,2012-05-30 17:00:00,8.844209735019442,9.109536027070025
TX_1,2012-05-30 17:30:00,7.662501999633223,7.89237705962222
TX_1,2012-05-30 18:00:00,5.875506833673459,6.051772038683663
TX_1,2012-05-30 18:30:00,6.432875896681933,6.625862173582392
TX_1,2012-05-30 19:00:00,6.720771941914271,6.922395100171699
TX_1,2012-05-30 19:30:00,6.9242000153486325,7.131926015809092
TX_1,2012-05-30 20:00:00,10.111670020247125,10.415020120854539
TX_1,2012-05-30 20:30:00,9.522016029886926,9.807676510783534
TX_1,2012-05-30 21:00:00,8.118526584297205,8.362082381826122
TX_1,2012-05-30 21:30:00,6.9938189389128205,7.203633507080205
TX_1,2012-05-30 22:00:00,5.926190419570508,6.103976132157624
TX_1,2012-05-30 22:30:00,6.286323156521696,6.474912851217347
TX_1,2012-05-30 23:00:00,4.910052860609697,5.057354446427988
TX_1,2012-05-30 23:30:00,3.8663164729123003,3.9823059670996694
TX_1,2012-05-31 00:00:00,2.6758624681733214,2.756138342218521
TX_1,2012-05-31 00:30:00,2.5288276648918906,2.6046924948386474
TX_1,2012-05-31 01:00:00,3.2204232361908947,3.3170359332766215
TX_1,2012-05-31 01:30:00,2.4593095471297346,2.533088833543627
TX_1,2012-05-31 02:00:00,2.333722104519628,2.4037337676552166
TX_1,2012-05-31 02:30:00,2.786158870913101,2.8697436370404943
TX_1,2012-05-31 03:00:00,2.652794873822767,2.7323787200374503
TX_1,2012-05-31 03:30:00,2.3864886816947832,2.4580833421456267
TX_1,2012-05-31 04:00:00,2.3575322629756843,2.4282582308649547
TX_1,2012-05-31 04:30:00,3.5676404850659993,3.6746696996179793
TX_1,2012-05-31 05:00:00,3.4463232647686115,3.54971296271167
TX_1,2012-05-31 05:30:00,4.300001840472044,4.429001895686206
TX_1,2012-05-31 06:00:00,6.487370077567955,6.681991179894994
TX_1,2012-05-31 06:30:00,5.64914527349514,5.8186196316999945
TX_1,2012-05-31 07:00:00,4.7336210482470324,4.875629679694444
TX_1,2012-05-31 07:30:00,5.359271044038758,5.520049175359921
TX_1,2012-05-31 08:00:00,5.694189905919995,5.865015603097595
TX_1,2012-05-31 08:30:00,5.398645097865021,5.560604450800972
TX_1,2012-05-31 09:00:00,4.980421168635644,5.129833803694713
TX_1,2012-05-31 09:30:00,4.147036061454255,4.271447143297883
TX_1,2012-05-31 10:00:00,4.429624366381,4.56251309737243
TX_1,2012-05-31 10:30:00,4.943779464130518,5.092092848054434
TX_1,2012-05-31 11:00:00,4.028823004965255,4.1496876951142125
TX_1,2012-05-31 11:30:00,3.8854858936876457,4.002050470498276
TX_1,2012-05-31 12:00:00,3.418683200485638,3.5212436965002074
TX_1,2012-05-31 12:30:00,2.854776090870366,2.940419373596477
TX_1,2012-05-31 13:00:00,2.8689990427304766,2.9550690140123907
TX_1,2012-05-31 13:30:00,3.929349433513279,4.047229916518678
TX_1,2012-05-31 14:00:00,3.852810189743169,3.968394495435464
TX_1,2012-05-31 14:30:00,2.995799109585728,3.0856730828732997
TX_1,2012-05-31 15:00:00,4.444593830859086,4.577931645784859
TX_1,2012-05-31 15:30:00,6.900763837338243,7.10778675245839
TX_1,2012-05-31 16:00:00,5.340635016136926,5.500854066621034
TX_1,2012-05-31 16:30:00,7.4722784722550815,7.696446826422734
TX_1,2012-05-31 17:00:00,7.677977319145605,7.908316638719974
TX_1,2012-05-31 17:30:00,5.458286501484384,5.622035096528916
TX_1,2012-05-31 18:00:00,5.358464848721665,5.519218794183315
TX_1,2012-05-31 18:30:00,5.2985150936264365,5.457470546435229
TX_1,2012-05-31 19:00:00,6.752475292240842,6.955049551008067
TX_1,2012-05-31 19:30:00,7.9354425456758175,8.173505822046092
TX_1,2012-05-31 20:00:00,6.7673081851420855,6.970327430696348
TX_1,2012-05-31 20:30:00,7.045581402089098,7.256948844151771
TX_1,2012-05-31 21:00:00,5.435042950738297,5.598094239260446
TX_1,2012-05-31 21:30:00,7.067375335579133,7.2793965956465065
TX_1,2012-05-31 22:00:00,5.920143055013724,6.097747346664136
TX_1,2012-05-31 22:30:00,5.242047200993058,5.39930861702285
TX_1,2012-05-31 23:00:00,4.2507238574116375,4.378245573133987
TX_1,2012-05-31 23:30:00,4.085990674410693,4.208570394643014
TX_1,2012-06-01 00:00:00,3.719704343519332,3.831295473824912
TX_1,2012-06-01 00:30:00,3.1477940620104987,3.2422278838708136
TX_1,2012-06-01 01:00:00,2.9378799825476913,3.0260163820241224
TX_1,2012-06-01 01:30:00,3.0915401779604115,3.184286383299224
TX_1,2012-06-01 02:00:00,2.3872712575057697,2.4588893952309427
TX_1,2012-06-01 02:30:00,2.83441800056758,2.9194505405846076
TX_1,2012-06-01 03:00:00,3.4881907314694263,3.592836453413509
TX_1,2012-06-01 03:30:00,2.2367899674352643,2.3038936664583223
TX_1,2012-06-01 04:00:00,2.4682506536532665,2.5422981732628647
TX_1,2012-06-01 04:30:00,3.7686268148323547,3.8816856192773255
TX_1,2012-06-01 05:00:00,3.3751486665256936,3.4764031265214643
TX_1,2012-06-01 05:30:00,3.5256932197602366,3.631464016353044
TX_1,2012-06-01 06:00:00,3.5493214079501967,3.655801050188703
TX_1,2012-06-01 06:30:00,4.645347786928487,4.784708220536341
TX_1,2012-06-01 07:00:00,4.259324937674492,4.387104685804727
TX_1,2012-06-01 07:30:00,8.631168757999042,8.890103820739013
TX_1,2012-06-01 08:00:00,5.543991409255558,5.710311151533224
TX_1,2012-06-01 08:30:00,4.986747166977271,5.13634958198659
TX_1,2012-06-01 09:00:00,7.526351768709425,7.752142321770708
TX_1,2012-06-01 09:30:00,4.110913942849532,4.234241361135018
TX_1,2012-06-01 10:00:00,5.332863744437767,5.4928496567709
TX_1,2012-06-01 10:30:00,3.94369401171695,4.0620048320684585
TX_1,2012-06-01 11:00:00,5.033525145510852,5.184530899876178
TX_1,2012-06-01 11:30:00,5.640168396066938,5.809373447948947
TX_1,2012-06-01 12:00:00,6.015618300048411,6.1960868490498635
TX_1,2012-06-01 12:30:00,4.106019556797366,4.229200143501288
TX_1,2012-06-01 13:00:00,5.1059335043171545,5.25911150944667
TX_1,2012-06-01 13:30:00,5.6375750214963185,5.806702272141208
TX_1,2012-06-01 14:00:00,6.735059740493477,6.937111532708282
TX_1,2012-06-01 14:30:00,5.60641855515847,5.774611111813225
TX_1,2012-06-01 15:00:00,3.8527890103883236,3.9683726806999733
TX_1,2012-06-01 15:30:00,5.107968946455311,5.261208014848971
TX_1,2012-06-01 16:00:00,6.494361355384322,6.689192196045852
TX_1,2012-06-01 16:30:00,4.82220604304811,4.9668722243395536
TX_1,2012-06-01 17:00:00,6.271271332929341,6.459409472917221
TX_1,2012-06-01 17:30:00,5.757826863756491,5.930561669669186
TX_1,2012-06-01 18:00:00,7.703162696151364,7.934257577035905
TX_1,2012-06-01 18:30:00,7.681481770357218,7.911926223467934
TX_1,2012-06-01 19:00:00,10.465089622135544,10.77904231079961
TX_1,2012-06-01 19:30:00,5.234308930047146,5.391338197948561
TX_1,2012-06-01 20:00:00,5.401328002767588,5.563367842850616
TX_1,2012-06-01 20:30:00,7.0326371121964195,7.243616225562312
TX_1,2012-06-01 21:00:00,7.480452173053887,7.704865738245505
TX_1,2012-06-01 21:30:00,6.371613404762866,6.562761806905752
TX_1,2012-06-01 22:00:00,5.223345380280934,5.380045741689362
TX_1,2012-06-01 22:30:00,5.153261547347961,5.307859393768401
TX_1,2012-06-01 23:00:00,4.200415926532598,4.326428404328576
TX_1,2012-06-01 23:30:00,4.193404869344848,4.319207015425193
TX_1,2012-06-02 00:00:00,2.919462302499455,3.007046171574439
TX_1,2012-06-02 00:30:00,2.449479844965293,2.522964240314252
TX_1,2012-06-02 01:00:00,2.6032216604907283,2.6813183103054503
TX_1,2012-06-02 01:30:00,2.460832472753372,2.5346574469359733
TX_1,2012-06-02 02:00:00,2.563305061504494,2.640204213349629
TX_1,2012-06-02 02:30:00,2.800194340762078,2.8842001709849403
TX_1,2012-06-02 03:00:00,2.5719830081879356,2.649142498433574
TX_1,2012-06-02 03:30:00,2.38631687577756,2.457906382050887
TX_1,2012-06-02 04:00:00,2.3466403646411855,2.417039575580421
TX_1,2012-06-02 04:30:00,3.0880635404891295,3.1807054467038034
TX_1,2012-06-02 05:00:00,2.8722487251694506,2.9584161869245342
TX_1,2012-06-02 05:30:00,2.687929244861741,2.7685671222075934
TX_1,2012-06-02 06:00:00,3.142730171595661,3.237012076743531
TX_1,2012-06-02 06:30:00,2.7925812760348285,2.8763587143158733
TX_1,2012-06-02 07:00:00,5.187944019869045,5.343582340465116
TX_1,2012-06-02 07:30:00,4.271008630748696,4.399138889671157
TX_1,2012-06-02 08:00:00,4.985496498156789,5.135061393101493
TX_1,2012-06-02 08:30:00,4.221948611058618,4.3486070693903764
TX_1,2012-06-02 09:00:00,4.024001178005149,4.144721213345303
TX_1,2012-06-02 09:30:00,6.396357498522929,6.588248223478617
TX_1,2012-06-02 10:00:00,5.274600882639839,5.4328389091190346
TX_1,2012-06-02 10:30:00,4.870978483672835,5.01710783818302
TX_1,2012-06-02 11:00:00,7.001417031973087,7.21145954293228
TX_1,2012-06-02 11:30:00,6.4867521135191755,6.681354676924751
TX_1,2012-06-02 12:00:00,4.331125132073095,4.461058886035287
TX_1,2012-06-02 12:30:00,7.525176240192345,7.750931527398116
TX_1,2012-06-02 13:00:00,7.081671750132216,7.294121902636182
TX_1,2012-06-02 13:30:00,4.486962105854521,4.621570969030157
TX_1,2012-06-02 14:00:00,5.41534165241053,5.577801901982846
TX_1,2012-06-02 14:30:00,3.742067240521296,3.854329257736935
TX_1,2012-06-02 15:00:00,4.82335262113394,4.968053199767958
TX_1,2012-06-02 15:30:00,5.4787437042524605,5.6431060153800345
TX_1,2012-06-02 16:00:00,5.733107190405537,5.905100406117703
TX_1,2012-06-02 16:30:00,4.06416214330563,4.186087007604799
TX_1,2012-06-02 17:00:00,4.2652251693273495,4.39318192440717
TX_1,2012-06-02 17:30:00,5.97641916093876,6.155711735766923
TX_1,2012-06-02 18:00:00,6.201731192712917,6.387783128494305
TX_1,2012-06-02 18:30:00,4.995819232523038,5.145693809498729
TX_1,2012-06-02 19:00:00,6.865105101657665,7.0710582547073955
TX_1,2012-06-02 19:30:00,4.73047711365415,4.872391427063774
TX_1,2012-06-02 20:00:00,4.700407825016903,4.84142005976741
TX_1,2012-06-02 20:30:00,4.878903114987046,5.025270208436657
TX_1,2012-06-02 21:00:00,4.879931280815941,5.026329219240419
TX_1,2012-06-02 21:30:00,4.667294154912455,4.807312979559829
TX_1,2012-06-02 22:00:00,3.698506219553538,3.8094614061401444
TX_1,2012-06-02 22:30:00,4.463333236781104,4.597233233884537
TX_1,2012-06-02 23:00:00,4.288969324733265,4.417638404475263
TX_1,2012-06-02 23:30:00,3.239032925147826,3.3362039129022607
TX_1,2012-06-03 00:00:00,2.73990555951815,2.8221027263036946
TX_1,2012-06-03 00:30:00,2.8863894830530716,2.972981167544664
TX_1,2012-06-03 01:00:00,2.4953979550719163,2.570259893724074
TX_1,2012-06-03 01:30:00,2.3593393528393105,2.43011953342449
TX_1,2012-06-03 02:00:00,2.3072661393686187,2.376484123549677
TX_1,2012-06-03 02:30:00,2.774391134976021,2.8576228690253016
TX_1,2012-06-03 03:00:00,2.5215397817762297,2.5971859752295168
TX_1,2012-06-03 03:30:00,2.132847444859371,2.1968328682051523
TX_1,2012-06-03 04:00:00,2.2578115368385987,2.3255458829437567
TX_1,2012-06-03 04:30:00,1.9822890555115578,2.0417577271769045
TX_1,2012-06-03 05:00:00,2.2944268272283623,2.3632596320452133
TX_1,2012-06-03 05:30:00,3.3992328630510458,3.5012098489425774
TX_1,2012-06-03 06:00:00,3.311559535762582,3.41090632183546
TX_1,2012-06-03 06:30:00,3.2058368463650084,3.3020119517559587
TX_1,2012-06-03 07:00:00,4.273415343942706,4.4016178042609875
TX_1,2012-06-03 07:30:00,5.335013497688202,5.495063902618848
TX_1,2012-06-03 08:00:00,5.459214530014912,5.62299096591536
TX_1,2012-06-03 08:30:00,4.112974800102907,4.236364044105994
TX_1,2012-06-03 09:00:00,4.25910307659779,4.386876168895724
TX_1,2012-06-03 09:30:00,5.111603773143431,5.264951886337734
TX_1,2012-06-03 10:00:00,5.25273215724774,5.410314121965173
TX_1,2012-06-03 10:30:00,4.407865099780406,4.540101052773819
TX_1,2012-06-03 11:00:00,4.9704534571056325,5.1195670608188015
TX_1,2012-06-03 11:30:00,4.123023614331714,4.246714322761666
TX_1,2012-06-03 12:00:00,4.234385441648465,4.361417004897919
TX_1,2012-06-03 12:30:00,4.338531107266685,4.468687040484686
TX_1,2012-06-03 13:00:00,4.246188221293983,4.3735738679328025
TX_1,2012-06-03 13:30:00,4.306611722094843,4.435810073757688
TX_1,2012-06-03 14:00:00,3.8346028975660422,3.9496409844930236
TX_1,2012-06-03 14:30:00,5.167321498818666,5.322341143783226
TX_1,2012-06-03 15:00:00,4.7067314117211145,4.847933354072748
TX_1,2012-06-03 15:30:00,5.136949115753414,5.291057589226017
TX_1,2012-06-03 16:00:00,6.003914287057188,6.184031715668904
TX_1,2012-06-03 16:30:00,6.501834612948364,6.696889651336815
TX_1,2012-06-03 17:00:00,5.496973005220547,5.661882195377164
TX_1,2012-06-03 17:30:00,12.35294843427588,12.723536887304157
TX_1,2012-06-03 18:00:00,8.91961629902636,9.187204787997151
TX_1,2012-06-03 18:30:00,9.364312858154662,9.645242243899302
TX_1,2012-06-03 19:00:00,8.07374430905741,8.315956638329133
TX_1,2012-06-03 19:30:00,6.651405496143851,6.850947661028167
TX_1,2012-06-03 20:00:00,7.16074753418325,7.375569960208748
TX_1,2012-06-03 20:30:00,4.79669540365814,4.940596265767884
TX_1,2012-06-03 21:00:00,6.368388889656279,6.559440556345967
TX_1,2012-06-03 21:30:00,5.578338784098861,5.745688947621827
TX_1,2012-06-03 22:00:00,4.223413001931307,4.350115391989247
TX_1,2012-06-03 22:30:00,4.008158337266072,4.128403087384054
TX_1,2012-06-03 23:00:00,3.4169616806115926,3.5194705310299406
TX_1,2012-06-03 23:30:00,2.9835924941789163,3.073100269004284
TX_1,2012-06-04 00:00:00,3.2814665922180732,3.3799105899846156
TX_1,2012-06-04 00:30:00,3.429555264392678,3.5324419223244585
TX_1,2012-06-04 01:00:00,2.471860335609379,2.5460161456776604
TX_1,2012-06-04 01:30:00,2.5074460867729798,2.582669469376169
TX_1,2012-06-04 02:00:00,3.0778034346010816,3.170137537639114
TX_1,2012-06-04 02:30:00,3.4605487095039686,3.5643651707890878
TX_1,2012-06-04 03:00:00,3.478273573629059,3.582621780837931
TX_1,2012-06-04 03:30:00,3.001260554333181,3.0912983709631763
TX_1,2012-06-04 04:00:00,2.080642977624884,2.1430622669536303
TX_1,2012-06-04 04:30:00,2.295595354585666,2.3644632152232363
TX_1,2012-06-04 05:00:00,1.9480171622763611,2.006457677144652
TX_1,2012-06-04 05:30:00,2.3133362308066645,2.3827363177308647
TX_1,2012-06-04 06:00:00,1.9600376289114307,2.0188387577787736
TX_1,2012-06-04 06:30:00,2.591156790639603,2.668891494358791
TX_1,2012-06-04 07:00:00,2.89983546488759,2.986830528834218
TX_1,2012-06-04 07:30:00,4.218510723847166,4.345066045562581
TX_1,2012-06-04 08:00:00,3.859408069498949,3.975190311583918
TX_1,2012-06-04 08:30:00,4.745238433717225,4.887595586728742
TX_1,2012-06-04 09:00:00,6.154150709845462,6.338775231140826
TX_1,2012-06-04 09:30:00,6.662065183824337,6.861927139339067
TX_1,2012-06-04 10:00:00,5.36937215622795,5.530453320914789
TX_1,2012-06-04 10:30:00,4.5602745526686945,4.697082789248755
TX_1,2012-06-04 11:00:00,5.503800300343476,5.668914309353781
TX_1,2012-06-04 11:30:00,4.699778952191682,4.8407723207574325
TX_1,2012-06-04 12:00:00,4.660163562719029,4.799968469600601
TX_1,2012-06-04 12:30:00,7.04766184240293,7.259091697675018
TX_1,2012-06-04 13:00:00,9.103438281672096,9.37654143012226
TX_1,2012-06-04 13:30:00,9.34554569403074,9.625912064851663
TX_1,2012-06-04 14:00:00,8.626278067294553,8.88506640931339
TX_1,2012-06-04 14:30:00,6.03045703947617,6.211370750660455
TX_1,2012-06-04 15:00:00,5.14442370100794,5.298756412038179
TX_1,2012-06-04 15:30:00,4.117482181820407,4.241006647275019
TX_1,2012-06-04 16:00:00,5.188480658449668,5.344135078203158
TX_1,2012-06-04 16:30:00,4.4115915448391805,4.543939291184356
TX_1,2012-06-04 17:00:00,4.8148543576935605,4.959299988424368
TX_1,2012-06-04 17:30:00,4.905194758599619,5.052350601357608
TX_1,2012-06-04 18:00:00,7.199919715063459,7.415917306515363
TX_1,2012-06-04 18:30:00,6.193330054767517,6.379129956410543
TX_1,2012-06-04 19:00:00,5.842970969478045,6.018260098562386
TX_1,2012-06-04 19:30:00,4.8192689042170915,4.963846971343604
TX_1,2012-06-04 20:00:00,5.2657148588959375,5.423686304662816
TX_1,2012-06-04 20:30:00,4.811829403976318,4.956184286095607
TX_1,2012-06-04 21:00:00,6.028271239621449,6.209119376810093
TX_1,2012-06-04 21:30:00,5.388645202520048,5.550304558595649
TX_1,2012-06-04 22:00:00,5.5897692288087155,5.757462305672977
TX_1,2012-06-04 22:30:00,5.74151157220566,5.91375691937183
TX_1,2012-06-04 23:00:00,3.90096289743334,4.01799178435634
TX_1,2012-06-04 23:30:00,3.4021423607731602,3.504206631596355
TX_1,2012-06-05 00:00:00,2.974082599780333,3.063305077773743
TX_1,2012-06-05 00:30:00,2.625735898188332,2.704507975133982
TX_1,2012-06-05 01:00:00,2.264255817190066,2.332183491705768
TX_1,2012-06-05 01:30:00,3.800226940593022,3.9142337488108128
TX_1,2012-06-05 02:00:00,2.8449917673240623,2.9303415203437844
TX_1,2012-06-05 02:30:00,2.8477942952454494,2.933228124102813
TX_1,2012-06-05 03:00:00,3.282447066851996,3.380920478857556
TX_1,2012-06-05 03:30:00,2.485816637210696,2.560391136327017
TX_1,2012-06-05 04:00:00,2.338622908234464,2.408781595481498
TX_1,2012-06-05 04:30:00,3.5634289064176183,3.670331773610147
TX_1,2012-06-05 05:00:00,4.0786501571159475,4.201009661829426
TX_1,2012-06-05 05:30:00,2.685285471306414,2.7658440354456064
TX_1,2012-06-05 06:00:00,2.8571694239713206,2.94288450669046
TX_1,2012-06-05 06:30:00,2.9935889673458895,3.0833966363662664
TX_1,2012-06-05 07:00:00,2.815360899729548,2.8998217267214343
TX_1,2012-06-05 07:30:00,2.915686721744856,3.0031573233972018
TX_1,2012-06-05 08:00:00,4.738840568459987,4.881005785513787
TX_1,2012-06-05 08:30:00,6.914044437640328,7.121465770769538
TX_1,2012-06-05 09:00:00,5.279807658582931,5.438201888340419
TX_1,2012-06-05 09:30:00,5.858651594707243,6.03441114254846
TX_1,2012-06-05 10:00:00,5.9251198704471415,6.102873466560556
TX_1,2012-06-05 10:30:00,4.717493259817615,4.859018057612143
TX_1,2012-06-05 11:00:00,5.789391923290595,5.9630736809893135
TX_1,2012-06-05 11:30:00,6.286344939525684,6.474935287711454
TX_1,2012-06-05 12:00:00,5.829577710684987,6.0044650420055365
TX_1,2012-06-05 12:30:00,6.679065804048241,6.879437778169688
TX_1,2012-06-05 13:00:00,6.272952915451502,6.461141502915048
TX_1,2012-06-05 13:30:00,7.849774210505244,8.085267436820402
TX_1,2012-06-05 14:00:00,5.197653857448666,5.353583473172126
TX_1,2012-06-05 14:30:00,5.672454836030604,5.8426284811115226
TX_1,2012-06-05 15:00:00,5.4505745000111,5.614091735011433
TX_1,2012-06-05 15:30:00,3.301357529355422,3.4003982552360847
TX_1,2012-06-05 16:00:00,3.7228677959848153,3.83455382986436
TX_1,2012-06-05 16:30:00,4.6486019479971645,4.78806000643708
TX_1,2012-06-05 17:00:00,5.672153922273213,5.8423185399414095
TX_1,2012-06-05 17:30:00,5.171199924019467,5.326335921740051
TX_1,2012-06-05 18:00:00,5.288799512702349,5.44746349808342
TX_1,2012-06-05 18:30:00,7.203223925050873,7.419320642802399
TX_1,2012-06-05 19:00:00,8.260414725648953,8.508227167418422
TX_1,2012-06-05 19:30:00,5.978059150380229,6.157400924891636
TX_1,2012-06-05 20:00:00,6.2813169024499365,6.469756409523435
TX_1,2012-06-05 20:30:00,6.241005595723011,6.428235763594701
TX_1,2012-06-05 21:00:00,6.034660386589936,6.215700198187634
TX_1,2012-06-05 21:30:00,5.706611840572095,5.877810195789258
TX_1,2012-06-05 22:00:00,5.002950783772131,5.153039307285295
TX_1,2012-06-05 22:30:00,3.9299015724073105,4.04779861957953
TX_1,2012-06-05 23:00:00,3.9777940678209753,4.097127889855605
TX_1,2012-06-05 23:30:00,2.757183132741848,2.8398986267241035
TX_1,2012-06-06 00:00:00,3.442349599165859,3.5456200871408345
TX_1,2012-06-06 00:30:00,2.6710499008683524,2.751181397894403
TX_1,2012-06-06 01:00:00,3.2214513566173113,3.318094897315831
TX_1,2012-06-06 01:30:00,2.9505405920028602,3.039056809762946
TX_1,2012-06-06 02:00:00,2.625291072382407,2.7040498045538794
TX_1,2012-06-06 02:30:00,3.656957999219339,3.7666667391959194
TX_1,2012-06-06 03:00:00,2.966225289605855,3.0552120482940306
TX_1,2012-06-06 03:30:00,2.3629575742853364,2.4338463015138965
TX_1,2012-06-06 04:00:00,3.3214363246762497,3.4210794144165373
TX_1,2012-06-06 04:30:00,2.2462700311300727,2.313658132063975
TX_1,2012-06-06 05:00:00,2.3029784365021704,2.3720677895972355
TX_1,2012-06-06 05:30:00,3.8578979264613142,3.9736348642551538
TX_1,2012-06-06 06:00:00,3.114682138322374,3.2081226024720455
TX_1,2012-06-06 06:30:00,3.4367529157240777,3.5398555031958003
TX_1,2012-06-06 07:00:00,5.762171269619202,5.935036407707778
TX_1,2012-06-06 07:30:00,5.829245634493617,6.004123003528425
TX_1,2012-06-06 08:00:00,5.9838237549529385,6.163338467601527
TX_1,2012-06-06 08:30:00,7.189116770337265,7.404790273447383
TX_1,2012-06-06 09:00:00,5.188278516571288,5.343926872068427
TX_1,2012-06-06 09:30:00,4.91079143516657,5.058115178221567
TX_1,2012-06-06 10:00:00,5.863286827818107,6.03918543265265
TX_1,2012-06-06 10:30:00,5.42553173154592,5.588297683492298
TX_1,2012-06-06 11:00:00,3.050633806481685,3.1421528206761353
TX_1,2012-06-06 11:30:00,3.6447946153759285,3.7541384538372067
TX_1,2012-06-06 12:00:00,4.366362703540992,4.497353584647222
TX_1,2012-06-06 12:30:00,3.2933823902137545,3.392183861920167
TX_1,2012-06-06 13:00:00,4.644054292370825,4.78337592114195
TX_1,2012-06-06 13:30:00,5.243470842060724,5.400774967322546
TX_1,2012-06-06 14:00:00,5.061364317427845,5.213205246950681
TX_1,2012-06-06 14:30:00,3.868315994960494,3.9843654748093087
TX_1,2012-06-06 15:00:00,10.088783621014642,10.391447129645082
TX_1,2012-06-06 15:30:00,7.345393172519217,7.565754967694794
TX_1,2012-06-06 16:00:00,5.834483026386812,6.009517517178417
TX_1,2012-06-06 16:30:00,7.00408587073353,7.214208446855536
TX_1,2012-06-06 17:00:00,7.156590042943041,7.371287744231332
TX_1,2012-06-06 17:30:00,4.86965478643451,5.015744430027546
TX_1,2012-06-06 18:00:00,4.334004197379277,4.464024323300655
TX_1,2012-06-06 18:30:00,4.367511310619015,4.498536649937586
TX_1,2012-06-06 19:00:00,5.556575017020522,5.723272267531138
TX_1,2012-06-06 19:30:00,6.863456353301716,7.069360043900768
TX_1,2012-06-06 20:00:00,9.50295265437327,9.788041234004469
TX_1,2012-06-06 20:30:00,6.9684430524033925,7.177496343975495
TX_1,2012-06-06 21:00:00,7.071793548630318,7.283947355089228
TX_1,2012-06-06 21:30:00,8.148521942271746,8.392977600539899
TX_1,2012-06-06 22:00:00,6.035359886204784,6.216420682790927
TX_1,2012-06-06 22:30:00,4.557450992126501,4.694174521890297
TX_1,2012-06-06 23:00:00,3.553750525047976,3.6603630407994157
TX_1,2012-06-06 23:30:00,3.330038322297605,3.4299394719665335
TX_1,2012-06-07 00:00:00,3.053540456288395,3.1451466699770467
TX_1,2012-06-07 00:30:00,3.8530003531384422,3.9685903637325954
TX_1,2012-06-07 01:00:00,2.88113449801012,2.9675685329504238
TX_1,2012-06-07 01:30:00,2.885277334190806,2.9718356542165303
TX_1,2012-06-07 02:00:00,2.6625509152791307,2.7424274427375046
TX_1,2012-06-07 02:30:00,2.7247041615129164,2.806445286358304
TX_1,2012-06-07 03:00:00,2.8351012634225423,2.9201543013252187
TX_1,2012-06-07 03:30:00,2.1997769859110945,2.2657702954884273
TX_1,2012-06-07 04:00:00,2.383235312198026,2.454732371563967
TX_1,2012-06-07 04:30:00,3.479201514104493,3.583577559527628
TX_1,2012-06-07 05:00:00,3.398740738559145,3.5007029607159197
TX_1,2012-06-07 05:30:00,3.855955899447187,3.971634576430603
TX_1,2012-06-07 06:00:00,2.842997741246929,2.9282876734843373
TX_1,2012-06-07 06:30:00,3.019862412513566,3.110458284888973
TX_1,2012-06-07 07:00:00,3.9798427099805087,4.099237991279924
TX_1,2012-06-07 07:30:00,4.865032755255178,5.0109837379128335
TX_1,2012-06-07 08:00:00,5.940548688254893,6.11876514890254
TX_1,2012-06-07 08:30:00,4.56089906981526,4.697726041909718
TX_1,2012-06-07 09:00:00,4.95581412795247,5.104488551791045
TX_1,2012-06-07 09:30:00,4.335901657709618,4.4659787074409065
TX_1,2012-06-07 10:00:00,3.8430380177725985,3.9583291583057765
TX_1,2012-06-07 10:30:00,5.764015817503346,5.936936292028446
TX_1,2012-06-07 11:00:00,3.9805479358155895,4.0999643738900575
TX_1,2012-06-07 11:30:00,3.301343016368946,3.4003833068600144
TX_1,2012-06-07 12:00:00,2.8141613016444746,2.898586140693809
TX_1,2012-06-07 12:30:00,3.0775293373882895,3.169855217509938
TX_1,2012-06-07 13:00:00,3.3741598483746156,3.475384643825854
TX_1,2012-06-07 13:30:00,5.062547898021754,5.214424334962407
TX_1,2012-06-07 14:00:00,3.375197410017984,3.4764533323185236
TX_1,2012-06-07 14:30:00,5.23970276831555,5.396893851365017
TX_1,2012-06-07 15:00:00,7.200134643421585,7.416138682724233
TX_1,2012-06-07 15:30:00,9.50199729266473,9.78705721144467
TX_1,2012-06-07 16:00:00,7.800211646320255,8.034217995709863
TX_1,2012-06-07 16:30:00,9.141490137006876,9.415734841117082
TX_1,2012-06-07 17:00:00,5.953094777318911,6.131687620638478
TX_1,2012-06-07 17:30:00,6.15222049933868,6.336787114318841
TX_1,2012-06-07 18:00:00,5.406960606297115,5.569169424486029
TX_1,2012-06-07 18:30:00,6.020325967703929,6.200935746735047
TX_1,2012-06-07 19:00:00,6.762102593358147,6.964965671158891
TX_1,2012-06-07 19:30:00,9.902675995001438,10.199756274851481
TX_1,2012-06-07 20:00:00,9.065768577326669,9.337741634646468
TX_1,2012-06-07 20:30:00,6.470245441717429,6.664352804968952
TX_1,2012-06-07 21:00:00,5.664148137432441,5.834072581555414
TX_1,2012-06-07 21:30:00,5.261813404715877,5.419667806857353
TX_1,2012-06-07 22:00:00,4.321909060151003,4.451566331955533
TX_1,2012-06-07 22:30:00,4.6075542261761315,4.745780852961415
TX_1,2012-06-07 23:00:00,3.643501516037135,3.752806561518249
TX_1,2012-06-07 23:30:00,3.32189058319047,3.4215473006861843
TX_1,2012-06-08 00:00:00,2.712778399108966,2.794161751082235
TX_1,2012-06-08 00:30:00,2.6875062298832924,2.768131416779791
TX_1,2012-06-08 01:00:00,2.3012024140051945,2.3702384864253503
TX_1,2012-06-08 01:30:00,2.8989566187017197,2.9859253172627716
TX_1,2012-06-08 02:00:00,2.2326796336845356,2.299660022695072
TX_1,2012-06-08 02:30:00,2.804594576819214,2.8887324141237904
TX_1,2012-06-08 03:00:00,2.3323016668118743,2.4022707168162305
TX_1,2012-06-08 03:30:00,2.00791345799081,2.068150861730534
TX_1,2012-06-08 04:00:00,2.1219930060874743,2.1856527962700985
TX_1,2012-06-08 04:30:00,4.358161033874823,4.488905864891068
TX_1,2012-06-08 05:00:00,3.491937683253539,3.5966958137511456
TX_1,2012-06-08 05:30:00,3.362290038415047,3.4631587395674983
TX_1,2012-06-08 06:00:00,2.706435174397658,2.787628229629588
TX_1,2012-06-08 06:30:00,2.8496406925257993,2.9351299133015734
TX_1,2012-06-08 07:00:00,3.2530297226058047,3.350620614283979
TX_1,2012-06-08 07:30:00,6.226733652044849,6.413535661606194
TX_1,2012-06-08 08:00:00,4.207955876426413,4.334194552719206
TX_1,2012-06-08 08:30:00,4.001622146244706,4.121670810632048
TX_1,2012-06-08 09:00:00,5.586247851634131,5.753835287183155
TX_1,2012-06-08 09:30:00,6.960685870100653,7.169506446203672
TX_1,2012-06-08 10:00:00,5.475077293320437,5.639329612120051
TX_1,2012-06-08 10:30:00,4.114018436155185,4.23743898923984
TX_1,2012-06-08 11:00:00,3.3503881638555075,3.450899808771173
TX_1,2012-06-08 11:30:00,3.266297523950238,3.3642864496687452
TX_1,2012-06-08 12:00:00,3.384943799622536,3.486492113611212
TX_1,2012-06-08 12:30:00,4.537600833438801,4.673728858441965
TX_1,2012-06-08 13:00:00,5.156090700817098,5.310773421841612
TX_1,2012-06-08 13:30:00,6.365423137651818,6.556385831781372
TX_1,2012-06-08 14:00:00,6.2286977093957665,6.41555864067764
TX_1,2012-06-08 14:30:00,4.806802760639306,4.951006843458485
TX_1,2012-06-08 15:00:00,4.344412444866453,4.4747448182124465
TX_1,2012-06-08 15:30:00,4.335423843236745,4.465486558533847
TX_1,2012-06-08 16:00:00,7.242769857681455,7.460052953411899
TX_1,2012-06-08 16:30:00,7.659363377796485,7.889144279130379
TX_1,2012-06-08 17:00:00,4.521173744819812,4.656808957164406
TX_1,2012-06-08 17:30:00,6.001581643288813,6.181629092587477
TX_1,2012-06-08 18:00:00,7.185814421611803,7.401388854260158
TX_1,2012-06-08 18:30:00,6.371784115723604,6.5629376391953125
TX_1,2012-06-08 19:00:00,6.331913740894988,6.521871153121838
TX_1,2012-06-08 19:30:00,5.4555843783043825,5.6192519096535145
TX_1,2012-06-08 20:00:00,4.62692411600046,4.765731839480473
TX_1,2012-06-08 20:30:00,5.080031862599819,5.232432818477814
TX_1,2012-06-08 21:00:00,5.656510192771034,5.826205498554165
TX_1,2012-06-08 21:30:00,7.357656255349466,7.578385943009951
TX_1,2012-06-08 22:00:00,4.6476064868156675,4.787034681420137
TX_1,2012-06-08 22:30:00,4.299833887116115,4.428828903729599
TX_1,2012-06-08 23:00:00,4.705962161963573,4.84714102682248
TX_1,2012-06-08 23:30:00,3.0379205715123887,3.1290581886577606
TX_1,2012-06-09 00:00:00,3.534274163706609,3.6403023886178074
TX_1,2012-06-09 00:30:00,3.5481548460546297,3.6545994914362687
TX_1,2012-06-09 01:00:00,2.4466545723513287,2.5200542095218688
TX_1,2012-06-09 01:30:00,2.3657020881017043,2.4366731507447557
TX_1,2012-06-09 02:00:00,2.895565599913503,2.982432567910908
TX_1,2012-06-09 02:30:00,2.6606592197103422,2.7404789963016527
TX_1,2012-06-09 03:00:00,2.85272377290967,2.93830548609696
TX_1,2012-06-09 03:30:00,2.3448924996255407,2.415239274614307
TX_1,2012-06-09 04:00:00,2.1442563714162195,2.2085840625587063
TX_1,2012-06-09 04:30:00,3.357527780447313,3.4582536138607325
TX_1,2012-06-09 05:00:00,3.244435835743439,3.3417689108157425
TX_1,2012-06-09 05:30:00,2.4531553404524926,2.5267500006660675
TX_1,2012-06-09 06:00:00,2.7154818006884094,2.7969462547090616
TX_1,2012-06-09 06:30:00,3.3776702047522282,3.4790003108947953
TX_1,2012-06-09 07:00:00,4.111784536186997,4.2351380722726075
TX_1,2012-06-09 07:30:00,4.2356331525834205,4.362702147160923
TX_1,2012-06-09 08:00:00,6.454658459969563,6.64829821376865
TX_1,2012-06-09 08:30:00,4.887789862749966,5.034423558632465
TX_1,2012-06-09 09:00:00,6.3257321141747,6.5155040775999415
TX_1,2012-06-09 09:30:00,4.156975321108011,4.281684580741252
TX_1,2012-06-09 10:00:00,7.3334731702283635,7.5534773653352145
TX_1,2012-06-09 10:30:00,4.934801692501829,5.082845743276884
TX_1,2012-06-09 11:00:00,4.404236655800488,4.536363755474502
TX_1,2012-06-09 11:30:00,3.8379467622856485,3.953085165154218
TX_1,2012-06-09 12:00:00,4.095658628905259,4.218528387772417
TX_1,2012-06-09 12:30:00,5.394445817668228,5.556279192198275
TX_1,2012-06-09 13:00:00,4.805330263150391,4.949490171044903
TX_1,2012-06-09 13:30:00,4.8782885971742465,5.024637255089474
TX_1,2012-06-09 14:00:00,4.276645210042632,4.404944566343912
TX_1,2012-06-09 14:30:00,4.0178700359841235,4.138406137063647
TX_1,2012-06-09 15:00:00,4.6160578384445845,4.754539573597922
TX_1,2012-06-09 15:30:00,5.347001568953427,5.50741161602203
TX_1,2012-06-09 16:00:00,9.371877708106902,9.65303403935011
TX_1,2012-06-09 16:30:00,8.322375233779809,8.572046490793204
TX_1,2012-06-09 17:00:00,8.24323042378282,8.490527336496305
TX_1,2012-06-09 17:30:00,9.408325693822077,9.690575464636739
TX_1,2012-06-09 18:00:00,7.785904080562035,8.019481202978897
TX_1,2012-06-09 18:30:00,5.773039802226535,5.946230996293331
TX_1,2012-06-09 19:00:00,5.142183563633007,5.296449070541997
TX_1,2012-06-09 19:30:00,7.100302290824718,7.31331135954946
TX_1,2012-06-09 20:00:00,6.466027046684452,6.660007858084986
TX_1,2012-06-09 20:30:00,5.580241448468104,5.747648691922148
TX_1,2012-06-09 21:00:00,7.084527566271567,7.297063393259714
TX_1,2012-06-09 21:30:00,5.1136617073626365,5.267071558583516
TX_1,2012-06-09 22:00:00,5.165058974079052,5.320010743301424
TX_1,2012-06-09 22:30:00,5.607839728261766,5.776074920109619
TX_1,2012-06-09 23:00:00,4.828194703443499,4.973040544546804
TX_1,2012-06-09 23:30:00,4.46162919748883,4.595478073413495
TX_1,2012-06-10 00:00:00,4.443478189151857,4.576782534826412
TX_1,2012-06-10 00:30:00,3.3392539091985642,3.439431526474521
TX_1,2012-06-10 01:00:00,2.2686062334052037,2.33666442040736
TX_1,2012-06-10 01:30:00,2.777492884519135,2.860817671054709
TX_1,2012-06-10 02:00:00,2.00304111056583,2.063132343882805
TX_1,2012-06-10 02:30:00,2.9643576301768486,3.053288359082154
TX_1,2012-06-10 03:00:00,2.2160004179622406,2.2824804305011077
TX_1,2012-06-10 03:30:00,2.4822154582814457,2.556681922029889
TX_1,2012-06-10 04:00:00,2.678949398542761,2.7593178804990437
TX_1,2012-06-10 04:30:00,3.5158987105873454,3.621375671904966
TX_1,2012-06-10 05:00:00,2.8719580029828977,2.958116743072385
TX_1,2012-06-10 05:30:00,2.982254852333193,3.071722497903189
TX_1,2012-06-10 06:00:00,2.7153640794923564,2.796825001877127
TX_1,2012-06-10 06:30:00,4.066854873461547,4.188860519665393
TX_1,2012-06-10 07:00:00,3.96656941498826,4.085566497437908
TX_1,2012-06-10 07:30:00,4.051930736227524,4.17348865831435
TX_1,2012-06-10 08:00:00,4.8854082288468925,5.031970475712299
TX_1,2012-06-10 08:30:00,3.950142571498311,4.068646848643261
TX_1,2012-06-10 09:00:00,4.480970529161632,4.615399645036481
TX_1,2012-06-10 09:30:00,4.870098324656264,5.016201274395952
TX_1,2012-06-10 10:00:00,5.08431734871406,5.236846869175482
TX_1,2012-06-10 10:30:00,5.192780610551816,5.3485640288683705
TX_1,2012-06-10 11:00:00,4.2095578740792154,4.335844610301592
TX_1,2012-06-10 11:30:00,5.298524868672079,5.457480614732241
TX_1,2012-06-10 12:00:00,5.358048267370061,5.518789715391163
TX_1,2012-06-10 12:30:00,4.261308253706368,4.3891475013175585
TX_1,2012-06-10 13:00:00,6.62471553058939,6.823456996507073
TX_1,2012-06-10 13:30:00,9.595453231444951,9.8833168283883
TX_1,2012-06-10 14:00:00,6.171999161199775,6.357159136035769
TX_1,2012-06-10 14:30:00,4.949202567962158,5.0976786450010225
TX_1,2012-06-10 15:00:00,4.13481959745472,4.2588641853783615
TX_1,2012-06-10 15:30:00,4.804699793992597,4.948840787812375
TX_1,2012-06-10 16:00:00,5.770345097490601,5.943455450415319
TX_1,2012-06-10 16:30:00,4.889295148478314,5.035974002932663
TX_1,2012-06-10 17:00:00,5.987679914929096,6.167310312376969
TX_1,2012-06-10 17:30:00,7.279142853105702,7.497517138698873
TX_1,2012-06-10 18:00:00,6.82909579734857,7.033968671269028
TX_1,2012-06-10 18:30:00,8.846726338892605,9.112128129059384
TX_1,2012-06-10 19:00:00,5.761790006622057,5.934643706820719
TX_1,2012-06-10 19:30:00,5.80429362406035,5.978422432782161
TX_1,2012-06-10 20:00:00,7.366209074275096,7.587195346503349
TX_1,2012-06-10 20:30:00,7.7237269001576445,7.955438707162374
TX_1,2012-06-10 21:00:00,7.931399517312695,8.169341502832076
TX_1,2012-06-10 21:30:00,6.878559531205502,7.084916317141667
TX_1,2012-06-10 22:00:00,5.525979628358982,5.691759017209752
TX_1,2012-06-10 22:30:00,5.752138073620192,5.924702215828798
TX_1,2012-06-10 23:00:00,5.059558373795406,5.211345125009268
TX_1,2012-06-10 23:30:00,5.396945856567041,5.558854232264053
TX_1,2012-06-11 00:00:00,3.8369203850008655,3.9520279965508918
TX_1,2012-06-11 00:30:00,3.653386261917921,3.7629878497754587
TX_1,2012-06-11 01:00:00,2.6991322725509654,2.7801062407274943
TX_1,2012-06-11 01:30:00,3.37411774125212,3.475341273489684
TX_1,2012-06-11 02:00:00,2.5672735807094083,2.6442917881306904
TX_1,2012-06-11 02:30:00,3.0144360212920756,3.104869101930838
TX_1,2012-06-11 03:00:00,2.7011182473490276,2.7821517947694985
TX_1,2012-06-11 03:30:00,2.0996653814348316,2.1626553428778768
TX_1,2012-06-11 04:00:00,2.1838672233647305,2.2493832400656726
TX_1,2012-06-11 04:30:00,4.267166448495085,4.395181441949938
TX_1,2012-06-11 05:00:00,2.812023732615218,2.8963844445936746
TX_1,2012-06-11 05:30:00,2.9629269882902554,3.051814797938963
TX_1,2012-06-11 06:00:00,4.675409369173659,4.815671650248869
TX_1,2012-06-11 06:30:00,4.819461774310091,4.964045627539394
TX_1,2012-06-11 07:00:00,4.791078053511555,4.934810395116902
TX_1,2012-06-11 07:30:00,6.181629343398363,6.3670782237003145
TX_1,2012-06-11 08:00:00,5.686642681696321,5.85724196214721
TX_1,2012-06-11 08:30:00,5.461239802801939,5.625076996885997
TX_1,2012-06-11 09:00:00,6.342592108121094,6.532869871364727
TX_1,2012-06-11 09:30:00,6.072477696436753,6.254652027329856
TX_1,2012-06-11 10:00:00,8.74923927110056,9.011716449233576
TX_1,2012-06-11 10:30:00,8.04057491840645,8.281792165958645
TX_1,2012-06-11 11:00:00,7.76453607803943,7.997472160380613
TX_1,2012-06-11 11:30:00,5.870811657401643,6.046936007123692
TX_1,2012-06-11 12:00:00,5.757713809919969,5.930445224217569
TX_1,2012-06-11 12:30:00,4.891037446274841,5.037768569663086
TX_1,2012-06-11 13:00:00,8.158526464510373,8.403282258445685
TX_1,2012-06-11 13:30:00,8.122482738067962,8.36615722021
TX_1,2012-06-11 14:00:00,5.714746234085648,5.886188621108217
TX_1,2012-06-11 14:30:00,5.245968395016427,5.4033474468669205
TX_1,2012-06-11 15:00:00,7.196835563762248,7.412740630675115
TX_1,2012-06-11 15:30:00,7.982713512427737,8.22219491780057
TX_1,2012-06-11 16:00:00,6.267190147678821,6.455205852109186
TX_1,2012-06-11 16:30:00,8.538053466729085,8.794195070730957
TX_1,2012-06-11 17:00:00,7.616089828781641,7.84457252364509
TX_1,2012-06-11 17:30:00,7.919949976462506,8.157548475756382
TX_1,2012-06-11 18:00:00,6.960969599175004,7.169798687150254
TX_1,2012-06-11 18:30:00,6.729800981979026,6.931695011438397
TX_1,2012-06-11 19:00:00,8.85122862919378,9.116765488069595
TX_1,2012-06-11 19:30:00,8.950167383928697,9.218672405446558
TX_1,2012-06-11 20:00:00,8.782283606977854,9.04575211518719
TX_1,2012-06-11 20:30:00,7.448729840607036,7.672191735825247
TX_1,2012-06-11 21:00:00,6.960915703410915,7.1697431745132425
TX_1,2012-06-11 21:30:00,5.85190623832457,6.027463425474307
TX_1,2012-06-11 22:00:00,5.105077633056526,5.258229962048222
TX_1,2012-06-11 22:30:00,5.718329328655434,5.889879208515097
TX_1,2012-06-11 23:00:00,7.190831964583417,7.406556923520919
TX_1,2012-06-11 23:30:00,3.8740242587654397,3.990244986528403
TX_1,2012-06-12 00:00:00,3.649206883915709,3.7586830904331805
TX_1,2012-06-12 00:30:00,3.4671246267449716,3.571138365547321
TX_1,2012-06-12 01:00:00,3.2596937931661842,3.3574846069611697
TX_1,2012-06-12 01:30:00,4.011922151251408,4.132279815788951
TX_1,2012-06-12 02:00:00,3.4119357918510844,3.514293865606617
TX_1,2012-06-12 02:30:00,3.848162347607909,3.9636072180361466
TX_1,2012-06-12 03:00:00,3.693465002041392,3.804268952102634
TX_1,2012-06-12 03:30:00,3.2127394788170998,3.309121663181613
TX_1,2012-06-12 04:00:00,3.3917157399006967,3.493467212097718
TX_1,2012-06-12 04:30:00,5.476859212086607,5.641164988449206
TX_1,2012-06-12 05:00:00,4.9176605774418265,5.065190394765081
TX_1,2012-06-12 05:30:00,5.31503852587385,5.474489681650065
TX_1,2012-06-12 06:00:00,5.329688242980681,5.489578890270101
TX_1,2012-06-12 06:30:00,5.587557252692167,5.755183970272932
TX_1,2012-06-12 07:00:00,5.92845633359897,6.10631002360694
TX_1,2012-06-12 07:30:00,6.226255316392244,6.413042975884012
TX_1,2012-06-12 08:00:00,4.400971954849586,4.533001113495074
TX_1,2012-06-12 08:30:00,3.953149830821436,4.071744325746079
TX_1,2012-06-12 09:00:00,2.993198613206591,3.0829945716027884
TX_1,2012-06-12 09:30:00,4.022221502226006,4.142888147292786
TX_1,2012-06-12 10:00:00,3.6830210271134285,3.7935116579268313
TX_1,2012-06-12 10:30:00,3.578540475212753,3.6858966894691356
TX_1,2012-06-12 11:00:00,3.5158439839777262,3.6213193034970583
TX_1,2012-06-12 11:30:00,3.358639931826754,3.459399129781557
TX_1,2012-06-12 12:00:00,3.8667862039310896,3.9827897900490226
TX_1,2012-06-12 12:30:00,3.819495178742842,3.9340800341051274
TX_1,2012-06-12 13:00:00,3.5697281950689077,3.6768200409209753
TX_1,2012-06-12 13:30:00,4.364194970356982,4.495120819467691
TX_1,2012-06-12 14:00:00,4.504090949106807,4.6392136775800115
TX_1,2012-06-12 14:30:00,5.367769421823005,5.528802504477695
TX_1,2012-06-12 15:00:00,6.237338515119994,6.424458670573594
TX_1,2012-06-12 15:30:00,9.496759683144058,9.781662473638379
TX_1,2012-06-12 16:00:00,10.614524438766326,10.932960171929317
TX_1,2012-06-12 16:30:00,7.766317339958126,7.99930686015687
TX_1,2012-06-12 17:00:00,6.355958410670864,6.54663716299099
TX_1,2012-06-12 17:30:00,5.859278383858605,6.035056735374363
TX_1,2012-06-12 18:00:00,6.988740901708516,7.198403128759772
TX_1,2012-06-12 18:30:00,8.665008288047835,8.92495853668927
TX_1,2012-06-12 19:00:00,8.967073337082212,9.236085537194679
TX_1,2012-06-12 19:30:00,6.360351158101711,6.5511616928447625
TX_1,2012-06-12 20:00:00,6.877987546767524,7.08432717317055
TX_1,2012-06-12 20:30:00,18.225848399463523,18.772623851447428
TX_1,2012-06-12 21:00:00,10.18845559430593,10.494109262135108
TX_1,2012-06-12 21:30:00,6.2746507815335555,6.462890304979562
TX_1,2012-06-12 22:00:00,6.547756335711495,6.744189025782839
TX_1,2012-06-12 22:30:00,6.77994306570966,6.98334135768095
TX_1,2012-06-12 23:00:00,5.900508296253734,6.077523545141346
TX_1,2012-06-12 23:30:00,3.544889104380881,3.651235777512307
TX_1,2012-06-13 00:00:00,3.792685742096671,3.9064663143595713
TX_1,2012-06-13 00:30:00,3.7740808596627535,3.8873032854526364
TX_1,2012-06-13 01:00:00,2.8346474884785495,2.919686913132906
TX_1,2012-06-13 01:30:00,2.484874887507034,2.5594211341322453
TX_1,2012-06-13 02:00:00,2.632145044795722,2.711109396139594
TX_1,2012-06-13 02:30:00,3.535213843766969,3.641270259079978
TX_1,2012-06-13 03:00:00,3.0171640126708783,3.107678933051005
TX_1,2012-06-13 03:30:00,2.725703813562364,2.807474927969235
TX_1,2012-06-13 04:00:00,2.431755194684942,2.5047078505254903
TX_1,2012-06-13 04:30:00,2.529430546259385,2.6053134626471666
TX_1,2012-06-13 05:00:00,3.1222280551047397,3.2158948967578818
TX_1,2012-06-13 05:30:00,3.105172562314698,3.198327739184139
TX_1,2012-06-13 06:00:00,3.4833619745999935,3.587862833837993
TX_1,2012-06-13 06:30:00,3.611954530486043,3.7203131664006244
TX_1,2012-06-13 07:00:00,4.965866138518152,5.114842122673696
TX_1,2012-06-13 07:30:00,3.9437628208069686,4.062075705431178
TX_1,2012-06-13 08:00:00,3.547298558946331,3.653717515714721
TX_1,2012-06-13 08:30:00,3.8508803944751633,3.9664068063094184
TX_1,2012-06-13 09:00:00,3.537933349701198,3.644071350192234
TX_1,2012-06-13 09:30:00,2.3931977884557742,2.4649937221094476
TX_1,2012-06-13 10:00:00,2.5650743324469594,2.642026562420368
TX_1,2012-06-13 10:30:00,3.3478010129200912,3.4482350433076943
TX_1,2012-06-13 11:00:00,2.873565184233803,2.959772139760817
TX_1,2012-06-13 11:30:00,2.8896248525054515,2.976313598080615
TX_1,2012-06-13 12:00:00,3.638834794693188,3.7479998385339837
TX_1,2012-06-13 12:30:00,5.477170511402743,5.641485626744826
TX_1,2012-06-13 13:00:00,3.8305945121834317,3.945512347548935
TX_1,2012-06-13 13:30:00,4.876181349133936,5.022466789607954
TX_1,2012-06-13 14:00:00,5.014711705484125,5.1651530566486485
TX_1,2012-06-13 14:30:00,3.3670137820193924,3.468024195479974
TX_1,2012-06-13 15:00:00,3.464791228204725,3.568734965050867
TX_1,2012-06-13 15:30:00,5.576433247170689,5.74372624458581
TX_1,2012-06-13 16:00:00,5.520378663870544,5.685990023786661
TX_1,2012-06-13 16:30:00,4.5085658338702235,4.6438228088863305
TX_1,2012-06-13 17:00:00,6.6395493720965435,6.83873585325944
TX_1,2012-06-13 17:30:00,5.51325615117103,5.678653835706161
TX_1,2012-06-13 18:00:00,6.261752819711183,6.449605404302519
TX_1,2012-06-13 18:30:00,6.463842052960679,6.6577573145494995
TX_1,2012-06-13 19:00:00,5.055553950091987,5.207220568594747
TX_1,2012-06-13 19:30:00,7.811334337223985,8.045674367340705
TX_1,2012-06-13 20:00:00,6.098085576143363,6.2810281434276645
TX_1,2012-06-13 20:30:00,4.855050786317319,5.000702309906838
TX_1,2012-06-13 21:00:00,6.9379840334142875,7.146123554416716
TX_1,2012-06-13 21:30:00,6.582074387977123,6.779536619616437
TX_1,2012-06-13 22:00:00,5.44927569570682,5.612753966578025
TX_1,2012-06-13 22:30:00,5.014569125798945,5.165006199572914
TX_1,2012-06-13 23:00:00,3.3606724461468716,3.4614926195312776
TX_1,2012-06-13 23:30:00,2.8593040774475154,2.945083199770941
TX_1,2012-06-14 00:00:00,2.787782169186334,2.8714156342619237
TX_1,2012-06-14 00:30:00,3.038572239364728,3.12972940654567
TX_1,2012-06-14 01:00:00,2.561615063854384,2.638463515770016
TX_1,2012-06-14 01:30:00,2.2859679293175312,2.354546967197057
TX_1,2012-06-14 02:00:00,2.424453161929461,2.497186756787345
TX_1,2012-06-14 02:30:00,2.574863605055033,2.652109513206684
TX_1,2012-06-14 03:00:00,2.550136110000474,2.626640193300488
TX_1,2012-06-14 03:30:00,2.1795172444001114,2.244902761732115
TX_1,2012-06-14 04:00:00,2.3296799409872406,2.399570339216858
TX_1,2012-06-14 04:30:00,2.199246619880635,2.265224018477054
TX_1,2012-06-14 05:00:00,2.778380404703206,2.8617318168443022
TX_1,2012-06-14 05:30:00,2.830931546191721,2.9158594925774723
TX_1,2012-06-14 06:00:00,3.8860841245574136,4.002666648294136
TX_1,2012-06-14 06:30:00,3.7551438437822036,3.8677981590956696
TX_1,2012-06-14 07:00:00,6.043145763992388,6.224440136912159
TX_1,2012-06-14 07:30:00,5.965676526042526,6.144646821823802
TX_1,2012-06-14 08:00:00,4.427397641025223,4.56021957025598
TX_1,2012-06-14 08:30:00,3.9423265224046307,4.06059631807677
TX_1,2012-06-14 09:00:00,3.262652522656512,3.3605320983362073
TX_1,2012-06-14 09:30:00,3.580408205120462,3.687820451274076
TX_1,2012-06-14 10:00:00,3.064613776426489,3.156552189719284
TX_1,2012-06-14 10:30:00,4.798870190734344,4.942836296456374
TX_1,2012-06-14 11:00:00,5.8095083246889265,5.983793574429595
TX_1,2012-06-14 11:30:00,3.800412420743432,3.9144247933657352
TX_1,2012-06-14 12:00:00,6.444176371660873,6.6375016628107
TX_1,2012-06-14 12:30:00,7.49499134635016,7.719841086740665
TX_1,2012-06-14 13:00:00,5.295240540755414,5.454097756978077
TX_1,2012-06-14 13:30:00,4.213052371658112,4.339443942807855
TX_1,2012-06-14 14:00:00,5.631049368139279,5.7999808491834575
TX_1,2012-06-14 14:30:00,5.322415992088017,5.482088471850658
TX_1,2012-06-14 15:00:00,6.6363796532109935,6.835471042807323
TX_1,2012-06-14 15:30:00,7.501190187949977,7.7262258935884764
TX_1,2012-06-14 16:00:00,4.581248949079766,4.718686417552159
TX_1,2012-06-14 16:30:00,4.842429094824331,4.987701967669061
TX_1,2012-06-14 17:00:00,6.287825077337204,6.47645982965732
TX_1,2012-06-14 17:30:00,9.892033969496286,10.188794988581174
TX_1,2012-06-14 18:00:00,8.537846922221604,8.793982329888252
TX_1,2012-06-14 18:30:00,8.828228777644,9.09307564097332
TX_1,2012-06-14 19:00:00,9.338965660595889,9.619134630413766
TX_1,2012-06-14 19:30:00,9.25367224800323,9.531282415443327
TX_1,2012-06-14 20:00:00,8.247515937890586,8.494941416027304
TX_1,2012-06-14 20:30:00,8.325396824665443,8.575158729405407
TX_1,2012-06-14 21:00:00,6.176088624959035,6.361371283707806
TX_1,2012-06-14 21:30:00,6.983439725805044,7.192942917579196
TX_1,2012-06-14 22:00:00,5.651215117060201,5.820751570572007
TX_1,2012-06-14 22:30:00,4.436580419911621,4.56967783250897
TX_1,2012-06-14 23:00:00,3.9069637208268166,4.024172632451621
TX_1,2012-06-14 23:30:00,2.866345192066668,2.952335547828668
TX_1,2012-06-15 00:00:00,3.028704852828735,3.1195659984135973
TX_1,2012-06-15 00:30:00,2.3125456581247685,2.381922027868512
TX_1,2012-06-15 01:00:00,1.7323117799357246,1.7842811333337965
TX_1,2012-06-15 01:30:00,2.337351318433403,2.407471857986405
TX_1,2012-06-15 02:00:00,1.4381170079923398,1.48126051823211
TX_1,2012-06-15 02:30:00,2.2715748007626275,2.3397220447855065
TX_1,2012-06-15 03:00:00,2.1967796364176313,2.26268302551016
TX_1,2012-06-15 03:30:00,1.778463091243612,1.8318169839809204
TX_1,2012-06-15 04:00:00,1.6020100364497576,1.6500703375432504
TX_1,2012-06-15 04:30:00,3.1141653748675564,3.2075903361135834
TX_1,2012-06-15 05:00:00,4.288047524879898,4.416688950626296
TX_1,2012-06-15 05:30:00,2.3665628401771537,2.4375597253824686
TX_1,2012-06-15 06:00:00,2.8690492188309933,2.955120695395923
TX_1,2012-06-15 06:30:00,3.0530133489851674,3.1446037494547223
TX_1,2012-06-15 07:00:00,3.4993226642900455,3.604302344218747
TX_1,2012-06-15 07:30:00,4.717044904444548,4.858556251577885
TX_1,2012-06-15 08:00:00,3.46839782388065,3.5724497585970694
TX_1,2012-06-15 08:30:00,4.429019722829202,4.561890314514078
TX_1,2012-06-15 09:00:00,3.473185463655438,3.5773810275651012
TX_1,2012-06-15 09:30:00,3.50499015263032,3.61013985720923
TX_1,2012-06-15 10:00:00,6.289870298795877,6.478566407759753
TX_1,2012-06-15 10:30:00,4.329976284645053,4.459875573184404
TX_1,2012-06-15 11:00:00,2.6528418665274467,2.73242712252327
TX_1,2012-06-15 11:30:00,3.255843840658624,3.353519155878383
TX_1,2012-06-15 12:00:00,4.337532426620886,4.467658399419513
TX_1,2012-06-15 12:30:00,5.624802876264866,5.793546962552812
TX_1,2012-06-15 13:00:00,5.1993187626082396,5.355298325486487
TX_1,2012-06-15 13:30:00,4.1860939755539786,4.311676794820598
TX_1,2012-06-15 14:00:00,3.466893307887566,3.570900107124193
TX_1,2012-06-15 14:30:00,4.3677964406093635,4.4988303338276445
TX_1,2012-06-15 15:00:00,4.774804824851713,4.9180489695972645
TX_1,2012-06-15 15:30:00,4.708175619829668,4.849420888424558
TX_1,2012-06-15 16:00:00,3.962120356973528,4.080983967682734
TX_1,2012-06-15 16:30:00,6.177293375797774,6.362612177071707
TX_1,2012-06-15 17:00:00,5.188346480802758,5.343996875226841
TX_1,2012-06-15 17:30:00,6.461127354349604,6.654961174980093
TX_1,2012-06-15 18:00:00,9.074839654412145,9.34708484404451
TX_1,2012-06-15 18:30:00,8.82985533543004,9.09475099549294
TX_1,2012-06-15 19:00:00,5.360831333083136,5.521656273075631
TX_1,2012-06-15 19:30:00,4.215150761220279,4.341605284056888
TX_1,2012-06-15 20:00:00,5.895943896317008,6.072822213206519
TX_1,2012-06-15 20:30:00,5.518333830354237,5.683883845264864
TX_1,2012-06-15 21:00:00,4.5242233346552485,4.659950034694906
TX_1,2012-06-15 21:30:00,4.872402663427952,5.018574743330791
TX_1,2012-06-15 22:00:00,4.00217791256589,4.1222432499428665
TX_1,2012-06-15 22:30:00,3.6250371518462434,3.7337882664016306
TX_1,2012-06-15 23:00:00,2.5434330493312842,2.619736040811223
TX_1,2012-06-15 23:30:00,2.6410183322572545,2.720248882224972
TX_1,2012-06-16 00:00:00,3.596358782749524,3.7042495462320097
TX_1,2012-06-16 00:30:00,2.2834600677544517,2.351963869787085
TX_1,2012-06-16 01:00:00,1.5659481538185966,1.6129265984331547
TX_1,2012-06-16 01:30:00,1.9321286446484827,1.9900925039879371
TX_1,2012-06-16 02:00:00,1.553396654972811,1.5999985546219955
TX_1,2012-06-16 02:30:00,1.6092127649262153,1.657489147874002
TX_1,2012-06-16 03:00:00,1.4302834146317547,1.4731919170707073
TX_1,2012-06-16 03:30:00,0.9371284918230292,0.96524234657772
TX_1,2012-06-16 04:00:00,1.0371384355513529,1.0682525886178935
TX_1,2012-06-16 04:30:00,1.2569846718674218,1.2946942120234446
TX_1,2012-06-16 05:00:00,1.5217639674237917,1.5674168864465055
TX_1,2012-06-16 05:30:00,1.2620361046517934,1.2998971877913472
TX_1,2012-06-16 06:00:00,1.957805659711417,2.0165398295027597
TX_1,2012-06-16 06:30:00,2.663978529493751,2.7438978853785634
TX_1,2012-06-16 07:00:00,3.2671148644435526,3.365128310376859
TX_1,2012-06-16 07:30:00,2.8881648441634042,2.9748097894883063
TX_1,2012-06-16 08:00:00,2.0651629790664097,2.1271178684384022
TX_1,2012-06-16 08:30:00,6.82738710019166,7.03220871319741
TX_1,2012-06-16 09:00:00,2.6807761733413202,2.76119945854156
TX_1,2012-06-16 09:30:00,2.9228672813700074,3.0105532998111078
TX_1,2012-06-16 10:00:00,1.657959026558181,1.7076977973549263
TX_1,2012-06-16 10:30:00,3.0606046780057543,3.152422818345927
TX_1,2012-06-16 11:00:00,2.1114806349205972,2.174825053968215
TX_1,2012-06-16 11:30:00,2.7477079346779227,2.8301391727182605
TX_1,2012-06-16 12:00:00,2.177800464857512,2.2431344788032375
TX_1,2012-06-16 12:30:00,2.6664767749060676,2.7464710781532498
TX_1,2012-06-16 13:00:00,2.4300608820379477,2.502962708499086
TX_1,2012-06-16 13:30:00,2.1898446306763972,2.2555399695966893
TX_1,2012-06-16 14:00:00,2.6606142422397707,2.740432669506964
TX_1,2012-06-16 14:30:00,2.8842320811903965,2.9707590436261087
TX_1,2012-06-16 15:00:00,2.6765958234291514,2.756893698132026
TX_1,2012-06-16 15:30:00,2.910880871139123,2.998207297273297
TX_1,2012-06-16 16:00:00,3.496618391558341,3.6015169433050915
TX_1,2012-06-16 16:30:00,1.9657402737780068,2.024712481991347
TX_1,2012-06-16 17:00:00,2.4071853783231676,2.4794009396728627
TX_1,2012-06-16 17:30:00,3.5519675568218694,3.6585265835265255
TX_1,2012-06-16 18:00:00,4.060747098555986,4.182569511512665
TX_1,2012-06-16 18:30:00,4.345415554676729,4.475778021317031
TX_1,2012-06-16 19:00:00,4.139322591423821,4.263502269166536
TX_1,2012-06-16 19:30:00,3.1914959092945656,3.2872407865734026
TX_1,2012-06-16 20:00:00,4.184043096368901,4.309564389259968
TX_1,2012-06-16 20:30:00,4.309382660448319,4.4386641402617695
TX_1,2012-06-16 21:00:00,3.5122092385572192,3.617575515713936
TX_1,2012-06-16 21:30:00,3.582563207760087,3.6900401039928896
TX_1,2012-06-16 22:00:00,2.5574264238096482,2.6341492165239377
TX_1,2012-06-16 22:30:00,1.7912852378114141,1.8450237949457566
TX_1,2012-06-16 23:00:00,1.7575998973605724,1.8103278942813896
TX_1,2012-06-16 23:30:00,1.7728758644770959,1.8260621404114088
TX_1,2012-06-17 00:00:00,1.586934721429159,1.6345427630720337
TX_1,2012-06-17 00:30:00,2.9934968697645705,3.0833017758575076
TX_1,2012-06-17 01:00:00,3.178847510263745,3.2742129355716574
TX_1,2012-06-17 01:30:00,2.665394939157322,2.745356787332042
TX_1,2012-06-17 02:00:00,2.621215625015678,2.6998520937661485
TX_1,2012-06-17 02:30:00,2.6287830877778444,2.70764658041118
TX_1,2012-06-17 03:00:00,2.8649659765869595,2.9509149558845684
TX_1,2012-06-17 03:30:00,2.1896480450693496,2.25533748642143
TX_1,2012-06-17 04:00:00,2.9627736864324827,3.0516568970254574
TX_1,2012-06-17 04:30:00,4.147316722804711,4.271736224488853
TX_1,2012-06-17 05:00:00,3.477142689926836,3.581456970624641
TX_1,2012-06-17 05:30:00,2.6170578856020814,2.6955696221701437
TX_1,2012-06-17 06:00:00,2.987699320191139,3.0773302997968734
TX_1,2012-06-17 06:30:00,3.0939420142817444,3.186760274710197
TX_1,2012-06-17 07:00:00,7.260870783078591,7.478696906570949
TX_1,2012-06-17 07:30:00,5.025634740031455,5.1764037822323985
TX_1,2012-06-17 08:00:00,6.058767936992003,6.240530975101763
TX_1,2012-06-17 08:30:00,6.532983320486456,6.72897282010105
TX_1,2012-06-17 09:00:00,4.311083118966256,4.4404156125352445
TX_1,2012-06-17 09:30:00,4.457850496105143,4.591586010988298
TX_1,2012-06-17 10:00:00,5.08626438960195,5.238852321290008
TX_1,2012-06-17 10:30:00,5.445333035848995,5.608693026924465
TX_1,2012-06-17 11:00:00,4.474312242754239,4.608541610036866
TX_1,2012-06-17 11:30:00,6.74587468429521,6.948250924824067
TX_1,2012-06-17 12:00:00,6.370851728170067,6.56197728001517
TX_1,2012-06-17 12:30:00,6.118683212459466,6.30224370883325
TX_1,2012-06-17 13:00:00,5.312659331733069,5.472039111685061
TX_1,2012-06-17 13:30:00,5.956931320300262,6.1356392599092695
TX_1,2012-06-17 14:00:00,5.054341688909398,5.20597193957668
TX_1,2012-06-17 14:30:00,4.282931098094491,4.411419031037326
TX_1,2012-06-17 15:00:00,4.248180454104872,4.375625867728019
TX_1,2012-06-17 15:30:00,6.402977621766594,6.595066950419592
TX_1,2012-06-17 16:00:00,6.109677490685442,6.292967815406006
TX_1,2012-06-17 16:30:00,4.689264919291011,4.829942866869741
TX_1,2012-06-17 17:00:00,5.436951796365777,5.600060350256751
TX_1,2012-06-17 17:30:00,6.295467799661662,6.4843318336515114
TX_1,2012-06-17 18:00:00,7.030333299151263,7.2412432981258
TX_1,2012-06-17 18:30:00,9.233105147246366,9.510098301663758
TX_1,2012-06-17 19:00:00,8.347426802751816,8.597849606834371
TX_1,2012-06-17 19:30:00,5.945356234020884,6.1237169210415106
TX_1,2012-06-17 20:00:00,6.425684708678402,6.618455249938754
TX_1,2012-06-17 20:30:00,7.897754307286055,8.134686936504638
TX_1,2012-06-17 21:00:00,7.382910825657392,7.604398150427114
TX_1,2012-06-17 21:30:00,5.677277716395974,5.847596047887853
TX_1,2012-06-17 22:00:00,7.41026435715783,7.6325722878725655
TX_1,2012-06-17 22:30:00,6.969861154524731,7.178956989160473
TX_1,2012-06-17 23:00:00,9.360372430272246,9.641183603180414
TX_1,2012-06-17 23:30:00,5.148415989551477,5.302868469238022
TX_1,2012-06-18 00:00:00,3.5729264686256963,3.680114262684467
TX_1,2012-06-18 00:30:00,3.083067910209438,3.1755599475157212
TX_1,2012-06-18 01:00:00,2.302505260447809,2.3715804182612437
TX_1,2012-06-18 01:30:00,2.1495736425695338,2.21406085184662
TX_1,2012-06-18 02:00:00,1.945923558376492,2.0043012651277867
TX_1,2012-06-18 02:30:00,2.62448878573903,2.703223449311201
TX_1,2012-06-18 03:00:00,2.7124397208120237,2.7938129124363846
TX_1,2012-06-18 03:30:00,2.2977587674153126,2.3666915304377723
TX_1,2012-06-18 04:00:00,2.461083683976019,2.5349161944952994
TX_1,2012-06-18 04:30:00,4.114796865094751,4.238240771047593
TX_1,2012-06-18 05:00:00,3.1485288042183233,3.242984668344873
TX_1,2012-06-18 05:30:00,3.7451662791567375,3.85752126753144
TX_1,2012-06-18 06:00:00,4.0278687687339625,4.148704831795982
TX_1,2012-06-18 06:30:00,5.5559982884355055,5.722678237088571
TX_1,2012-06-18 07:00:00,5.642622647867564,5.811901327303591
TX_1,2012-06-18 07:30:00,7.916805383146651,8.154309544641052
TX_1,2012-06-18 08:00:00,7.110379504326353,7.323690889456144
TX_1,2012-06-18 08:30:00,5.345915722080524,5.50629319374294
TX_1,2012-06-18 09:00:00,5.1353568487123,5.289417554173669
TX_1,2012-06-18 09:30:00,5.042924865642371,5.1942126116116425
TX_1,2012-06-18 10:00:00,4.546320601964088,4.682710220023011
TX_1,2012-06-18 10:30:00,3.471438098796646,3.5755812417605455
TX_1,2012-06-18 11:00:00,4.424841630664464,4.557586879584398
TX_1,2012-06-18 11:30:00,4.61129823171249,4.749637178663865
TX_1,2012-06-18 12:00:00,3.764922851774556,3.877870537327793
TX_1,2012-06-18 12:30:00,3.802329715474144,3.916399606938368
TX_1,2012-06-18 13:00:00,4.351113948571506,4.481647367028651
TX_1,2012-06-18 13:30:00,3.6870494609779403,3.7976609448072787
TX_1,2012-06-18 14:00:00,3.4436821371914057,3.546992601307148
TX_1,2012-06-18 14:30:00,5.048506882583466,5.1999620890609695
TX_1,2012-06-18 15:00:00,4.962299413194701,5.111168395590543
TX_1,2012-06-18 15:30:00,7.282612067142891,7.501090429157178
TX_1,2012-06-18 16:00:00,4.16031214871627,4.285121513177758
TX_1,2012-06-18 16:30:00,8.404092381174307,8.656215152609535
TX_1,2012-06-18 17:00:00,6.1445538196445595,6.328890434233896
TX_1,2012-06-18 17:30:00,5.803577882037273,5.977685218498392
TX_1,2012-06-18 18:00:00,5.760529168928941,5.93334504399681
TX_1,2012-06-18 18:30:00,6.924544859685498,7.132281205476063
TX_1,2012-06-18 19:00:00,6.39343877890386,6.585241942270976
TX_1,2012-06-18 19:30:00,6.770873667065396,6.9739998770773575
TX_1,2012-06-18 20:00:00,7.435080241572941,7.658132648820129
TX_1,2012-06-18 20:30:00,7.203730899542029,7.419842826528289
TX_1,2012-06-18 21:00:00,5.6592362038879465,5.829013290004585
TX_1,2012-06-18 21:30:00,6.2143503071084165,6.400780816321669
TX_1,2012-06-18 22:00:00,5.682636524675139,5.853115620415394
TX_1,2012-06-18 22:30:00,6.475576995577825,6.66984430544516
TX_1,2012-06-18 23:00:00,5.553113679229697,5.7197070896065885
TX_1,2012-06-18 23:30:00,4.311521366315192,4.440867007304648
TX_1,2012-06-19 00:00:00,3.1969550322953446,3.292863683264205
TX_1,2012-06-19 00:30:00,3.0233834630067906,3.1140849668969945
TX_1,2012-06-19 01:00:00,2.5414535302830785,2.617697136191571
TX_1,2012-06-19 01:30:00,2.9380970639681876,3.026239975887233
TX_1,2012-06-19 02:00:00,2.180970387357396,2.2463994989781177
TX_1,2012-06-19 02:30:00,2.841377346286292,2.926618666674881
TX_1,2012-06-19 03:00:00,2.378575317372607,2.449932576893785
TX_1,2012-06-19 03:30:00,2.7506785482460443,2.833198904693426
TX_1,2012-06-19 04:00:00,2.751641256140189,2.8341904938243947
TX_1,2012-06-19 04:30:00,2.700391919657412,2.7814036772471344
TX_1,2012-06-19 05:00:00,2.644901381124405,2.724248422558137
TX_1,2012-06-19 05:30:00,3.9250233028281523,4.0427740019129965
TX_1,2012-06-19 06:00:00,3.108616092942166,3.201874575730431
TX_1,2012-06-19 06:30:00,3.6830775127985955,3.7935698381825533
TX_1,2012-06-19 07:00:00,5.029122892908167,5.179996579695413
TX_1,2012-06-19 07:30:00,5.653848651453728,5.823464110997341
TX_1,2012-06-19 08:00:00,4.070837142821918,4.192962257106576
TX_1,2012-06-19 08:30:00,4.524307328101776,4.66003654794483
TX_1,2012-06-19 09:00:00,3.9722688348171986,4.091436899861715
TX_1,2012-06-19 09:30:00,3.102064856473328,3.195126802167528
TX_1,2012-06-19 10:00:00,4.977527962871311,5.12685380175745
TX_1,2012-06-19 10:30:00,3.523812535225277,3.6295269112820354
TX_1,2012-06-19 11:00:00,4.387817176342448,4.519451691632722
TX_1,2012-06-19 11:30:00,3.1307534515482507,3.2246760550946982
TX_1,2012-06-19 12:00:00,5.776939932119357,5.950248130082938
TX_1,2012-06-19 12:30:00,4.893864735865686,5.0406806779416575
TX_1,2012-06-19 13:00:00,3.6473482147482565,3.7567686611907045
TX_1,2012-06-19 13:30:00,4.29420146126593,4.423027505103907
TX_1,2012-06-19 14:00:00,5.175804738022216,5.331078880162883
TX_1,2012-06-19 14:30:00,4.295785546946297,4.424659113354686
TX_1,2012-06-19 15:00:00,5.125350285250506,5.279110793808021
TX_1,2012-06-19 15:30:00,5.910831275497861,6.0881562137627965
TX_1,2012-06-19 16:00:00,7.668503808491924,7.898558922746682
TX_1,2012-06-19 16:30:00,8.163780742071285,8.408694164333424
TX_1,2012-06-19 17:00:00,7.772195315885556,8.005361175362124
TX_1,2012-06-19 17:30:00,4.614091726589638,4.752514478387328
TX_1,2012-06-19 18:00:00,8.042476320047696,8.283750609649127
TX_1,2012-06-19 18:30:00,6.381463529105539,6.572907434978705
TX_1,2012-06-19 19:00:00,5.934827355809692,6.112872176483983
TX_1,2012-06-19 19:30:00,7.123819689495063,7.337534280179915
TX_1,2012-06-19 20:00:00,6.02019640187655,6.200802293932846
TX_1,2012-06-19 20:30:00,5.114460550418576,5.2678943669311336
TX_1,2012-06-19 21:00:00,7.287268266420972,7.505886314413601
TX_1,2012-06-19 21:30:00,6.977428861705601,7.186751727556769
TX_1,2012-06-19 22:00:00,6.1835510611582825,6.369057592993031
TX_1,2012-06-19 22:30:00,6.546907140473126,6.743314354687319
TX_1,2012-06-19 23:00:00,5.217794356724496,5.374328187426231
TX_1,2012-06-19 23:30:00,5.09948206388246,5.252466525798934
TX_1,2012-06-20 00:00:00,3.388373939123602,3.4900251572973104
TX_1,2012-06-20 00:30:00,3.1975626862713464,3.293489566859487
TX_1,2012-06-20 01:00:00,2.6411034571632137,2.7203365608781103
TX_1,2012-06-20 01:30:00,2.25376911793606,2.321382191474142
TX_1,2012-06-20 02:00:00,2.64147558176712,2.7207198492201337
TX_1,2012-06-20 02:30:00,2.4693964362364507,2.5434783293235443
TX_1,2012-06-20 03:00:00,2.3175813544480564,2.387108795081498
TX_1,2012-06-20 03:30:00,2.377628161604382,2.4489570064525137
TX_1,2012-06-20 04:00:00,2.236271197694719,2.303359333625561
TX_1,2012-06-20 04:30:00,2.9153011460886455,3.002760180471305
TX_1,2012-06-20 05:00:00,2.958886305824439,3.047652894999172
TX_1,2012-06-20 05:30:00,3.5535218246586693,3.6601274793984295
TX_1,2012-06-20 06:00:00,3.5748571387343278,3.6821028528963575
TX_1,2012-06-20 06:30:00,3.2919221575058373,3.3906798222310126
TX_1,2012-06-20 07:00:00,3.7613042735343862,3.874143401740418
TX_1,2012-06-20 07:30:00,5.058762476867301,5.21052535117332
TX_1,2012-06-20 08:00:00,3.6860946065890587,3.7966774447867304
TX_1,2012-06-20 08:30:00,4.867050660229311,5.013062180036191
TX_1,2012-06-20 09:00:00,5.080233289911531,5.232640288608877
TX_1,2012-06-20 09:30:00,5.797076039095397,5.970988320268259
TX_1,2012-06-20 10:00:00,5.167316297653589,5.3223357865831975
TX_2,2012-05-21 10:30:00,1.806759956667818,1.8609627553678527
TX_2,2012-05-21 11:00:00,1.5683581145835768,1.6154088580210841
TX_2,2012-05-21 11:30:00,1.32528367780269,1.3650421881367707
TX_2,2012-05-21 12:00:00,2.584731070972204,2.66227300310137
TX_2,2012-05-21 12:30:00,2.688323725657491,2.7689734374272157
TX_2,2012-05-21 13:00:00,1.5573287707967947,1.6040486339206985
TX_2,2012-05-21 13:30:00,1.531669956168876,1.5776200548539423
TX_2,2012-05-21 14:00:00,1.3858923638380123,1.4274691347531527
TX_2,2012-05-21 14:30:00,1.1908071757185783,1.2265313909901356
TX_2,2012-05-21 15:00:00,1.0100663504762881,1.0403683409905768
TX_2,2012-05-21 15:30:00,1.0376800011270346,1.0688104011608457
TX_2,2012-05-21 16:00:00,1.1838944249021375,1.2194112576492016
TX_2,2012-05-21 16:30:00,1.6901680007021815,1.7408730407232471
TX_2,2012-05-21 17:00:00,1.4387006130074267,1.4818616313976496
TX_2,2012-05-21 17:30:00,1.7481808050261651,1.8006262291769501
TX_2,2012-05-21 18:00:00,2.5954607223792405,2.673324544050618
TX_2,2012-05-21 18:30:00,3.0143632684417048,3.104794166494956
TX_2,2012-05-21 19:00:00,2.2811833448754926,2.3496188452217575
TX_2,2012-05-21 19:30:00,1.6995267061374808,1.7505125073216052
TX_2,2012-05-21 20:00:00,1.87157817243345,1.9277255176064534
TX_2,2012-05-21 20:30:00,2.2134855088919876,2.279890074158747
TX_2,2012-05-21 21:00:00,3.3720387519555506,3.4731999145142174
TX_2,2012-05-21 21:30:00,2.913327967437252,3.0007278064603695
TX_2,2012-05-21 22:00:00,2.7225977257108487,2.804275657482174
TX_2,2012-05-21 22:30:00,1.7342081429852363,1.7862343872747934
TX_2,2012-05-21 23:00:00,2.523842232715143,2.5995574996965973
TX_2,2012-05-21 23:30:00,1.2332992819839588,1.2702982604434776
TX_2,2012-05-22 00:00:00,1.4444660792879576,1.4878000616665963
TX_2,2012-05-22 00:30:00,1.0913795645696216,1.1241209515067103
TX_2,2012-05-22 01:00:00,1.2834007849679425,1.3219028085169808
TX_2,2012-05-22 01:30:00,1.2376694027339532,1.2747994848159718
TX_2,2012-05-22 02:00:00,1.1053889113711608,1.1385505787122956
TX_2,2012-05-22 02:30:00,1.2950237421537862,1.3338744544183998
TX_2,2012-05-22 03:00:00,1.0424212353302558,1.0736938723901635
TX_2,2012-05-22 03:30:00,1.1466701172961207,1.1810702208150043
TX_2,2012-05-22 04:00:00,0.9344095953962912,0.9624418832581799
TX_2,2012-05-22 04:30:00,0.9730835024127809,1.0022760074851642
TX_2,2012-05-22 05:00:00,0.9409606268024726,0.9691894456065469
TX_2,2012-05-22 05:30:00,0.8894054218343677,0.9160875844893988
TX_2,2012-05-22 06:00:00,0.8789500163249084,0.9053185168146557
TX_2,2012-05-22 06:30:00,0.8507160908347073,0.8762375735597486
TX_2,2012-05-22 07:00:00,1.1569064896515493,1.1916136843410958
TX_2,2012-05-22 07:30:00,1.612254386568542,1.6606220181655982
TX_2,2012-05-22 08:00:00,1.7841370649400456,1.8376611768882471
TX_2,2012-05-22 08:30:00,1.3739561913377538,1.4151748770778865
TX_2,2012-05-22 09:00:00,1.2023300493341988,1.238399950814225
TX_2,2012-05-22 09:30:00,1.0968323094104524,1.129737278692766
TX_2,2012-05-22 10:00:00,2.0882110858450127,2.150857418420363
TX_2,2012-05-22 10:30:00,0.9301690251324091,0.9580740958863814
TX_2,2012-05-22 11:00:00,0.9889852210755549,1.0186547777078216
TX_2,2012-05-22 11:30:00,0.987222633078755,1.0168393120711177
TX_2,2012-05-22 12:00:00,1.1821483636030372,1.2176128145111285
TX_2,2012-05-22 12:30:00,1.1472426669629538,1.1816599469718425
TX_2,2012-05-22 13:00:00,1.9521334107227335,2.0106974130444155
TX_2,2012-05-22 13:30:00,2.1879604491597124,2.253599262634504
TX_2,2012-05-22 14:00:00,1.2940872410234467,1.33290985825415
TX_2,2012-05-22 14:30:00,0.8849255834146483,0.9114733509170878
TX_2,2012-05-22 15:00:00,0.8894267933956634,0.9161095971975334
TX_2,2012-05-22 15:30:00,0.8008352111837289,0.8248602675192408
TX_2,2012-05-22 16:00:00,1.4788645723429243,1.5232305095132121
TX_2,2012-05-22 16:30:00,1.0511639439832334,1.0826988623027305
TX_2,2012-05-22 17:00:00,3.3722079838157644,3.4733742233302376
TX_2,2012-05-22 17:30:00,1.4915058797845786,1.536251056178116
TX_2,2012-05-22 18:00:00,2.8280089824640915,2.9128492519380145
TX_2,2012-05-22 18:30:00,1.7907016280532608,1.8444226768948586
TX_2,2012-05-22 19:00:00,1.3347844936531659,1.374828028462761
TX_2,2012-05-22 19:30:00,1.4010975587750518,1.4431304855383034
TX_2,2012-05-22 20:00:00,1.4230989550778808,1.4657919237302173
TX_2,2012-05-22 20:30:00,1.611171394860125,1.6595065367059287
TX_2,2012-05-22 21:00:00,1.7331704928786928,1.7851656076650537
TX_2,2012-05-22 21:30:00,1.3851187293779754,1.4266722912593148
TX_2,2012-05-22 22:00:00,1.490523790276032,1.535239503984313
TX_2,2012-05-22 22:30:00,1.3008877535981003,1.3399143862060434
TX_2,2012-05-22 23:00:00,1.3241855976530452,1.3639111655826366
TX_2,2012-05-22 23:30:00,1.1717045546137017,1.206855691252113
TX_2,2012-05-23 00:00:00,1.2983049380172336,1.3372540861577507
TX_2,2012-05-23 00:30:00,0.9662276252538303,0.9952144540114453
TX_2,2012-05-23 01:00:00,0.924200045175712,0.9519260465309833
TX_2,2012-05-23 01:30:00,0.934481708684868,0.9625161599454141
TX_2,2012-05-23 02:00:00,0.9951514494234281,1.025005992906131
TX_2,2012-05-23 02:30:00,0.9403857725531928,0.9685973457297886
TX_2,2012-05-23 03:00:00,1.037487043574712,1.0686116548819535
TX_2,2012-05-23 03:30:00,0.9036270366081822,0.9307358477064277
TX_2,2012-05-23 04:00:00,0.8890347742712779,0.9157058174994163
TX_2,2012-05-23 04:30:00,1.1539991677469312,1.188619142779339
TX_2,2012-05-23 05:00:00,1.2409668856919924,1.2781958922627523
TX_2,2012-05-23 05:30:00,1.6671275378123196,1.7171413639466893
TX_2,2012-05-23 06:00:00,1.842339372610792,1.8976095537891158
TX_2,2012-05-23 06:30:00,1.7541629011611797,1.806787788196015
TX_2,2012-05-23 07:00:00,1.4566410455343073,1.5003402769003364
TX_2,2012-05-23 07:30:00,2.0561746744521994,2.1178599146857655
TX_2,2012-05-23 08:00:00,2.0641886441847666,2.1261143035103096
TX_2,2012-05-23 08:30:00,1.116977701048131,1.150487032079575
TX_2,2012-05-23 09:00:00,1.869162095468621,1.9252369583326796
TX_2,2012-05-23 09:30:00,4.956650545993623,5.105350062373432
TX_2,2012-05-23 10:00:00,7.51682133281962,7.742325972804209
TX_2,2012-05-23 10:30:00,6.879482537128414,7.085867013242266
TX_2,2012-05-23 11:00:00,5.957052641758852,6.135764221011618
TX_2,2012-05-23 11:30:00,6.462695427043962,6.656576289855281
TX_2,2012-05-23 12:00:00,5.406353229553936,5.568543826440554
TX_2,2012-05-23 12:30:00,7.445683027492301,7.66905351831707
TX_2,2012-05-23 13:00:00,5.5749253351521695,5.742173095206735
TX_2,2012-05-23 13:30:00,8.07790027214171,8.32023728030596
TX_2,2012-05-23 14:00:00,5.68733064488278,5.857950564229264
TX_2,2012-05-23 14:30:00,4.228436550495701,4.355289647010572
TX_2,2012-05-23 15:00:00,4.519865295122736,4.655461253976418
TX_2,2012-05-23 15:30:00,4.032056932184707,4.153018640150249
TX_2,2012-05-23 16:00:00,4.879019452023957,5.025390035584676
TX_2,2012-05-23 16:30:00,7.276311147561567,7.494600481988415
TX_2,2012-05-23 17:00:00,5.804029188446112,5.978150064099496
TX_2,2012-05-23 17:30:00,5.186949242037148,5.342557719298262
TX_2,2012-05-23 18:00:00,5.574991955550912,5.74224171421744
TX_2,2012-05-23 18:30:00,7.956746384971214,8.195448776520351
TX_2,2012-05-23 19:00:00,13.304178511889534,13.70330386724622
TX_2,2012-05-23 19:30:00,7.594753283496927,7.822595882001835
TX_2,2012-05-23 20:00:00,7.249610145040398,7.46709844939161
TX_2,2012-05-23 20:30:00,7.295122716180911,7.5139763976663385
TX_2,2012-05-23 21:00:00,5.801819678122979,5.975874268466669
TX_2,2012-05-23 21:30:00,5.405343613672481,5.567503922082656
TX_2,2012-05-23 22:00:00,5.920268000032203,6.097876040033169
TX_2,2012-05-23 22:30:00,5.300727753306672,5.459749585905873
TX_2,2012-05-23 23:00:00,3.2811063787158914,3.3795395700773683
TX_2,2012-05-23 23:30:00,3.9902022073264223,4.109908273546215
TX_2,2012-05-24 00:00:00,3.2674918219275324,3.3655165765853585
TX_2,2012-05-24 00:30:00,3.517873917359835,3.62341013488063
TX_2,2012-05-24 01:00:00,3.3869479679145638,3.488556406952001
TX_2,2012-05-24 01:30:00,3.4957544851586917,3.6006271197134527
TX_2,2012-05-24 02:00:00,2.9658785000680945,3.0548548550701375
TX_2,2012-05-24 02:30:00,3.6440036249849195,3.7533237337344674
TX_2,2012-05-24 03:00:00,4.987320914090464,5.136940541513178
TX_2,2012-05-24 03:30:00,2.5518074540630824,2.6283616776849748
TX_2,2012-05-24 04:00:00,2.945977476654663,3.0343568009543027
TX_2,2012-05-24 04:30:00,2.8163567878568214,2.900847491492526
TX_2,2012-05-24 05:00:00,3.190897671169608,3.2866246013046965
TX_2,2012-05-24 05:30:00,2.7850427708523675,2.8685940539779384
TX_2,2012-05-24 06:00:00,3.0515037722535268,3.1430488854211327
TX_2,2012-05-24 06:30:00,4.1317706335860125,4.255723752593593
TX_2,2012-05-24 07:00:00,4.12346864730708,4.2471727067262925
TX_2,2012-05-24 07:30:00,4.9735332458686425,5.122739243244702
TX_2,2012-05-24 08:00:00,5.318192325071706,5.477738094823858
TX_2,2012-05-24 08:30:00,5.002682416353991,5.152762888844611
TX_2,2012-05-24 09:00:00,3.229209235623427,3.32608551269213
TX_2,2012-05-24 09:30:00,3.8614145215011524,3.977256957146187
TX_2,2012-05-24 10:00:00,4.148227706284397,4.272674537472929
TX_2,2012-05-24 10:30:00,4.6854126495947055,4.825975029082547
TX_2,2012-05-24 11:00:00,4.345912531341728,4.47628990728198
TX_2,2012-05-24 11:30:00,4.567770127787159,4.704803231620774
TX_2,2012-05-24 12:00:00,4.836082067673779,4.981164529703992
TX_2,2012-05-24 12:30:00,6.093052063450095,6.275843625353598
TX_2,2012-05-24 13:00:00,5.083828693486239,5.236343554290826
TX_2,2012-05-24 13:30:00,5.260728708662125,5.4185505699219885
TX_2,2012-05-24 14:00:00,5.2233930637462835,5.3800948556586725
TX_2,2012-05-24 14:30:00,4.099830089448589,4.222824992132047
TX_2,2012-05-24 15:00:00,4.491543249459812,4.626289546943607
TX_2,2012-05-24 15:30:00,4.4099159790158575,4.542213458386334
TX_2,2012-05-24 16:00:00,5.975807273556179,6.155081491762864
TX_2,2012-05-24 16:30:00,4.28444063833311,4.412973857483103
TX_2,2012-05-24 17:00:00,5.732987176387643,5.904976791679272
TX_2,2012-05-24 17:30:00,5.419146463056389,5.581720856948081
TX_2,2012-05-24 18:00:00,6.8571605414246175,7.062875357667356
TX_2,2012-05-24 18:30:00,6.241173107314843,6.428408300534288
TX_2,2012-05-24 19:00:00,6.426942664160238,6.6197509440850455
TX_2,2012-05-24 19:30:00,5.793032365674794,5.966823336645038
TX_2,2012-05-24 20:00:00,7.179837228574705,7.395232345431946
TX_2,2012-05-24 20:30:00,8.063826339476645,8.305741129660944
TX_2,2012-05-24 21:00:00,7.500311730391184,7.725321082302919
TX_2,2012-05-24 21:30:00,6.776520564576154,6.979816181513439
TX_2,2012-05-24 22:00:00,5.399918561624192,5.561916118472918
TX_2,2012-05-24 22:30:00,4.673893115507493,4.814109908972718
TX_2,2012-05-24 23:00:00,4.006948984297291,4.12715745382621
TX_2,2012-05-24 23:30:00,4.871069217652433,5.017201294182007
TX_2,2012-05-25 00:00:00,4.0856651772519195,4.208235132569477
TX_2,2012-05-25 00:30:00,5.028332777316451,5.179182760635944
TX_2,2012-05-25 01:00:00,4.835046525779067,4.980097921552439
TX_2,2012-05-25 01:30:00,4.689441778686291,4.83012503204688
TX_2,2012-05-25 02:00:00,5.377518329765292,5.538843879658251
TX_2,2012-05-25 02:30:00,6.446408248395692,6.639800495847563
TX_2,2012-05-25 03:00:00,4.229760475846262,4.35665329012165
TX_2,2012-05-25 03:30:00,2.4648586333307465,2.538804392330669
TX_2,2012-05-25 04:00:00,2.716675982219888,2.7981762616864847
TX_2,2012-05-25 04:30:00,2.7256684707625225,2.807438524885398
TX_2,2012-05-25 05:00:00,3.1502837889409365,3.2447923026091647
TX_2,2012-05-25 05:30:00,3.3023741314824453,3.401445355426919
TX_2,2012-05-25 06:00:00,3.3235997989533934,3.4233077929219955
TX_2,2012-05-25 06:30:00,4.023170778688651,4.143865902049311
TX_2,2012-05-25 07:00:00,5.0647220209230275,5.216663681550719
TX_2,2012-05-25 07:30:00,5.549980554366397,5.716479970997389
TX_2,2012-05-25 08:00:00,4.470884410985585,4.605010943315152
TX_2,2012-05-25 08:30:00,4.476597195110252,4.61089511096356
TX_2,2012-05-25 09:00:00,3.697452813906183,3.8083763983233685
TX_2,2012-05-25 09:30:00,3.1218637644316676,3.2155196773646177
TX_2,2012-05-25 10:00:00,4.931812636909055,5.079767016016327
TX_2,2012-05-25 10:30:00,7.968999809211825,8.20806980348818
TX_2,2012-05-25 11:00:00,4.713387129516355,4.854788743401846
TX_2,2012-05-25 11:30:00,4.663545687157099,4.803452057771812
TX_2,2012-05-25 12:00:00,4.342968851427741,4.473257916970573
TX_2,2012-05-25 12:30:00,4.872568776814753,5.018745840119196
TX_2,2012-05-25 13:00:00,3.0587533938307656,3.1505159956456885
TX_2,2012-05-25 13:30:00,6.029692374555675,6.210583145792346
TX_2,2012-05-25 14:00:00,4.042869028747958,4.164155099610397
TX_2,2012-05-25 14:30:00,4.355049670753017,4.485701160875608
TX_2,2012-05-25 15:00:00,4.046829195558529,4.168234071425285
TX_2,2012-05-25 15:30:00,4.362706805136882,4.493588009290988
TX_2,2012-05-25 16:00:00,4.976600910727197,5.125898938049013
TX_2,2012-05-25 16:30:00,4.171609997831118,4.296758297766052
TX_2,2012-05-25 17:00:00,5.493440832161376,5.658244057126217
TX_2,2012-05-25 17:30:00,6.756665540045526,6.959365506246892
TX_2,2012-05-25 18:00:00,7.246112661613937,7.4634960414623555
TX_2,2012-05-25 18:30:00,9.317218270345489,9.596734818455854
TX_2,2012-05-25 19:00:00,9.400207865419588,9.682214101382176
TX_2,2012-05-25 19:30:00,8.815878964073166,9.080355332995362
TX_2,2012-05-25 20:00:00,7.8302949348482285,8.065203782893676
TX_2,2012-05-25 20:30:00,5.4625972491108765,5.6264751665842025
TX_2,2012-05-25 21:00:00,6.9519546835272585,7.160513324033077
TX_2,2012-05-25 21:30:00,5.796588001959743,5.970485642018536
TX_2,2012-05-25 22:00:00,6.145813654597588,6.330188064235516
TX_2,2012-05-25 22:30:00,6.048818265799962,6.230282813773961
TX_2,2012-05-25 23:00:00,4.8563950038397925,5.002086853954986
TX_2,2012-05-25 23:30:00,3.4013612378541165,3.50340207498974
TX_2,2012-05-26 00:00:00,3.702058379124623,3.8131201304983615
TX_2,2012-05-26 00:30:00,2.9719906231236886,3.0611503418173993
TX_2,2012-05-26 01:00:00,2.8354723513626583,2.920536521903538
TX_2,2012-05-26 01:30:00,3.4884670453660864,3.5931210567270693
TX_2,2012-05-26 02:00:00,2.249688265459889,2.3171789134236858
TX_2,2012-05-26 02:30:00,3.816909948163173,3.9314172466080683
TX_2,2012-05-26 03:00:00,2.9584927762484,3.047247559535852
TX_2,2012-05-26 03:30:00,2.907890234306346,2.9951269413355366
TX_2,2012-05-26 04:00:00,2.921215438124524,3.0088519012682595
TX_2,2012-05-26 04:30:00,2.6547763880343562,2.734419679675387
TX_2,2012-05-26 05:00:00,3.22551518175691,3.3222806372096176
TX_2,2012-05-26 05:30:00,2.5850724379025953,2.662624611039673
TX_2,2012-05-26 06:00:00,2.8578802758823283,2.943616684158798
TX_2,2012-05-26 06:30:00,4.067961755515951,4.190000608181429
TX_2,2012-05-26 07:00:00,6.927644391044597,7.135473722775934
TX_2,2012-05-26 07:30:00,5.721200178531794,5.8928361838877485
TX_2,2012-05-26 08:00:00,6.296841917607781,6.485747175136014
TX_2,2012-05-26 08:30:00,5.5612599633785775,5.728097762279935
TX_2,2012-05-26 09:00:00,4.869060910939058,5.01513273826723
TX_2,2012-05-26 09:30:00,4.150265255155031,4.2747732128096825
TX_2,2012-05-26 10:00:00,5.143633514064253,5.29794251948618
TX_2,2012-05-26 10:30:00,4.415122775701087,4.547576458972119
TX_2,2012-05-26 11:00:00,5.6678855868413285,5.837922154446568
TX_2,2012-05-26 11:30:00,5.213413530223351,5.369815936130052
TX_2,2012-05-26 12:00:00,5.841807029428909,6.017061240311777
TX_2,2012-05-26 12:30:00,6.716226640705771,6.917713439926945
TX_2,2012-05-26 13:00:00,4.302655512201234,4.431735177567271
TX_2,2012-05-26 13:30:00,7.00555177555718,7.215718328823895
TX_2,2012-05-26 14:00:00,6.3740094364038695,6.565229719495986
TX_2,2012-05-26 14:30:00,4.076877706082023,4.199184037264484
TX_2,2012-05-26 15:00:00,4.109458507025732,4.232742262236504
TX_2,2012-05-26 15:30:00,4.998318295966506,5.148267844845501
TX_2,2012-05-26 16:00:00,5.438799463483534,5.60196344738804
TX_2,2012-05-26 16:30:00,4.280154685519738,4.408559326085331
TX_2,2012-05-26 17:00:00,4.7466031168186005,4.889001210323158
TX_2,2012-05-26 17:30:00,4.988780659117728,5.1384440788912595
TX_2,2012-05-26 18:00:00,5.6423728202312144,5.8116440048381515
TX_2,2012-05-26 18:30:00,3.620236253903721,3.728843341520833
TX_2,2012-05-26 19:00:00,5.662052957954117,5.83191454669274
TX_2,2012-05-26 19:30:00,5.2152891366725225,5.371747810772698
TX_2,2012-05-26 20:00:00,5.030267706142004,5.181175737326264
TX_2,2012-05-26 20:30:00,4.284390269556283,4.412921977642972
TX_2,2012-05-26 21:00:00,4.218741167413548,4.345303402435955
TX_2,2012-05-26 21:30:00,4.474580315923976,4.608817725401695
TX_2,2012-05-26 22:00:00,4.0279664043055705,4.148805396434738
TX_2,2012-05-26 22:30:00,3.5622017392061767,3.669067791382362
TX_2,2012-05-26 23:00:00,3.311101304958166,3.4104343441069114
TX_2,2012-05-26 23:30:00,4.372623934455946,4.503802652489624
TX_2,2012-05-27 00:00:00,3.8474745272536093,3.962898763071218
TX_2,2012-05-27 00:30:00,4.5384348433932855,4.6745878886950845
TX_2,2012-05-27 01:00:00,4.182063151051734,4.3075250455832865
TX_2,2012-05-27 01:30:00,3.6404198091701474,3.749632403445252
TX_2,2012-05-27 02:00:00,3.459966478585866,3.5637654729434423
TX_2,2012-05-27 02:30:00,3.818362673460536,3.932913553664352
TX_2,2012-05-27 03:00:00,3.2531490859333605,3.350743558511361
TX_2,2012-05-27 03:30:00,2.4638931619536315,2.5378099568122403
TX_2,2012-05-27 04:00:00,2.840507444157689,2.9257226674824195
TX_2,2012-05-27 04:30:00,2.1040988072354327,2.1672217714524957
TX_2,2012-05-27 05:00:00,2.774630224138083,2.8578691308622255
TX_2,2012-05-27 05:30:00,2.2305681614880686,2.297485206332711
TX_2,2012-05-27 06:00:00,2.5105918709603166,2.585909627089126
TX_2,2012-05-27 06:30:00,2.6382675268118607,2.7174155526162167
TX_2,2012-05-27 07:00:00,5.4382932945256774,5.601442093361448
TX_2,2012-05-27 07:30:00,5.840410690937219,6.015623011665336
TX_2,2012-05-27 08:00:00,4.8133910452431925,4.957792776600488
TX_2,2012-05-27 08:30:00,6.537885430992059,6.734021993921821
TX_2,2012-05-27 09:00:00,7.1733339104601885,7.388533927773994
TX_2,2012-05-27 09:30:00,7.15042313369719,7.3649358277081065
TX_2,2012-05-27 10:00:00,7.334722377032333,7.554764048343303
TX_2,2012-05-27 10:30:00,7.66565908102393,7.895628853454648
TX_2,2012-05-27 11:00:00,5.922714167343812,6.100395592364126
TX_2,2012-05-27 11:30:00,5.793784778871029,5.967598322237159
TX_2,2012-05-27 12:00:00,5.638804570946381,5.807968708074773
TX_2,2012-05-27 12:30:00,7.0445805488970255,7.2559179653639365
TX_2,2012-05-27 13:00:00,7.843138159424425,8.078432304207158
TX_2,2012-05-27 13:30:00,7.653366731149426,7.882967733083909
TX_2,2012-05-27 14:00:00,7.205195058475533,7.4213509102297985
TX_2,2012-05-27 14:30:00,5.354660325672506,5.515300135442681
TX_2,2012-05-27 15:00:00,5.706033174681049,5.877214169921481
TX_2,2012-05-27 15:30:00,4.207154656598227,4.3333692962961745
TX_2,2012-05-27 16:00:00,6.085315716934587,6.267875188442624
TX_2,2012-05-27 16:30:00,7.016859079891377,7.227364852288119
TX_2,2012-05-27 17:00:00,8.327158575009953,8.576973332260252
TX_2,2012-05-27 17:30:00,6.95027296348793,7.158781152392568
TX_2,2012-05-27 18:00:00,6.567050961699454,6.7640624905504385
TX_2,2012-05-27 18:30:00,7.0226499908315745,7.233329490556522
TX_2,2012-05-27 19:00:00,6.373372413489268,6.564573585893947
TX_2,2012-05-27 19:30:00,4.91755508387958,5.0650817363959675
TX_2,2012-05-27 20:00:00,4.465882634502651,4.599859113537731
TX_2,2012-05-27 20:30:00,5.601540992416345,5.769587222188835
TX_2,2012-05-27 21:00:00,6.235269679429657,6.422327769812547
TX_2,2012-05-27 21:30:00,8.194029210015294,8.439850086315754
TX_2,2012-05-27 22:00:00,5.6577840436488955,5.827517564958362
TX_2,2012-05-27 22:30:00,4.812805226682941,4.9571893834834295
TX_2,2012-05-27 23:00:00,6.308483705788191,6.497738216961837
TX_2,2012-05-27 23:30:00,7.657393503725111,7.887115308836865
TX_2,2012-05-28 00:00:00,4.666735950699541,4.8067380292205275
TX_2,2012-05-28 00:30:00,3.4099590260235484,3.512257796804255
TX_2,2012-05-28 01:00:00,3.4378867613922264,3.541023364233993
TX_2,2012-05-28 01:30:00,3.3373191823753237,3.4374387578465835
TX_2,2012-05-28 02:00:00,3.0610234862370373,3.1528541908241485
TX_2,2012-05-28 02:30:00,3.9646093651135845,4.083547646066992
TX_2,2012-05-28 03:00:00,3.7882584525743237,3.9019062061515535
TX_2,2012-05-28 03:30:00,2.494428836085214,2.5692617011677705
TX_2,2012-05-28 04:00:00,2.7564412565893885,2.8391344942870704
TX_2,2012-05-28 04:30:00,2.4731780345343113,2.5473733755703405
TX_2,2012-05-28 05:00:00,3.0645951861576903,3.156533041742421
TX_2,2012-05-28 05:30:00,3.8879169693675735,4.0045544784486005
TX_2,2012-05-28 06:00:00,3.7796070808808957,3.892995293307323
TX_2,2012-05-28 06:30:00,3.43072302382905,3.5336447145439216
TX_2,2012-05-28 07:00:00,4.627823258058907,4.7666579558006745
TX_2,2012-05-28 07:30:00,4.8068254461702695,4.951030209555378
TX_2,2012-05-28 08:00:00,3.9689728872600605,4.088042073877863
TX_2,2012-05-28 08:30:00,5.3142208777003965,5.473647504031408
TX_2,2012-05-28 09:00:00,5.081584818407375,5.234032362959597
TX_2,2012-05-28 09:30:00,3.521277306064712,3.6269156252466535
TX_2,2012-05-28 10:00:00,4.817184642450019,4.961700181723519
TX_2,2012-05-28 10:30:00,3.733635668427029,3.84564473847984
TX_2,2012-05-28 11:00:00,4.154113069155456,4.27873646123012
TX_2,2012-05-28 11:30:00,4.490291509346787,4.62500025462719
TX_2,2012-05-28 12:00:00,4.089066556164553,4.21173855284949
TX_2,2012-05-28 12:30:00,4.670134178574852,4.810238203932098
TX_2,2012-05-28 13:00:00,3.305570572956248,3.4047376901449358
TX_2,2012-05-28 13:30:00,5.065974591270925,5.217953829009053
TX_2,2012-05-28 14:00:00,6.281929060587444,6.470386932405067
TX_2,2012-05-28 14:30:00,4.404018901278378,4.53613946831673
TX_2,2012-05-28 15:00:00,4.849467301029799,4.994951320060693
TX_2,2012-05-28 15:30:00,3.7100385735641037,3.821339730771027
TX_2,2012-05-28 16:00:00,5.180330079647359,5.335739982036779
TX_2,2012-05-28 16:30:00,5.609414272773344,5.777696700956544
TX_2,2012-05-28 17:00:00,6.54801906210463,6.744459633967769
TX_2,2012-05-28 17:30:00,6.5688861550112145,6.765952739661551
TX_2,2012-05-28 18:00:00,5.413890416043704,5.576307128525015
TX_2,2012-05-28 18:30:00,6.249128158693705,6.436602003454516
TX_2,2012-05-28 19:00:00,7.504285718820347,7.729414290384957
TX_2,2012-05-28 19:30:00,7.738248002411537,7.970395442483883
TX_2,2012-05-28 20:00:00,8.141461514946151,8.385705360394535
TX_2,2012-05-28 20:30:00,6.5835360610689815,6.781042142901051
TX_2,2012-05-28 21:00:00,6.03441769785363,6.21545022878924
TX_2,2012-05-28 21:30:00,5.291931885151496,5.450689841706041
TX_2,2012-05-28 22:00:00,5.352661763090636,5.513241615983356
TX_2,2012-05-28 22:30:00,6.305032954931591,6.494183943579539
TX_2,2012-05-28 23:00:00,3.9370074454715445,4.055117668835691
TX_2,2012-05-28 23:30:00,3.426868112357774,3.5296741557285074
TX_2,2012-05-29 00:00:00,3.2222881140102637,3.3189567574305716
TX_2,2012-05-29 00:30:00,3.1718713955968396,3.267027537464745
TX_2,2012-05-29 01:00:00,3.270108294798238,3.368211543642185
TX_2,2012-05-29 01:30:00,2.5575155306802633,2.6342409966006715
TX_2,2012-05-29 02:00:00,3.658425448535307,3.768178211991366
TX_2,2012-05-29 02:30:00,3.6062744739440897,3.7144627081624124
TX_2,2012-05-29 03:00:00,4.030251054692146,4.15115858633291
TX_2,2012-05-29 03:30:00,2.335641521552329,2.405710767198899
TX_2,2012-05-29 04:00:00,2.9281398457894405,3.015984041163124
TX_2,2012-05-29 04:30:00,2.9541304736774587,3.0427543878877827
TX_2,2012-05-29 05:00:00,2.791954129361076,2.8757127532419084
TX_2,2012-05-29 05:30:00,2.851017158248638,2.936547672996097
TX_2,2012-05-29 06:00:00,4.18218280600287,4.307648290182956
TX_2,2012-05-29 06:30:00,3.939076829616123,4.057249134504607
TX_2,2012-05-29 07:00:00,5.098167313500155,5.251112332905159
TX_2,2012-05-29 07:30:00,4.660290187309236,4.8000988929285135
TX_2,2012-05-29 08:00:00,6.4015338114364635,6.593579825779558
TX_2,2012-05-29 08:30:00,7.000467416871268,7.210481439377406
TX_2,2012-05-29 09:00:00,4.345069703845588,4.475421794960956
TX_2,2012-05-29 09:30:00,4.302416365056987,4.431488856008697
TX_2,2012-05-29 10:00:00,4.005593259805989,4.125761057600169
TX_2,2012-05-29 10:30:00,3.962906710270191,4.081793911578297
TX_2,2012-05-29 11:00:00,3.874266406720714,3.9904943989223356
TX_2,2012-05-29 11:30:00,4.248696769222407,4.37615767229908
TX_2,2012-05-29 12:00:00,5.266981030227404,5.424990461134226
TX_2,2012-05-29 12:30:00,5.205000283565545,5.361150292072512
TX_2,2012-05-29 13:00:00,4.207001435314366,4.333211478373797
TX_2,2012-05-29 13:30:00,4.699288778292204,4.840267441640971
TX_2,2012-05-29 14:00:00,3.7465710767928586,3.8589682090966444
TX_2,2012-05-29 14:30:00,3.264926537070861,3.362874333182987
TX_2,2012-05-29 15:00:00,3.8849189417602448,4.001466510013052
TX_2,2012-05-29 15:30:00,3.6557805458214667,3.7654539621961107
TX_2,2012-05-29 16:00:00,3.5469745865101867,3.6533838241054926
TX_2,2012-05-29 16:30:00,5.822944434946652,5.997632767995052
TX_2,2012-05-29 17:00:00,5.141174663127014,5.295409903020825
TX_2,2012-05-29 17:30:00,6.13930047163316,6.323479485782155
TX_2,2012-05-29 18:00:00,4.725661311784084,4.867431151137607
TX_2,2012-05-29 18:30:00,7.238750894310584,7.455913421139902
TX_2,2012-05-29 19:00:00,7.780585262245279,8.014002820112637
TX_2,2012-05-29 19:30:00,9.384318043184372,9.665847584479904
TX_2,2012-05-29 20:00:00,6.6466657253660895,6.846065697127072
TX_2,2012-05-29 20:30:00,6.218465915335641,6.4050198927957105
TX_2,2012-05-29 21:00:00,7.334346386784011,7.554376778387532
TX_2,2012-05-29 21:30:00,6.745579807237037,6.947947201454149
TX_2,2012-05-29 22:00:00,6.898662348644849,7.105622219104195
TX_2,2012-05-29 22:30:00,4.639241975591382,4.778419234859124
TX_2,2012-05-29 23:00:00,3.868007143123497,3.984047357417202
TX_2,2012-05-29 23:30:00,3.0804628373971807,3.172876722519096
TX_2,2012-05-30 00:00:00,3.852892517175918,3.9684792926911956
TX_2,2012-05-30 00:30:00,2.853007261592959,2.938597479440748
TX_2,2012-05-30 01:00:00,3.4655456268863905,3.569511995692982
TX_2,2012-05-30 01:30:00,2.618926824185959,2.697494628911538
TX_2,2012-05-30 02:00:00,2.678535975316969,2.7588920545764783
TX_2,2012-05-30 02:30:00,3.812045558048567,3.9264069247900237
TX_2,2012-05-30 03:00:00,3.0424098611828487,3.133682157018334
TX_2,2012-05-30 03:30:00,2.7268927338810385,2.80869951589747
TX_2,2012-05-30 04:00:00,2.6264956921623424,2.7052905629272126
TX_2,2012-05-30 04:30:00,3.3022270439524393,3.4012938552710126
TX_2,2012-05-30 05:00:00,2.6035754908445976,2.6816827555699354
TX_2,2012-05-30 05:30:00,4.089675433841925,4.212365696857183
TX_2,2012-05-30 06:00:00,3.3177997611382715,3.41733375397242
TX_2,2012-05-30 06:30:00,3.5389119603438965,3.6450793191542137
TX_2,2012-05-30 07:00:00,5.3180371858936795,5.47757830147049
TX_2,2012-05-30 07:30:00,4.630194486970273,4.769100321579382
TX_2,2012-05-30 08:00:00,5.605580982548908,5.773748412025375
TX_2,2012-05-30 08:30:00,4.983727351896576,5.133239172453473
TX_2,2012-05-30 09:00:00,4.675856527745769,4.816132223578142
TX_2,2012-05-30 09:30:00,5.315788614049074,5.475262272470546
TX_2,2012-05-30 10:00:00,5.2722470511945305,5.430414462730367
TX_2,2012-05-30 10:30:00,3.1755950398844246,3.2708628910809576
TX_2,2012-05-30 11:00:00,4.041132240988894,4.162366208218561
TX_2,2012-05-30 11:30:00,2.77204506541816,2.855206417380705
TX_2,2012-05-30 12:00:00,5.766271518255002,5.939259663802653
TX_2,2012-05-30 12:30:00,4.0635983319948075,4.185506281954652
TX_2,2012-05-30 13:00:00,3.9054539430776334,4.022617561369962
TX_2,2012-05-30 13:30:00,4.468167813611503,4.602212848019848
TX_2,2012-05-30 14:00:00,4.384658631137118,4.5161983900712315
TX_2,2012-05-30 14:30:00,4.314686200952209,4.4441267869807755
TX_2,2012-05-30 15:00:00,4.159271016816194,4.28404914732068
TX_2,2012-05-30 15:30:00,4.182281358047845,4.30774979878928
TX_2,2012-05-30 16:00:00,6.006462639845321,6.186656519040681
TX_2,2012-05-30 16:30:00,7.234703403646466,7.45174450575586
TX_2,2012-05-30 17:00:00,11.345360163273552,11.68572096817176
TX_2,2012-05-30 17:30:00,8.24632542012565,8.49371518272942
TX_2,2012-05-30 18:00:00,6.956460088293657,7.165153890942467
TX_2,2012-05-30 18:30:00,6.5996894635906695,6.79768014749839
TX_2,2012-05-30 19:00:00,5.097608418489887,5.250536671044584
TX_2,2012-05-30 19:30:00,5.223849685869424,5.380565176445507
TX_2,2012-05-30 20:00:00,8.228462752128369,8.47531663469222
TX_2,2012-05-30 20:30:00,7.861747198762418,8.097599614725292
TX_2,2012-05-30 21:00:00,6.5253578807396835,6.721118617161874
TX_2,2012-05-30 21:30:00,6.234651964032667,6.4216915229536475
TX_2,2012-05-30 22:00:00,6.39470184042073,6.586542895633352
TX_2,2012-05-30 22:30:00,6.538945523232384,6.735113888929355
TX_2,2012-05-30 23:00:00,6.201510051963439,6.387555353522342
TX_2,2012-05-30 23:30:00,4.000227329041312,4.120234148912552
TX_2,2012-05-31 00:00:00,3.2953886809241677,3.394250341351893
TX_2,2012-05-31 00:30:00,2.2130332782791586,2.2794242766275334
TX_2,2012-05-31 01:00:00,2.8628752482692197,2.9487615057172962
TX_2,2012-05-31 01:30:00,2.324531870992837,2.394267827122622
TX_2,2012-05-31 02:00:00,2.478000939043535,2.552340967214841
TX_2,2012-05-31 02:30:00,3.4120174789284348,3.514378003296288
TX_2,2012-05-31 03:00:00,3.1174070095970037,3.210929219884914
TX_2,2012-05-31 03:30:00,2.232560753054099,2.299537575645722
TX_2,2012-05-31 04:00:00,2.305966222412753,2.3751452090851353
TX_2,2012-05-31 04:30:00,2.773586980728791,2.856794590150655
TX_2,2012-05-31 05:00:00,2.7664259331872634,2.8494187111828815
TX_2,2012-05-31 05:30:00,3.9965620569384983,4.116458918646654
TX_2,2012-05-31 06:00:00,5.655669285791165,5.8253393643649
TX_2,2012-05-31 06:30:00,5.158987533032538,5.313757159023514
TX_2,2012-05-31 07:00:00,5.478255049051234,5.6426027005227715
TX_2,2012-05-31 07:30:00,5.192073361656818,5.347835562506523
TX_2,2012-05-31 08:00:00,5.1168736017603536,5.270379809813164
TX_2,2012-05-31 08:30:00,5.6834630965053705,5.853966989400532
TX_2,2012-05-31 09:00:00,8.989898152908403,9.259595097495655
TX_2,2012-05-31 09:30:00,6.1395444415699485,6.323730774817047
TX_2,2012-05-31 10:00:00,5.183531519465029,5.33903746504898
TX_2,2012-05-31 10:30:00,4.142717446526728,4.26699896992253
TX_2,2012-05-31 11:00:00,3.8081793916446696,3.9224247733940096
TX_2,2012-05-31 11:30:00,4.62036811203335,4.758979155394351
TX_2,2012-05-31 12:00:00,6.066242145541095,6.248229409907328
TX_2,2012-05-31 12:30:00,3.161922903677523,3.256780590787849
TX_2,2012-05-31 13:00:00,3.4192661652035676,3.5218441501596747
TX_2,2012-05-31 13:30:00,4.919781802995965,5.067375257085844
TX_2,2012-05-31 14:00:00,4.4329975780302275,4.565987505371134
TX_2,2012-05-31 14:30:00,3.170859821072481,3.265985615704656
TX_2,2012-05-31 15:00:00,3.766651994776128,3.879651554619412
TX_2,2012-05-31 15:30:00,5.7465623417120675,5.91895921196343
TX_2,2012-05-31 16:00:00,4.92243528586863,5.070108344444689
TX_2,2012-05-31 16:30:00,4.761378960998031,4.9042203298279725
TX_2,2012-05-31 17:00:00,5.217332904332104,5.373852891462067
TX_2,2012-05-31 17:30:00,4.898999832921554,5.0459698279092
TX_2,2012-05-31 18:00:00,4.7294903784198405,4.871375089772436
TX_2,2012-05-31 18:30:00,4.525332900754889,4.661092887777536
TX_2,2012-05-31 19:00:00,5.228147523385573,5.384991949087141
TX_2,2012-05-31 19:30:00,5.52979530268526,5.695689161765818
TX_2,2012-05-31 20:00:00,5.103425190284044,5.256527945992565
TX_2,2012-05-31 20:30:00,7.058689249711248,7.270449927202586
TX_2,2012-05-31 21:00:00,5.18434615066583,5.339876535185804
TX_2,2012-05-31 21:30:00,5.933719232435554,6.111730809408621
TX_2,2012-05-31 22:00:00,4.455965891485608,4.5896448682301765
TX_2,2012-05-31 22:30:00,3.312883495112289,3.412269999965658
TX_2,2012-05-31 23:00:00,4.616903631994841,4.755410740954686
TX_2,2012-05-31 23:30:00,3.2974300864802486,3.396352989074656
TX_2,2012-06-01 00:00:00,3.720625813438973,3.8322445878421423
TX_2,2012-06-01 00:30:00,3.2827930343459797,3.381276825376359
TX_2,2012-06-01 01:00:00,3.3887374142041984,3.490399536630324
TX_2,2012-06-01 01:30:00,3.4755057539918406,3.579770926611596
TX_2,2012-06-01 02:00:00,2.88938742520508,2.9760690479612326
TX_2,2012-06-01 02:30:00,3.641793759352286,3.751047572132855
TX_2,2012-06-01 03:00:00,4.136498145242075,4.260593089599337
TX_2,2012-06-01 03:30:00,2.753101126266723,2.8356941600547247
TX_2,2012-06-01 04:00:00,2.663946165098908,2.7438645500518755
TX_2,2012-06-01 04:30:00,3.0677209570213932,3.159752585732035
TX_2,2012-06-01 05:00:00,3.0839565876899733,3.1764752853206724
TX_2,2012-06-01 05:30:00,3.411341449118772,3.5136816925923355
TX_2,2012-06-01 06:00:00,2.9097023723183177,2.9969934434878676
TX_2,2012-06-01 06:30:00,4.249771767848833,4.377264920884299
TX_2,2012-06-01 07:00:00,4.106065632246806,4.22924760121421
TX_2,2012-06-01 07:30:00,7.081777356345332,7.294230677035692
TX_2,2012-06-01 08:00:00,5.163321987130002,5.318221646743901
TX_2,2012-06-01 08:30:00,6.263442221240081,6.451345487877283
TX_2,2012-06-01 09:00:00,7.104530716408892,7.317666637901159
TX_2,2012-06-01 09:30:00,3.528370859108909,3.6342219848821764
TX_2,2012-06-01 10:00:00,5.647109751462664,5.816523044006544
TX_2,2012-06-01 10:30:00,4.268123137952527,4.396166832091103
TX_2,2012-06-01 11:00:00,5.893047763072094,6.069839195964256
TX_2,2012-06-01 11:30:00,3.9550967495060156,4.073749651991196
TX_2,2012-06-01 12:00:00,4.817241153284215,4.961758387882742
TX_2,2012-06-01 12:30:00,4.56683095467222,4.703835883312387
TX_2,2012-06-01 13:00:00,7.279824083597777,7.498218806105711
TX_2,2012-06-01 13:30:00,6.902411829910096,7.109484184807399
TX_2,2012-06-01 14:00:00,8.32508074554452,8.574833167910857
TX_2,2012-06-01 14:30:00,5.677926284767506,5.848264073310531
TX_2,2012-06-01 15:00:00,4.614248022282041,4.752675462950502
TX_2,2012-06-01 15:30:00,5.561615954076705,5.728464432699007
TX_2,2012-06-01 16:00:00,4.950890523807502,5.099417239521727
TX_2,2012-06-01 16:30:00,4.0235312551372,4.144237192791316
TX_2,2012-06-01 17:00:00,4.895814208502831,5.042688634757916
TX_2,2012-06-01 17:30:00,5.62171146230404,5.790362806173161
TX_2,2012-06-01 18:00:00,7.980131349566057,8.21953529005304
TX_2,2012-06-01 18:30:00,8.645793059991574,8.905166851791321
TX_2,2012-06-01 19:00:00,5.058803695842987,5.210567806718276
TX_2,2012-06-01 19:30:00,5.549396830878928,5.715878735805296
TX_2,2012-06-01 20:00:00,5.258302172335558,5.4160512375056244
TX_2,2012-06-01 20:30:00,7.43672925432295,7.659831131952639
TX_2,2012-06-01 21:00:00,7.0156854929888,7.226156057778464
TX_2,2012-06-01 21:30:00,6.5653045846950056,6.762263722235856
TX_2,2012-06-01 22:00:00,4.409732822234258,4.542024806901287
TX_2,2012-06-01 22:30:00,4.139389601731352,4.263571289783293
TX_2,2012-06-01 23:00:00,4.135147307016505,4.259201726226999
TX_2,2012-06-01 23:30:00,4.128106135781216,4.251949319854653
TX_2,2012-06-02 00:00:00,3.199885281595288,3.2958818400431467
TX_2,2012-06-02 00:30:00,2.6241455516220555,2.7028699181707174
TX_2,2012-06-02 01:00:00,3.269593246001071,3.3676810433811033
TX_2,2012-06-02 01:30:00,2.770624047448839,2.853742768872304
TX_2,2012-06-02 02:00:00,2.8766786498018564,2.9629790092959123
TX_2,2012-06-02 02:30:00,3.2123637937006055,3.308734707511624
TX_2,2012-06-02 03:00:00,2.953236254903652,3.0418333425507615
TX_2,2012-06-02 03:30:00,2.14664689607204,2.2110463029542013
TX_2,2012-06-02 04:00:00,2.669024976657849,2.749095725957585
TX_2,2012-06-02 04:30:00,2.667141953623095,2.747156212231788
TX_2,2012-06-02 05:00:00,3.229321550331893,3.32620119684185
TX_2,2012-06-02 05:30:00,2.745639349620536,2.8280085301091518
TX_2,2012-06-02 06:00:00,2.850890306179202,2.936417015364578
TX_2,2012-06-02 06:30:00,3.2277936087426715,3.324627417004952
TX_2,2012-06-02 07:00:00,3.7370717035895282,3.8491838546972144
TX_2,2012-06-02 07:30:00,4.492925885965364,4.627713662544325
TX_2,2012-06-02 08:00:00,4.945010395476581,5.093360707340879
TX_2,2012-06-02 08:30:00,5.649623709039054,5.819112420310226
TX_2,2012-06-02 09:00:00,5.233350007781086,5.390350508014518
TX_2,2012-06-02 09:30:00,6.243628228849478,6.430937075714962
TX_2,2012-06-02 10:00:00,5.712647194645481,5.884026610484845
TX_2,2012-06-02 10:30:00,6.052254154892662,6.233821779539442
TX_2,2012-06-02 11:00:00,7.485341730431019,7.70990198234395
TX_2,2012-06-02 11:30:00,7.124139224567628,7.337863401304657
TX_2,2012-06-02 12:00:00,8.570181151333307,8.827286585873306
TX_2,2012-06-02 12:30:00,6.456129291601831,6.649813170349886
TX_2,2012-06-02 13:00:00,7.53716543214898,7.7632803951134495
TX_2,2012-06-02 13:30:00,5.46582038345915,5.629794994962924
TX_2,2012-06-02 14:00:00,5.825075999120819,5.9998282790944435
TX_2,2012-06-02 14:30:00,3.9227456790334525,4.040428049404456
TX_2,2012-06-02 15:00:00,4.632174500713022,4.771139735734413
TX_2,2012-06-02 15:30:00,5.235094577480132,5.392147414804536
TX_2,2012-06-02 16:00:00,6.511286380891032,6.706624972317763
TX_2,2012-06-02 16:30:00,4.009357682204637,4.129638412670777
TX_2,2012-06-02 17:00:00,4.182623599906984,4.308102307904194
TX_2,2012-06-02 17:30:00,4.27258506232462,4.400762614194359
TX_2,2012-06-02 18:00:00,4.314086260122945,4.443508847926633
TX_2,2012-06-02 18:30:00,4.901236737770343,5.0482738399034535
TX_2,2012-06-02 19:00:00,5.317054200274452,5.476565826282686
TX_2,2012-06-02 19:30:00,4.204130054952731,4.330253956601314
TX_2,2012-06-02 20:00:00,4.696960741507799,4.837869563753033
TX_2,2012-06-02 20:30:00,5.569246434394254,5.736323827426081
TX_2,2012-06-02 21:00:00,4.527496712700158,4.663321614081163
TX_2,2012-06-02 21:30:00,4.623127923111521,4.7618217608048665
TX_2,2012-06-02 22:00:00,4.089179836200305,4.2118552312863144
TX_2,2012-06-02 22:30:00,4.157066585125479,4.281778582679244
TX_2,2012-06-02 23:00:00,3.457825942298433,3.5615607205673863
TX_2,2012-06-02 23:30:00,2.894298718799255,2.9811276803632327
TX_2,2012-06-03 00:00:00,2.8725014461525387,2.958676489537115
TX_2,2012-06-03 00:30:00,2.447986281264299,2.5214258697022283
TX_2,2012-06-03 01:00:00,2.7889524828111503,2.872621057295485
TX_2,2012-06-03 01:30:00,2.570866983239157,2.6479929927363317
TX_2,2012-06-03 02:00:00,2.7886518564772245,2.872311412171541
TX_2,2012-06-03 02:30:00,3.3111711785904276,3.4105063139481406
TX_2,2012-06-03 03:00:00,3.35947797543567,3.46026231469874
TX_2,2012-06-03 03:30:00,2.164210188226013,2.229136493872794
TX_2,2012-06-03 04:00:00,2.682883150423742,2.763369644936454
TX_2,2012-06-03 04:30:00,2.162746422889435,2.227628815576118
TX_2,2012-06-03 05:00:00,3.0991265476094587,3.1921003440377427
TX_2,2012-06-03 05:30:00,2.765580210862602,2.8485476171884803
TX_2,2012-06-03 06:00:00,2.986205088383349,3.0757912410348496
TX_2,2012-06-03 06:30:00,3.24544201146743,3.3428052718114527
TX_2,2012-06-03 07:00:00,3.7097794602368728,3.821072844043979
TX_2,2012-06-03 07:30:00,4.320765167355727,4.450388122376399
TX_2,2012-06-03 08:00:00,5.5035452422007305,5.668651599466752
TX_2,2012-06-03 08:30:00,4.990741505773657,5.140463750946866
TX_2,2012-06-03 09:00:00,4.73627352535214,4.8783617311127045
TX_2,2012-06-03 09:30:00,7.442352092806118,7.665622655590302
TX_2,2012-06-03 10:00:00,7.218935922151128,7.435503999815662
TX_2,2012-06-03 10:30:00,6.893965084582385,7.100784037119857
TX_2,2012-06-03 11:00:00,8.103925689840548,8.347043460535764
TX_2,2012-06-03 11:30:00,5.189705125114746,5.345396278868189
TX_2,2012-06-03 12:00:00,5.6140703003410355,5.782492409351267
TX_2,2012-06-03 12:30:00,6.103392366001474,6.286494136981518
TX_2,2012-06-03 13:00:00,6.387918332379704,6.579555882351095
TX_2,2012-06-03 13:30:00,6.935569628825675,7.143636717690446
TX_2,2012-06-03 14:00:00,6.6221108979180086,6.820774224855549
TX_2,2012-06-03 14:30:00,6.545258640239916,6.741616399447113
TX_2,2012-06-03 15:00:00,6.773902574500985,6.977119651736015
TX_2,2012-06-03 15:30:00,5.470320472005112,5.634430086165266
TX_2,2012-06-03 16:00:00,7.317767597102969,7.537300625016058
TX_2,2012-06-03 16:30:00,10.17228992019563,10.477458617801497
TX_2,2012-06-03 17:00:00,8.30666441305948,8.555864345451264
TX_2,2012-06-03 17:30:00,9.997491824011131,10.297416578731466
TX_2,2012-06-03 18:00:00,11.21159898901013,11.547946958680434
TX_2,2012-06-03 18:30:00,8.84730268048658,9.112721760901177
TX_2,2012-06-03 19:00:00,8.840658989114097,9.10587875878752
TX_2,2012-06-03 19:30:00,7.62827387835146,7.857122094702004
TX_2,2012-06-03 20:00:00,7.184083906904708,7.399606424111849
TX_2,2012-06-03 20:30:00,5.75885011758296,5.931615621110449
TX_2,2012-06-03 21:00:00,5.920004442579351,6.0976045758567325
TX_2,2012-06-03 21:30:00,5.767242200045919,5.940259466047297
TX_2,2012-06-03 22:00:00,4.37097173272401,4.50210088470573
TX_2,2012-06-03 22:30:00,4.484913266118256,4.619460664101804
TX_2,2012-06-03 23:00:00,3.2374159836921814,3.334538463202947
TX_2,2012-06-03 23:30:00,3.052251234995622,3.1438187720454907
TX_2,2012-06-04 00:00:00,3.775844793363229,3.889120137164126
TX_2,2012-06-04 00:30:00,3.1636964798186273,3.2586073742131862
TX_2,2012-06-04 01:00:00,2.822238036546909,2.9069051776433166
TX_2,2012-06-04 01:30:00,2.483194473936173,2.5576903081542586
TX_2,2012-06-04 02:00:00,3.7137518392414886,3.8251643944187332
TX_2,2012-06-04 02:30:00,3.9945020422559,4.114337103523577
TX_2,2012-06-04 03:00:00,3.969022473223102,4.088093147419795
TX_2,2012-06-04 03:30:00,2.564981677954981,2.6419311282936304
TX_2,2012-06-04 04:00:00,2.6680673670881583,2.748109388100803
TX_2,2012-06-04 04:30:00,2.543691366109759,2.6200021070930517
TX_2,2012-06-04 05:00:00,2.8556403827242933,2.941309594206022
TX_2,2012-06-04 05:30:00,2.7623277144001155,2.845197545832119
TX_2,2012-06-04 06:00:00,3.1528726671841483,3.2474588471996726
TX_2,2012-06-04 06:30:00,4.0059079389238805,4.126085177091597
TX_2,2012-06-04 07:00:00,4.365700715495079,4.496671736959931
TX_2,2012-06-04 07:30:00,4.155630298627816,4.28029920758665
TX_2,2012-06-04 08:00:00,4.584594704528655,4.722132545664515
TX_2,2012-06-04 08:30:00,4.966262554667918,5.115250431307956
TX_2,2012-06-04 09:00:00,5.882132673791357,6.058596654005098
TX_2,2012-06-04 09:30:00,6.259920279285897,6.447717887664474
TX_2,2012-06-04 10:00:00,6.814874758433797,7.019321001186811
TX_2,2012-06-04 10:30:00,7.811650756430998,8.046000279123929
TX_2,2012-06-04 11:00:00,7.6859363525353235,7.916514443111383
TX_2,2012-06-04 11:30:00,6.914777386239091,7.122220707826264
TX_2,2012-06-04 12:00:00,7.22483237917096,7.441577350546089
TX_2,2012-06-04 12:30:00,7.389458826295521,7.611142591084387
TX_2,2012-06-04 13:00:00,7.771660987710155,8.00481081734146
TX_2,2012-06-04 13:30:00,7.733181078894623,7.965176511261462
TX_2,2012-06-04 14:00:00,6.275158531757666,6.463413287710396
TX_2,2012-06-04 14:30:00,4.999217176182723,5.149193691468205
TX_2,2012-06-04 15:00:00,6.334245587864167,6.524272955500092
TX_2,2012-06-04 15:30:00,5.909169232240116,6.08644430920732
TX_2,2012-06-04 16:00:00,7.172406914235138,7.387579121662192
TX_2,2012-06-04 16:30:00,6.9921559214459466,7.201920599089325
TX_2,2012-06-04 17:00:00,8.00199287216043,8.242052658325244
TX_2,2012-06-04 17:30:00,6.924921398519248,7.132669040474826
TX_2,2012-06-04 18:00:00,6.755375045268303,6.958036296626352
TX_2,2012-06-04 18:30:00,7.547043340159944,7.773454640364743
TX_2,2012-06-04 19:00:00,7.395859504700912,7.6177352898419395
TX_2,2012-06-04 19:30:00,5.789640324191978,5.9633295339177375
TX_2,2012-06-04 20:00:00,5.39212249227007,5.553886167038172
TX_2,2012-06-04 20:30:00,5.466932493761603,5.630940468574451
TX_2,2012-06-04 21:00:00,5.25397327238978,5.411592470561474
TX_2,2012-06-04 21:30:00,5.636852892423328,5.805958479196028
TX_2,2012-06-04 22:00:00,6.543961722233253,6.740280573900251
TX_2,2012-06-04 22:30:00,6.6284383471637645,6.827291497578678
TX_2,2012-06-04 23:00:00,4.29378569548286,4.422599266347346
TX_2,2012-06-04 23:30:00,5.249116683347798,5.406590183848232
TX_2,2012-06-05 00:00:00,4.769555657856337,4.912642327592027
TX_2,2012-06-05 00:30:00,2.7978222100813013,2.8817568763837405
TX_2,2012-06-05 01:00:00,2.872551604013174,2.9587281521335695
TX_2,2012-06-05 01:30:00,4.412817746437932,4.545202278831071
TX_2,2012-06-05 02:00:00,3.3959161225996057,3.497793606277594
TX_2,2012-06-05 02:30:00,3.379513863263735,3.480899279161647
TX_2,2012-06-05 03:00:00,4.203989956983087,4.33010965569258
TX_2,2012-06-05 03:30:00,2.2761883372262006,2.3444739873429867
TX_2,2012-06-05 04:00:00,2.765139512314464,2.848093697683898
TX_2,2012-06-05 04:30:00,2.472173103084019,2.5463382961765393
TX_2,2012-06-05 05:00:00,2.988697964967342,3.0783589039163624
TX_2,2012-06-05 05:30:00,3.096315303931682,3.189204763049633
TX_2,2012-06-05 06:00:00,3.5081617278532007,3.613406579688797
TX_2,2012-06-05 06:30:00,3.8937242018951053,4.010535927951959
TX_2,2012-06-05 07:00:00,3.5562255202529247,3.6629122858605125
TX_2,2012-06-05 07:30:00,4.063619116356399,4.185527689847091
TX_2,2012-06-05 08:00:00,3.48443074988789,3.588963672384527
TX_2,2012-06-05 08:30:00,5.427036644308544,5.5898477436378
TX_2,2012-06-05 09:00:00,5.372564881078034,5.533741827510376
TX_2,2012-06-05 09:30:00,8.849360679636508,9.114841500025603
TX_2,2012-06-05 10:00:00,6.951833442652364,7.160388445931935
TX_2,2012-06-05 10:30:00,3.79097102693172,3.9047001577396716
TX_2,2012-06-05 11:00:00,4.263818949375979,4.391733517857259
TX_2,2012-06-05 11:30:00,6.219087650634798,6.405660280153842
TX_2,2012-06-05 12:00:00,4.431035521660937,4.563966587310765
TX_2,2012-06-05 12:30:00,5.575467774765368,5.74273180800833
TX_2,2012-06-05 13:00:00,5.9471408985517344,6.125555125508287
TX_2,2012-06-05 13:30:00,5.556140155545571,5.722824360211939
TX_2,2012-06-05 14:00:00,6.385837020157988,6.577412130762728
TX_2,2012-06-05 14:30:00,4.418720193868542,4.551281799684599
TX_2,2012-06-05 15:00:00,6.505487358120343,6.700651978863953
TX_2,2012-06-05 15:30:00,6.203143511647418,6.3892378169968405
TX_2,2012-06-05 16:00:00,5.438651115912606,5.601810649389984
TX_2,2012-06-05 16:30:00,5.114287857695219,5.267716493426075
TX_2,2012-06-05 17:00:00,5.194414970991633,5.350247420121382
TX_2,2012-06-05 17:30:00,5.548907780245905,5.715375013653282
TX_2,2012-06-05 18:00:00,6.112077849483273,6.295440184967772
TX_2,2012-06-05 18:30:00,6.67244612810119,6.872619511944226
TX_2,2012-06-05 19:00:00,5.342681857591615,5.5029623133193635
TX_2,2012-06-05 19:30:00,5.849609258483464,6.025097536237968
TX_2,2012-06-05 20:00:00,4.879239940994231,5.0256171392240585
TX_2,2012-06-05 20:30:00,5.000509991604677,5.1505252913528174
TX_2,2012-06-05 21:00:00,4.834773545862023,4.979816752237884
TX_2,2012-06-05 21:30:00,5.106183800204108,5.259369314210232
TX_2,2012-06-05 22:00:00,5.851702182988864,6.027253248478529
TX_2,2012-06-05 22:30:00,3.6975901809140725,3.808517886341495
TX_2,2012-06-05 23:00:00,4.428670214803459,4.561530321247563
TX_2,2012-06-05 23:30:00,3.075896686384432,3.168173586975965
TX_2,2012-06-06 00:00:00,3.1395499222162195,3.2337364198827063
TX_2,2012-06-06 00:30:00,2.6615380790874013,2.7413842214600233
TX_2,2012-06-06 01:00:00,3.6456570420980348,3.755026753360976
TX_2,2012-06-06 01:30:00,3.183326162596356,3.278825947474247
TX_2,2012-06-06 02:00:00,3.5221895141101216,3.627855199533425
TX_2,2012-06-06 02:30:00,4.154385827654743,4.279017402484386
TX_2,2012-06-06 03:00:00,3.7385712412458396,3.8507283784832147
TX_2,2012-06-06 03:30:00,2.49562262221581,2.5704913008822845
TX_2,2012-06-06 04:00:00,2.7681764000134854,2.85122169201389
TX_2,2012-06-06 04:30:00,2.9207762317012107,3.008399518652247
TX_2,2012-06-06 05:00:00,2.925021250793685,3.012771888317496
TX_2,2012-06-06 05:30:00,3.395485141897863,3.497349696154799
TX_2,2012-06-06 06:00:00,3.375412330860272,3.4766747007860803
TX_2,2012-06-06 06:30:00,3.538402582945435,3.644554660433798
TX_2,2012-06-06 07:00:00,3.4220187290405017,3.524679290911717
TX_2,2012-06-06 07:30:00,4.569555597848348,4.706642265783799
TX_2,2012-06-06 08:00:00,3.952183227248179,4.070748724065624
TX_2,2012-06-06 08:30:00,5.204369311045286,5.360500390376645
TX_2,2012-06-06 09:00:00,4.671872337669369,4.81202850779945
TX_2,2012-06-06 09:30:00,4.834009849965966,4.979030145464945
TX_2,2012-06-06 10:00:00,3.815932874384472,3.930410860616006
TX_2,2012-06-06 10:30:00,4.740414966299355,4.8826274152883355
TX_2,2012-06-06 11:00:00,3.928602148464674,4.046460212918614
TX_2,2012-06-06 11:30:00,3.4622298423782314,3.5660967376495782
TX_2,2012-06-06 12:00:00,5.2431664279792995,5.4004614208186785
TX_2,2012-06-06 12:30:00,4.053492234866821,4.175097001912826
TX_2,2012-06-06 13:00:00,3.778782253335142,3.892145720935196
TX_2,2012-06-06 13:30:00,5.0936576646203875,5.246467394559
TX_2,2012-06-06 14:00:00,4.496940532835231,4.631848748820288
TX_2,2012-06-06 14:30:00,2.721464582537026,2.8031085200131365
TX_2,2012-06-06 15:00:00,4.0279633210361885,4.1488022206672746
TX_2,2012-06-06 15:30:00,4.696397943337955,4.837289881638093
TX_2,2012-06-06 16:00:00,4.47604387449784,4.610325190732776
TX_2,2012-06-06 16:30:00,4.996988720868155,5.1468983824942
TX_2,2012-06-06 17:00:00,5.6488694622446545,5.818335546111994
TX_2,2012-06-06 17:30:00,3.8850937914303536,4.001646605173264
TX_2,2012-06-06 18:00:00,3.014449647000856,3.1048831364108818
TX_2,2012-06-06 18:30:00,3.6889645142939527,3.7996334497227715
TX_2,2012-06-06 19:00:00,3.7885967973882098,3.902254701309856
TX_2,2012-06-06 19:30:00,4.106597738500147,4.229795670655152
TX_2,2012-06-06 20:00:00,5.128038269521346,5.281879417606986
TX_2,2012-06-06 20:30:00,6.066273137797037,6.248261331930948
TX_2,2012-06-06 21:00:00,6.702473870047015,6.903548086148426
TX_2,2012-06-06 21:30:00,7.409267650352428,7.631545679863001
TX_2,2012-06-06 22:00:00,5.461243181605348,5.625080477053508
TX_2,2012-06-06 22:30:00,4.430091083815346,4.562993816329806
TX_2,2012-06-06 23:00:00,3.4593989306640376,3.563180898583959
TX_2,2012-06-06 23:30:00,3.145931072222481,3.2403090043891556
TX_2,2012-06-07 00:00:00,3.0743223891650038,3.1665520608399538
TX_2,2012-06-07 00:30:00,3.3668596246447566,3.4678654133840996
TX_2,2012-06-07 01:00:00,3.0417959971537125,3.133049877068324
TX_2,2012-06-07 01:30:00,2.9528768410890662,3.041463146321738
TX_2,2012-06-07 02:00:00,2.9850674189835757,3.074619441553083
TX_2,2012-06-07 02:30:00,3.348000119448609,3.4484401230320674
TX_2,2012-06-07 03:00:00,4.284302794659515,4.412831878499301
TX_2,2012-06-07 03:30:00,2.3326473417271663,2.4026267619789814
TX_2,2012-06-07 04:00:00,2.6289009293689993,2.7077679572500695
TX_2,2012-06-07 04:30:00,2.618922548408582,2.6974902248608394
TX_2,2012-06-07 05:00:00,3.409973707416043,3.512272918638524
TX_2,2012-06-07 05:30:00,3.173776746092464,3.268990048475238
TX_2,2012-06-07 06:00:00,2.7730999657673117,2.856292964740331
TX_2,2012-06-07 06:30:00,3.4938709148538463,3.5986870422994617
TX_2,2012-06-07 07:00:00,3.359019043633583,3.4597896149425904
TX_2,2012-06-07 07:30:00,4.311875012696053,4.441231263076935
TX_2,2012-06-07 08:00:00,4.204266580474208,4.330394577888434
TX_2,2012-06-07 08:30:00,4.380465368852336,4.511879329917907
TX_2,2012-06-07 09:00:00,3.333616465765935,3.433624959738913
TX_2,2012-06-07 09:30:00,3.226223752612812,3.3230104651911967
TX_2,2012-06-07 10:00:00,5.06866761930894,5.220727647888208
TX_2,2012-06-07 10:30:00,4.350562141114604,4.481079005348042
TX_2,2012-06-07 11:00:00,4.109474252825314,4.232758480410074
TX_2,2012-06-07 11:30:00,3.669917062987888,3.7800145748775247
TX_2,2012-06-07 12:00:00,3.5775449383860645,3.6848712865376463
TX_2,2012-06-07 12:30:00,4.355533401421487,4.4861994034641315
TX_2,2012-06-07 13:00:00,5.586864155823179,5.754470080497875
TX_2,2012-06-07 13:30:00,5.082010506513848,5.234470821709263
TX_2,2012-06-07 14:00:00,5.210677708312568,5.366998039561945
TX_2,2012-06-07 14:30:00,6.384672218338061,6.576212384888203
TX_2,2012-06-07 15:00:00,8.156661065089981,8.40136089704268
TX_2,2012-06-07 15:30:00,8.022679793208114,8.263360187004357
TX_2,2012-06-07 16:00:00,8.177953900765495,8.42329251778846
TX_2,2012-06-07 16:30:00,10.587421271857199,10.905043910012916
TX_2,2012-06-07 17:00:00,8.04667179340136,8.288071947203402
TX_2,2012-06-07 17:30:00,5.777380266990571,5.950701675000288
TX_2,2012-06-07 18:00:00,5.860974855590621,6.0368041012583395
TX_2,2012-06-07 18:30:00,7.4254972623991655,7.648262180271141
TX_2,2012-06-07 19:00:00,7.275206423563877,7.493462616270794
TX_2,2012-06-07 19:30:00,10.596426770445479,10.914319573558844
TX_2,2012-06-07 20:00:00,10.635361809850076,10.954422664145579
TX_2,2012-06-07 20:30:00,7.359061018797402,7.579832849361325
TX_2,2012-06-07 21:00:00,6.304573676472156,6.493710886766321
TX_2,2012-06-07 21:30:00,7.160476395985129,7.375290687864683
TX_2,2012-06-07 22:00:00,6.55902403143415,6.755794752377175
TX_2,2012-06-07 22:30:00,4.37402521982088,4.505245976415507
TX_2,2012-06-07 23:00:00,4.2810094232750835,4.409439705973336
TX_2,2012-06-07 23:30:00,3.84273352372968,3.9580155294415706
TX_2,2012-06-08 00:00:00,3.71275981010235,3.8241426044054205
TX_2,2012-06-08 00:30:00,3.2044795398659778,3.300613926061957
TX_2,2012-06-08 01:00:00,3.542130434720447,3.6483943477620606
TX_2,2012-06-08 01:30:00,3.6712019171832284,3.7813379746987255
TX_2,2012-06-08 02:00:00,2.8208972774343186,2.9055241957573483
TX_2,2012-06-08 02:30:00,4.109321111543344,4.232600744889644
TX_2,2012-06-08 03:00:00,3.469947225971599,3.574045642750747
TX_2,2012-06-08 03:30:00,2.5704588359592395,2.647572601038017
TX_2,2012-06-08 04:00:00,2.9953921713705807,3.085253936511698
TX_2,2012-06-08 04:30:00,3.1086157435417934,3.201874215848047
TX_2,2012-06-08 05:00:00,3.2062961064184714,3.3024849896110258
TX_2,2012-06-08 05:30:00,3.119891577629753,3.2134883249586457
TX_2,2012-06-08 06:00:00,3.4392404297553036,3.5424176426479628
TX_2,2012-06-08 06:30:00,4.350156051583104,4.480660733130597
TX_2,2012-06-08 07:00:00,3.706339761064116,3.8175299538960394
TX_2,2012-06-08 07:30:00,5.1950305557832355,5.350881472456733
TX_2,2012-06-08 08:00:00,9.08551645389089,9.358081947507616
TX_2,2012-06-08 08:30:00,6.24894187050041,6.4364101266154226
TX_2,2012-06-08 09:00:00,5.81903779675201,5.99360893065457
TX_2,2012-06-08 09:30:00,6.08557161676984,6.268138765272936
TX_2,2012-06-08 10:00:00,4.42314910950126,4.555843582786298
TX_2,2012-06-08 10:30:00,7.2305542194343415,7.447470846017372
TX_2,2012-06-08 11:00:00,4.291353982793067,4.420094602276859
TX_2,2012-06-08 11:30:00,3.578075325996252,3.6854175857761398
TX_2,2012-06-08 12:00:00,3.84971472987421,3.9652061717704363
TX_2,2012-06-08 12:30:00,4.743133079158801,4.885427071533565
TX_2,2012-06-08 13:00:00,5.290528383763485,5.44924423527639
TX_2,2012-06-08 13:30:00,4.846393500443051,4.991785305456343
TX_2,2012-06-08 14:00:00,6.552649747538919,6.7492292399650875
TX_2,2012-06-08 14:30:00,6.336886026933044,6.526992607741035
TX_2,2012-06-08 15:00:00,5.966630922789662,6.145629850473352
TX_2,2012-06-08 15:30:00,5.148274604679382,5.3027228428197635
TX_2,2012-06-08 16:00:00,7.543489139702228,7.769793813893295
TX_2,2012-06-08 16:30:00,6.079245006147183,6.261622356331599
TX_2,2012-06-08 17:00:00,5.043505395985262,5.19481055786482
TX_2,2012-06-08 17:30:00,6.6268853650486035,6.8256919260000615
TX_2,2012-06-08 18:00:00,6.9339045233454115,7.141921659045774
TX_2,2012-06-08 18:30:00,6.988141584060393,7.1977858315822045
TX_2,2012-06-08 19:00:00,8.11228694453701,8.35565555287312
TX_2,2012-06-08 19:30:00,7.128852769195313,7.342718352271173
TX_2,2012-06-08 20:00:00,4.572443662145483,4.709616972009848
TX_2,2012-06-08 20:30:00,4.684512448772781,4.825047822235965
TX_2,2012-06-08 21:00:00,3.92454526406729,4.042281621989309
TX_2,2012-06-08 21:30:00,7.685112001293312,7.9156653613321115
TX_2,2012-06-08 22:00:00,4.507704576697708,4.642935713998639
TX_2,2012-06-08 22:30:00,4.893511259282809,5.0403165970612935
TX_2,2012-06-08 23:00:00,5.072126339452415,5.224290129635988
TX_2,2012-06-08 23:30:00,3.1736210744517104,3.2688297066852616
TX_2,2012-06-09 00:00:00,3.1367191761146453,3.2308207513980847
TX_2,2012-06-09 00:30:00,3.422683735267037,3.525364247325048
TX_2,2012-06-09 01:00:00,2.887205453204694,2.973821616800835
TX_2,2012-06-09 01:30:00,2.612309144146547,2.6906784184709434
TX_2,2012-06-09 02:00:00,3.5556169346489694,3.6622854426884386
TX_2,2012-06-09 02:30:00,3.3557751895131225,3.4564484451985162
TX_2,2012-06-09 03:00:00,3.7647867350511577,3.8777303371026925
TX_2,2012-06-09 03:30:00,2.6414468972302667,2.720690304147175
TX_2,2012-06-09 04:00:00,2.6110734157023305,2.6894056181734007
TX_2,2012-06-09 04:30:00,2.2812337469645745,2.3496707593735118
TX_2,2012-06-09 05:00:00,3.0884028385512297,3.1810549237077668
TX_2,2012-06-09 05:30:00,2.7012296683081134,2.7822665583573567
TX_2,2012-06-09 06:00:00,2.5844570979836847,2.661990810923195
TX_2,2012-06-09 06:30:00,4.392994659824368,4.524784499619099
TX_2,2012-06-09 07:00:00,4.772687828244289,4.915868463091617
TX_2,2012-06-09 07:30:00,3.7164668579802465,3.827960863719654
TX_2,2012-06-09 08:00:00,4.378178488361359,4.509523843012199
TX_2,2012-06-09 08:30:00,5.115979364812844,5.2694587457572295
TX_2,2012-06-09 09:00:00,3.6883376694539445,3.7989877995375627
TX_2,2012-06-09 09:30:00,4.087340297091427,4.20996050600417
TX_2,2012-06-09 10:00:00,6.153573993080548,6.338181212872965
TX_2,2012-06-09 10:30:00,4.527519181647854,6.062348184226476
TX_2,2012-06-09 11:00:00,4.743878881523441,6.352053822359888
TX_2,2012-06-09 11:30:00,4.816700532949137,6.449562013618896
TX_2,2012-06-09 12:00:00,5.886702950800269,7.882295251121561
TX_2,2012-06-09 12:30:00,9.602321978507323,9.890391637862542
TX_2,2012-06-09 13:00:00,8.632660391639154,8.891640203388329
TX_2,2012-06-09 13:30:00,8.152058342484299,8.396620092758829
TX_2,2012-06-09 14:00:00,6.421957731946147,6.6146164639045315
TX_2,2012-06-09 14:30:00,5.0465102981609675,5.197905607105796
TX_2,2012-06-09 15:00:00,5.331326435750268,5.491266228822776
TX_2,2012-06-09 15:30:00,7.056986776120214,7.268696379403821
TX_2,2012-06-09 16:00:00,9.993732149484115,10.29354411396864
TX_2,2012-06-09 16:30:00,8.68131942050861,8.941759003123869
TX_2,2012-06-09 17:00:00,8.740636843812133,9.002855949126497
TX_2,2012-06-09 17:30:00,7.471069674902507,7.695201765149583
TX_2,2012-06-09 18:00:00,6.624760607454458,6.8235034256780915
TX_2,2012-06-09 18:30:00,6.01476753083087,6.1952105567557965
TX_2,2012-06-09 19:00:00,5.650171269100571,5.8196764071735885
TX_2,2012-06-09 19:30:00,7.265754239752806,7.483726866945391
TX_2,2012-06-09 20:00:00,8.40935168727077,8.661632237888892
TX_2,2012-06-09 20:30:00,6.673859832993539,6.874075627983346
TX_2,2012-06-09 21:00:00,6.523704720557517,6.719415862174243
TX_2,2012-06-09 21:30:00,5.606963302028557,5.775172201089414
TX_2,2012-06-09 22:00:00,5.719709633883019,5.89130092289951
TX_2,2012-06-09 22:30:00,5.280568055360492,5.438985097021307
TX_2,2012-06-09 23:00:00,4.245125967759722,4.372479746792513
TX_2,2012-06-09 23:30:00,4.695184312132239,4.8360398414962065
TX_2,2012-06-10 00:00:00,4.542719540865457,4.679001127091421
TX_2,2012-06-10 00:30:00,3.7320217970509098,3.843982450962437
TX_2,2012-06-10 01:00:00,2.4828859785026216,2.5573725578577005
TX_2,2012-06-10 01:30:00,3.5442666625256303,3.6505946624013994
TX_2,2012-06-10 02:00:00,2.5421211115609887,2.6183847449078184
TX_2,2012-06-10 02:30:00,3.9017773894858028,4.018830711170377
TX_2,2012-06-10 03:00:00,2.8332636724532545,2.9182615826268523
TX_2,2012-06-10 03:30:00,2.7478751303806104,2.830311384292029
TX_2,2012-06-10 04:00:00,2.57987875110192,2.6572751136349777
TX_2,2012-06-10 04:30:00,2.5573346197509785,2.634054658343508
TX_2,2012-06-10 05:00:00,3.045106752326378,3.1364599548961696
TX_2,2012-06-10 05:30:00,2.400728813354265,2.4727506777548927
TX_2,2012-06-10 06:00:00,2.7115278972232715,2.79287373413997
TX_2,2012-06-10 06:30:00,2.9409506464873987,3.0291791658820206
TX_2,2012-06-10 07:00:00,3.548952460424249,3.6554210342369764
TX_2,2012-06-10 07:30:00,4.315064230382321,4.444516157293791
TX_2,2012-06-10 08:00:00,3.6105694273071443,3.718886510126359
TX_2,2012-06-10 08:30:00,3.6501948358948306,3.7597006809716755
TX_2,2012-06-10 09:00:00,6.000115263902103,6.180118721819166
TX_2,2012-06-10 09:30:00,6.918118501760271,7.12566205681308
TX_2,2012-06-10 10:00:00,6.527562208140401,6.723389074384612
TX_2,2012-06-10 10:30:00,4.025315570698471,4.146075037819425
TX_2,2012-06-10 11:00:00,3.8617992662701486,3.9776532442582533
TX_2,2012-06-10 11:30:00,6.612195770345233,6.81056164345559
TX_2,2012-06-10 12:00:00,4.862477153658108,5.008351468267851
TX_2,2012-06-10 12:30:00,4.645058316973051,4.784410066482243
TX_2,2012-06-10 13:00:00,5.557045129067746,5.723756482939779
TX_2,2012-06-10 13:30:00,5.619831337918615,5.788426278056174
TX_2,2012-06-10 14:00:00,4.233695527193771,4.360706393009584
TX_2,2012-06-10 14:30:00,5.173040223431379,5.32823143013432
TX_2,2012-06-10 15:00:00,4.49645222839626,4.631345795248148
TX_2,2012-06-10 15:30:00,3.9978323069296304,4.11776727613752
TX_2,2012-06-10 16:00:00,4.315146470539694,4.444600864655885
TX_2,2012-06-10 16:30:00,4.937196768387617,5.085312671439246
TX_2,2012-06-10 17:00:00,5.4393452405067055,5.602525597721907
TX_2,2012-06-10 17:30:00,6.095458858601406,6.278322624359448
TX_2,2012-06-10 18:00:00,5.930082236056356,6.107984703138047
TX_2,2012-06-10 18:30:00,7.158978109022529,7.373747452293205
TX_2,2012-06-10 19:00:00,6.133912019333393,6.317929379913395
TX_2,2012-06-10 19:30:00,6.263098837985256,6.450991803124814
TX_2,2012-06-10 20:00:00,6.784891793213646,6.988438547010055
TX_2,2012-06-10 20:30:00,7.681267934271472,7.911705972299616
TX_2,2012-06-10 21:00:00,8.39379316136092,8.645606956201748
TX_2,2012-06-10 21:30:00,5.618627424989335,5.787186247739015
TX_2,2012-06-10 22:00:00,4.309111902276079,4.438385259344362
TX_2,2012-06-10 22:30:00,4.640518309945837,4.779733859244212
TX_2,2012-06-10 23:00:00,4.650915376940732,4.790442838248954
TX_2,2012-06-10 23:30:00,5.8781475587742165,6.054491985537443
TX_2,2012-06-11 00:00:00,3.9992925494550318,4.119271325938683
TX_2,2012-06-11 00:30:00,4.2378537563179375,4.364989369007476
TX_2,2012-06-11 01:00:00,3.1488826201439655,3.2433490987482845
TX_2,2012-06-11 01:30:00,4.543528694097319,4.679834554920239
TX_2,2012-06-11 02:00:00,3.053525514756691,3.145131280199392
TX_2,2012-06-11 02:30:00,3.5597951892493476,3.666589044926828
TX_2,2012-06-11 03:00:00,3.5881328976498663,3.6957768845793626
TX_2,2012-06-11 03:30:00,1.9845522054861238,2.0440887716507077
TX_2,2012-06-11 04:00:00,2.624475192945725,2.7032094487340967
TX_2,2012-06-11 04:30:00,2.7767695792128166,2.8600726665892013
TX_2,2012-06-11 05:00:00,3.0560000427893623,3.1476800440730432
TX_2,2012-06-11 05:30:00,3.8786108463847873,3.994969171776331
TX_2,2012-06-11 06:00:00,5.421798966255315,5.584452935242974
TX_2,2012-06-11 06:30:00,5.09246074019062,5.245234562396338
TX_2,2012-06-11 07:00:00,5.276157040940665,5.434441752168885
TX_2,2012-06-11 07:30:00,7.33118327647308,7.551118774767273
TX_2,2012-06-11 08:00:00,8.407535957358123,8.659762036078867
TX_2,2012-06-11 08:30:00,6.893007293787804,7.099797512601438
TX_2,2012-06-11 09:00:00,8.899316409965362,9.166295902264324
TX_2,2012-06-11 09:30:00,8.828843951562487,9.093709270109361
TX_2,2012-06-11 10:00:00,10.487025324099646,10.801636083822636
TX_2,2012-06-11 10:30:00,8.332341558575077,8.58231180533233
TX_2,2012-06-11 11:00:00,10.207656337758346,10.513886027891097
TX_2,2012-06-11 11:30:00,7.975371948539284,8.214633106995462
TX_2,2012-06-11 12:00:00,7.221229795517882,7.437866689383418
TX_2,2012-06-11 12:30:00,6.139843509043215,6.324038814314512
TX_2,2012-06-11 13:00:00,7.879359240728635,8.115740017950495
TX_2,2012-06-11 13:30:00,7.747662307676776,7.980092176907079
TX_2,2012-06-11 14:00:00,7.138455749247637,7.352609421725066
TX_2,2012-06-11 14:30:00,6.601387884579236,6.799429521116614
TX_2,2012-06-11 15:00:00,6.506791579952915,6.7019953273515025
TX_2,2012-06-11 15:30:00,6.136588574752681,6.3206862319952615
TX_2,2012-06-11 16:00:00,6.565167170872364,6.762122185998535
TX_2,2012-06-11 16:30:00,7.909090823725243,8.146363548437
TX_2,2012-06-11 17:00:00,7.83388624520185,8.068902832557905
TX_2,2012-06-11 17:30:00,9.128963931553908,9.402832849500525
TX_2,2012-06-11 18:00:00,8.294925412441227,8.543773174814465
TX_2,2012-06-11 18:30:00,8.017279362122915,8.257797742986602
TX_2,2012-06-11 19:00:00,9.940450239804258,10.238663746998386
TX_2,2012-06-11 19:30:00,11.74234237023655,12.094612641343646
TX_2,2012-06-11 20:00:00,8.368411232090446,8.61946356905316
TX_2,2012-06-11 20:30:00,7.916027694729479,8.153508525571363
TX_2,2012-06-11 21:00:00,9.81203447897072,10.10639551333984
TX_2,2012-06-11 21:30:00,6.956104462122418,7.164787595986091
TX_2,2012-06-11 22:00:00,5.192486550413697,5.3482611469261085
TX_2,2012-06-11 22:30:00,4.826015295925169,4.970795754802924
TX_2,2012-06-11 23:00:00,6.516829442005777,6.71233432526595
TX_2,2012-06-11 23:30:00,3.1996316530405413,3.295620602631758
TX_2,2012-06-12 00:00:00,2.9650614407113656,3.0540132839327065
TX_2,2012-06-12 00:30:00,3.661334335104849,3.7711743651579943
TX_2,2012-06-12 01:00:00,2.66606154766245,2.7460433940923235
TX_2,2012-06-12 01:30:00,3.2532551180529072,3.3508527715944947
TX_2,2012-06-12 02:00:00,2.316669842214836,2.3861699374812813
TX_2,2012-06-12 02:30:00,3.7256218599352264,3.8373905157332833
TX_2,2012-06-12 03:00:00,3.4127306992536894,3.5151126202313003
TX_2,2012-06-12 03:30:00,2.5205550443456888,2.5961716956760594
TX_2,2012-06-12 04:00:00,2.845235370566198,2.9305924316831837
TX_2,2012-06-12 04:30:00,3.115721279803172,3.2091929181972674
TX_2,2012-06-12 05:00:00,3.938958562539627,4.057127319415816
TX_2,2012-06-12 05:30:00,3.9968461267026805,4.116751510503761
TX_2,2012-06-12 06:00:00,4.799972785859941,4.943971969435739
TX_2,2012-06-12 06:30:00,5.8876604720191,6.064290286179673
TX_2,2012-06-12 07:00:00,6.150725804676439,6.335247578816732
TX_2,2012-06-12 07:30:00,6.417458589751072,6.609982347443604
TX_2,2012-06-12 08:00:00,5.382564908581296,5.544041855838735
TX_2,2012-06-12 08:30:00,6.323505954218116,6.51321113284466
TX_2,2012-06-12 09:00:00,6.284023698342422,6.472544409292694
TX_2,2012-06-12 09:30:00,4.5303398766728185,4.666250072973003
TX_2,2012-06-12 10:00:00,3.9562238427904197,4.074910558074133
TX_2,2012-06-12 10:30:00,4.023573809335984,4.144281023616063
TX_2,2012-06-12 11:00:00,3.305308403973753,3.4044676560929656
TX_2,2012-06-12 11:30:00,5.1579273938580865,5.312665215673829
TX_2,2012-06-12 12:00:00,4.709810841200347,4.851105166436358
TX_2,2012-06-12 12:30:00,5.218907507752458,5.375474732985031
TX_2,2012-06-12 13:00:00,5.529000651281617,5.694870670820066
TX_2,2012-06-12 13:30:00,5.940817049693656,6.119041561184466
TX_2,2012-06-12 14:00:00,4.891572053710156,5.0383192153214615
TX_2,2012-06-12 14:30:00,4.60040814970923,4.7384203942005065
TX_2,2012-06-12 15:00:00,4.890225856574221,5.036932632271448
TX_2,2012-06-12 15:30:00,6.419847706804607,6.612443138008745
TX_2,2012-06-12 16:00:00,8.223555405780433,8.470262067953845
TX_2,2012-06-12 16:30:00,6.160413776627915,6.345226189926753
TX_2,2012-06-12 17:00:00,5.905549785057328,6.082716278609048
TX_2,2012-06-12 17:30:00,5.321451565476104,5.4810951124403875
TX_2,2012-06-12 18:00:00,5.395897964517017,5.557774903452528
TX_2,2012-06-12 18:30:00,9.436686638752002,9.719787237914563
TX_2,2012-06-12 19:00:00,10.435971111060914,10.749050244392741
TX_2,2012-06-12 19:30:00,6.575042979712091,6.772294269103454
TX_2,2012-06-12 20:00:00,5.57918155555331,5.74655700221991
TX_2,2012-06-12 20:30:00,8.469263281442881,8.723341179886168
TX_2,2012-06-12 21:00:00,7.276862107506157,7.495167970731342
TX_2,2012-06-12 21:30:00,6.739740324813693,6.941932534558104
TX_2,2012-06-12 22:00:00,6.095938879257653,6.278817045635383
TX_2,2012-06-12 22:30:00,5.032671938531426,5.183652096687369
TX_2,2012-06-12 23:00:00,6.198011918054863,6.38395227559651
TX_2,2012-06-12 23:30:00,3.5404340032966894,3.64664702339559
TX_2,2012-06-13 00:00:00,3.8731179832943843,3.989311522793216
TX_2,2012-06-13 00:30:00,4.029892753494426,4.150789536099259
TX_2,2012-06-13 01:00:00,3.4381747826218407,3.5413200261004962
TX_2,2012-06-13 01:30:00,2.858473417128901,2.944227619642768
TX_2,2012-06-13 02:00:00,3.1075282940464386,3.2007541428678317
TX_2,2012-06-13 02:30:00,4.500528421115346,4.635544273748807
TX_2,2012-06-13 03:00:00,4.19048493384307,4.316199481858362
TX_2,2012-06-13 03:30:00,3.3447504766576177,3.4450929909573462
TX_2,2012-06-13 04:00:00,3.1041577504868543,3.19728248300146
TX_2,2012-06-13 04:30:00,3.2055800129620047,3.301747413350865
TX_2,2012-06-13 05:00:00,3.828050567011642,3.942892084021991
TX_2,2012-06-13 05:30:00,3.4777829226925197,3.5821164103732954
TX_2,2012-06-13 06:00:00,3.1139741715334064,3.2073933966794086
TX_2,2012-06-13 06:30:00,4.320290572841408,4.44989929002665
TX_2,2012-06-13 07:00:00,3.8526146930530643,3.968193133844656
TX_2,2012-06-13 07:30:00,5.665762386692375,5.8357352582931465
TX_2,2012-06-13 08:00:00,5.192340721392585,5.348110943034363
TX_2,2012-06-13 08:30:00,5.429883278311479,5.592779776660824
TX_2,2012-06-13 09:00:00,6.141586172439205,6.325833757612382
TX_2,2012-06-13 09:30:00,4.123268117040374,4.246966160551586
TX_2,2012-06-13 10:00:00,3.4394017014975704,3.5425837525424977
TX_2,2012-06-13 10:30:00,3.5198123027502444,3.625406671832752
TX_2,2012-06-13 11:00:00,4.416777044038493,4.549280355359648
TX_2,2012-06-13 11:30:00,4.070434428027549,4.192547460868376
TX_2,2012-06-13 12:00:00,4.201500137981313,4.327545142120752
TX_2,2012-06-13 12:30:00,3.3707919563032864,3.471915714992385
TX_2,2012-06-13 13:00:00,3.732496162102295,3.844471046965364
TX_2,2012-06-13 13:30:00,4.519755675149923,4.655348345404421
TX_2,2012-06-13 14:00:00,5.217560425319579,5.374087238079166
TX_2,2012-06-13 14:30:00,3.124334715962076,3.2180647574409385
TX_2,2012-06-13 15:00:00,4.2380885706606275,4.365231227780447
TX_2,2012-06-13 15:30:00,4.747810151926168,4.890244456483953
TX_2,2012-06-13 16:00:00,5.520786308454268,5.686409897707896
TX_2,2012-06-13 16:30:00,4.224387253223622,4.35111887082033
TX_2,2012-06-13 17:00:00,6.1650848521303585,6.350037397694269
TX_2,2012-06-13 17:30:00,5.410511218958584,5.5728265555273415
TX_2,2012-06-13 18:00:00,5.0017956985184755,5.15184956947403
TX_2,2012-06-13 18:30:00,6.769317252881135,6.972396770467569
TX_2,2012-06-13 19:00:00,5.2455781393625065,5.402945483543382
TX_2,2012-06-13 19:30:00,9.158714177154796,9.43347560246944
TX_2,2012-06-13 20:00:00,6.855432795042835,7.06109577889412
TX_2,2012-06-13 20:30:00,5.08622394631207,5.2388106647014325
TX_2,2012-06-13 21:00:00,7.955898981967994,8.194575951427034
TX_2,2012-06-13 21:30:00,7.1515714406925825,7.3661185839133605
TX_2,2012-06-13 22:00:00,6.425836736212496,6.618611838298871
TX_2,2012-06-13 22:30:00,5.612333014861521,5.780703005307367
TX_2,2012-06-13 23:00:00,5.722697945745547,5.894378884117914
TX_2,2012-06-13 23:30:00,3.6714879568088135,3.781632595513078
TX_2,2012-06-14 00:00:00,2.782395498811586,2.8658673637759335
TX_2,2012-06-14 00:30:00,2.760709151044022,2.843530425575343
TX_2,2012-06-14 01:00:00,2.313826579518203,2.383241376903749
TX_2,2012-06-14 01:30:00,2.192410569078609,2.2581828861509674
TX_2,2012-06-14 02:00:00,2.27936719696787,2.3477482128769065
TX_2,2012-06-14 02:30:00,2.857544818262742,2.9432711628106243
TX_2,2012-06-14 03:00:00,2.923281209827107,3.0109796461219203
TX_2,2012-06-14 03:30:00,1.7933808305372685,1.8471822554533865
TX_2,2012-06-14 04:00:00,1.742643523371774,1.7949228290729273
TX_2,2012-06-14 04:30:00,2.2533500961671997,2.3209505990522157
TX_2,2012-06-14 05:00:00,2.2551798228433326,2.322835217528633
TX_2,2012-06-14 05:30:00,2.6088028348191976,2.6870669198637738
TX_2,2012-06-14 06:00:00,2.6431629182615457,2.722457805809392
TX_2,2012-06-14 06:30:00,2.7694291079385565,2.852511981176713
TX_2,2012-06-14 07:00:00,3.8007639654670196,3.91478688443103
TX_2,2012-06-14 07:30:00,4.388443062163734,4.520096354028646
TX_2,2012-06-14 08:00:00,4.185348652584392,4.310909112161924
TX_2,2012-06-14 08:30:00,5.037377458607914,5.1884987823661515
TX_2,2012-06-14 09:00:00,4.898263764974138,5.045211677923363
TX_2,2012-06-14 09:30:00,3.7554325101454014,3.8680954854497633
TX_2,2012-06-14 10:00:00,3.650779080174912,3.7603024525801594
TX_2,2012-06-14 10:30:00,3.493811552974145,3.5986258995633698
TX_2,2012-06-14 11:00:00,3.4718150493143436,3.575969500793774
TX_2,2012-06-14 11:30:00,3.7448257246479066,3.857170496387344
TX_2,2012-06-14 12:00:00,2.804113295273239,2.888236694131436
TX_2,2012-06-14 12:30:00,4.589969517184472,4.727668602700007
TX_2,2012-06-14 13:00:00,4.05900508895892,4.180775241627688
TX_2,2012-06-14 13:30:00,4.162460356267167,4.2873341669551825
TX_2,2012-06-14 14:00:00,3.6556489368466165,3.765318404952015
TX_2,2012-06-14 14:30:00,4.215769825631954,4.3422429204009125
TX_2,2012-06-14 15:00:00,3.5161622959909313,3.621647164870659
TX_2,2012-06-14 15:30:00,3.697414307476547,3.8083367367008436
TX_2,2012-06-14 16:00:00,5.990357746231346,6.170068478618287
TX_2,2012-06-14 16:30:00,3.9336624366154735,4.051672309713938
TX_2,2012-06-14 17:00:00,5.563398218979326,5.730300165548705
TX_2,2012-06-14 17:30:00,8.113487316806106,8.356891936310289
TX_2,2012-06-14 18:00:00,9.446005564038968,9.729385730960137
TX_2,2012-06-14 18:30:00,10.195227933578138,10.501084771585482
TX_2,2012-06-14 19:00:00,9.251233650025378,9.52877065952614
TX_2,2012-06-14 19:30:00,8.122436698753717,8.366109799716329
TX_2,2012-06-14 20:00:00,7.240242576161317,7.457449853446157
TX_2,2012-06-14 20:30:00,7.519668539401823,7.745258595583878
TX_2,2012-06-14 21:00:00,6.366835696697156,6.557840767598071
TX_2,2012-06-14 21:30:00,7.481843527721202,7.706298833552839
TX_2,2012-06-14 22:00:00,5.03211863602019,5.183082195100796
TX_2,2012-06-14 22:30:00,4.358159752920274,4.488904545507882
TX_2,2012-06-14 23:00:00,3.3876888403977747,3.489319505609708
TX_2,2012-06-14 23:30:00,3.5123620070611143,3.617732867272948
TX_2,2012-06-15 00:00:00,3.0971211531188487,3.190034787712414
TX_2,2012-06-15 00:30:00,2.933298577096195,3.021297534409081
TX_2,2012-06-15 01:00:00,2.333042928210312,2.4030342160566214
TX_2,2012-06-15 01:30:00,2.86017894779746,2.945984316231384
TX_2,2012-06-15 02:00:00,2.001223778853767,2.06126049221938
TX_2,2012-06-15 02:30:00,3.1023566565765655,3.1954273562738624
TX_2,2012-06-15 03:00:00,3.0526864650830863,3.144267059035579
TX_2,2012-06-15 03:30:00,2.308000358171534,2.3772403689166803
TX_2,2012-06-15 04:00:00,1.8616180377558866,1.9174665788885632
TX_2,2012-06-15 04:30:00,3.1550760673486358,3.2497283493690947
TX_2,2012-06-15 05:00:00,3.677373207906688,3.7876944041438887
TX_2,2012-06-15 05:30:00,3.6809619369791915,3.7913907950885672
TX_2,2012-06-15 06:00:00,2.5583592124487704,2.635109988822234
TX_2,2012-06-15 06:30:00,3.0110086424896076,3.101338901764296
TX_2,2012-06-15 07:00:00,4.691486440114165,4.83223103331759
TX_2,2012-06-15 07:30:00,4.685814733914864,4.826389175932309
TX_2,2012-06-15 08:00:00,5.558885941625455,5.7256525198742185
TX_2,2012-06-15 08:30:00,6.387915364234813,6.579552825161858
TX_2,2012-06-15 09:00:00,7.067268992028727,7.279287061789589
TX_2,2012-06-15 09:30:00,6.2063976241252785,6.392589552849037
TX_2,2012-06-15 10:00:00,4.763027755984476,4.905918588664011
TX_2,2012-06-15 10:30:00,4.3116611166211065,4.44101095011974
TX_2,2012-06-15 11:00:00,4.875449142763055,5.021712617045947
TX_2,2012-06-15 11:30:00,3.486733757040445,3.5913357697516584
TX_2,2012-06-15 12:00:00,3.5104100177313136,3.615722318263253
TX_2,2012-06-15 12:30:00,3.8657579005991227,3.9817306376170967
TX_2,2012-06-15 13:00:00,4.279197910271,4.40757384757913
TX_2,2012-06-15 13:30:00,5.183805893850541,5.339320070666057
TX_2,2012-06-15 14:00:00,4.197394881846017,4.323316728301397
TX_2,2012-06-15 14:30:00,3.779305143584806,3.8926842978923504
TX_2,2012-06-15 15:00:00,3.187221093609315,3.2828377264175947
TX_2,2012-06-15 15:30:00,4.668849251412873,4.808914728955259
TX_2,2012-06-15 16:00:00,5.643930225100135,5.81324813185314
TX_2,2012-06-15 16:30:00,5.3390617982213735,5.499233652168015
TX_2,2012-06-15 17:00:00,6.2797943298264265,6.46818815972122
TX_2,2012-06-15 17:30:00,8.071421108134205,8.31356374137823
TX_2,2012-06-15 18:00:00,9.69543421082875,9.986297237153613
TX_2,2012-06-15 18:30:00,9.629112231663216,9.917985598613113
TX_2,2012-06-15 19:00:00,5.3855182051962665,5.5470837513521545
TX_2,2012-06-15 19:30:00,4.796960031572788,4.940868832519972
TX_2,2012-06-15 20:00:00,5.145454297172142,5.299817926087306
TX_2,2012-06-15 20:30:00,6.36009178626641,6.5508945398544025
TX_2,2012-06-15 21:00:00,4.167821496435786,4.292856141328859
TX_2,2012-06-15 21:30:00,6.593159132737519,6.790953906719644
TX_2,2012-06-15 22:00:00,5.008558190654158,5.1588149363737825
TX_2,2012-06-15 22:30:00,4.319494436119428,4.449079269203011
TX_2,2012-06-15 23:00:00,4.642814016285346,4.782098436773906
TX_2,2012-06-15 23:30:00,3.190564044320849,3.2862809656504743
TX_2,2012-06-16 00:00:00,3.4623609973579788,3.566231827278718
TX_2,2012-06-16 00:30:00,2.403155142115608,2.4752497963790763
TX_2,2012-06-16 01:00:00,2.3007355474769593,2.369757613901268
TX_2,2012-06-16 01:30:00,2.1381066674758515,2.202249867500127
TX_2,2012-06-16 02:00:00,2.5450137179205954,2.6213641294582133
TX_2,2012-06-16 02:30:00,2.5807058093163664,2.6581269835958574
TX_2,2012-06-16 03:00:00,2.6258058243916604,2.7045799991234105
TX_2,2012-06-16 03:30:00,1.7915009429733995,1.8452459712626015
TX_2,2012-06-16 04:00:00,1.720178185255785,1.7717835308134584
TX_2,2012-06-16 04:30:00,1.8237240276024498,1.8784357484305234
TX_2,2012-06-16 05:00:00,2.2272609729167865,2.29407880210429
TX_2,2012-06-16 05:30:00,2.0969355268212695,2.1598435926259074
TX_2,2012-06-16 06:00:00,1.8507752072200834,1.906298463436686
TX_2,2012-06-16 06:30:00,3.3677258056511934,3.4687575798207293
TX_2,2012-06-16 07:00:00,3.0643174600241836,3.156246983824909
TX_2,2012-06-16 07:30:00,3.29978832771603,3.398781977547511
TX_2,2012-06-16 08:00:00,4.509605251161844,4.644893408696699
TX_2,2012-06-16 08:30:00,3.6225512248082783,3.731227761552527
TX_2,2012-06-16 09:00:00,2.7715438761816107,2.854690192467059
TX_2,2012-06-16 09:30:00,5.639169819687607,5.808344914278236
TX_2,2012-06-16 10:00:00,3.118016651949599,3.211557151508087
TX_2,2012-06-16 10:30:00,3.1271118146958923,3.2209251691367693
TX_2,2012-06-16 11:00:00,4.592057765009032,4.729819497959303
TX_2,2012-06-16 11:30:00,2.8485972942156668,2.9340552130421367
TX_2,2012-06-16 12:00:00,2.322658932789806,2.3923387007735
TX_2,2012-06-16 12:30:00,2.8643752388552253,2.950306496020882
TX_2,2012-06-16 13:00:00,5.980521243877179,6.159936881193495
TX_2,2012-06-16 13:30:00,4.18707399975116,4.312686219743695
TX_2,2012-06-16 14:00:00,4.400244003440818,4.532251323544043
TX_2,2012-06-16 14:30:00,3.2066574416713416,3.3028571649214817
TX_2,2012-06-16 15:00:00,2.3495681979321557,2.4200552438701206
TX_2,2012-06-16 15:30:00,2.992410931852226,3.0821832598077927
TX_2,2012-06-16 16:00:00,3.3110591043165916,3.4103908774460896
TX_2,2012-06-16 16:30:00,3.1520226827893625,3.2465833632730434
TX_2,2012-06-16 17:00:00,5.347133398043457,5.5075473999847615
TX_2,2012-06-16 17:30:00,4.4910862559154205,4.625818843592883
TX_2,2012-06-16 18:00:00,5.254938576573873,5.412586733871089
TX_2,2012-06-16 18:30:00,6.892999136702266,7.099789110803334
TX_2,2012-06-16 19:00:00,4.840307948106976,4.985517186550186
TX_2,2012-06-16 19:30:00,3.400113055637532,3.502116447306658
TX_2,2012-06-16 20:00:00,4.081233714407249,4.2036707258394665
TX_2,2012-06-16 20:30:00,3.329477192887907,3.4293615086745444
TX_2,2012-06-16 21:00:00,3.3987849717183503,3.5007485208699007
TX_2,2012-06-16 21:30:00,3.321405561663959,3.421047728513878
TX_2,2012-06-16 22:00:00,3.646462009556939,3.7558558698436473
TX_2,2012-06-16 22:30:00,2.2077418985571744,2.2739741555138897
TX_2,2012-06-16 23:00:00,1.99447566076265,2.0543099305855295
TX_2,2012-06-16 23:30:00,2.690916209570065,2.771643695857167
TX_2,2012-06-17 00:00:00,2.231632794364491,2.298581778195426
TX_2,2012-06-17 00:30:00,3.0294617148560627,3.1203455663017445
TX_2,2012-06-17 01:00:00,3.1832641482550286,3.2787620727026794
TX_2,2012-06-17 01:30:00,3.0749773275469128,3.16722664737332
TX_2,2012-06-17 02:00:00,2.8838550881546863,2.9703707407993267
TX_2,2012-06-17 02:30:00,3.311653397590127,3.4110029995178306
TX_2,2012-06-17 03:00:00,3.6691161491460793,3.779189633620462
TX_2,2012-06-17 03:30:00,2.321060987897976,2.3906928175349154
TX_2,2012-06-17 04:00:00,2.7748747321815275,2.8581209741469733
TX_2,2012-06-17 04:30:00,3.172434306293882,3.2676073354826984
TX_2,2012-06-17 05:00:00,3.332992080423196,3.432981842835892
TX_2,2012-06-17 05:30:00,2.475019383876713,2.5492699653930146
TX_2,2012-06-17 06:00:00,2.81570533129166,2.9001764912304098
TX_2,2012-06-17 06:30:00,2.6194644544505783,2.6980483880840955
TX_2,2012-06-17 07:00:00,3.5751677062833647,3.6824227374718657
TX_2,2012-06-17 07:30:00,4.3520534491787775,4.482615052654141
TX_2,2012-06-17 08:00:00,4.620930950142855,4.75955887864714
TX_2,2012-06-17 08:30:00,6.309289537144728,6.4985682232590705
TX_2,2012-06-17 09:00:00,6.3105300331062235,6.499845934099411
TX_2,2012-06-17 09:30:00,7.282656102911412,7.501135785998755
TX_2,2012-06-17 10:00:00,6.773271328757518,6.976469468620244
TX_2,2012-06-17 10:30:00,5.848934493326005,6.024402528125785
TX_2,2012-06-17 11:00:00,8.129444780508392,8.373328123923644
TX_2,2012-06-17 11:30:00,8.176435523491293,8.421728589196032
TX_2,2012-06-17 12:00:00,7.374451951787656,7.595685510341286
TX_2,2012-06-17 12:30:00,6.61733744839279,6.815857571844574
TX_2,2012-06-17 13:00:00,4.25892681769046,4.386694622221174
TX_2,2012-06-17 13:30:00,7.258421896175947,7.476174553061226
TX_2,2012-06-17 14:00:00,6.6436974239448245,6.8430083466631695
TX_2,2012-06-17 14:30:00,5.471195167224345,5.6353310222410755
TX_2,2012-06-17 15:00:00,5.584596425328256,5.752134318088103
TX_2,2012-06-17 15:30:00,7.45878005985658,7.682543461652278
TX_2,2012-06-17 16:00:00,5.800104370243711,5.974107501351023
TX_2,2012-06-17 16:30:00,4.249302252555723,4.376781320132395
TX_2,2012-06-17 17:00:00,5.691433079687973,5.862176072078612
TX_2,2012-06-17 17:30:00,8.308981332134412,8.558250772098445
TX_2,2012-06-17 18:00:00,10.628451280664036,10.947304819083957
TX_2,2012-06-17 18:30:00,10.774353489811253,11.09758409450559
TX_2,2012-06-17 19:00:00,8.488345206428884,8.74299556262175
TX_2,2012-06-17 19:30:00,6.15639330016526,6.341085099170218
TX_2,2012-06-17 20:00:00,5.460398848005571,5.624210813445738
TX_2,2012-06-17 20:30:00,8.420146584534377,8.67275098207041
TX_2,2012-06-17 21:00:00,7.083157274761996,7.2956519930048565
TX_2,2012-06-17 21:30:00,5.518194189800029,5.68374001549403
TX_2,2012-06-17 22:00:00,6.821731905934854,7.026383863112899
TX_2,2012-06-17 22:30:00,6.234994865235904,6.422044711192981
TX_2,2012-06-17 23:00:00,8.415092574742305,8.667545351984574
TX_2,2012-06-17 23:30:00,5.371584039995736,5.532731561195608
TX_2,2012-06-18 00:00:00,3.5890603471874325,3.6967321576030554
TX_2,2012-06-18 00:30:00,3.170526536637914,3.2656423327370514
TX_2,2012-06-18 01:00:00,2.804386147443416,2.8885177318667186
TX_2,2012-06-18 01:30:00,2.515375068648505,2.59083632070796
TX_2,2012-06-18 02:00:00,2.513737510273529,2.589149635581735
TX_2,2012-06-18 02:30:00,3.4906077969801905,3.5953260308895962
TX_2,2012-06-18 03:00:00,2.9981274692414783,3.088071293318723
TX_2,2012-06-18 03:30:00,2.709559611225504,2.790846399562269
TX_2,2012-06-18 04:00:00,2.2810473377935354,2.3494787579273417
TX_2,2012-06-18 04:30:00,3.324759267818084,3.4245020458526265
TX_2,2012-06-18 05:00:00,2.8385265551807386,2.923682351836161
TX_2,2012-06-18 05:30:00,3.953805534390536,4.072419700422252
TX_2,2012-06-18 06:00:00,3.944427735490616,4.062760567555335
TX_2,2012-06-18 06:30:00,4.53625047940844,4.672337993790693
TX_2,2012-06-18 07:00:00,5.395437710240297,5.557300841547506
TX_2,2012-06-18 07:30:00,6.319137579237027,6.508711706614138
TX_2,2012-06-18 08:00:00,7.789809273462054,8.023503551665916
TX_2,2012-06-18 08:30:00,5.985490491255572,6.165055205993239
TX_2,2012-06-18 09:00:00,7.688077168944665,7.918719484013005
TX_2,2012-06-18 09:30:00,7.963211672087887,8.202108022250524
TX_2,2012-06-18 10:00:00,6.60090937040148,6.798936651513524
TX_2,2012-06-18 10:30:00,7.360068305244202,7.580870354401529
TX_2,2012-06-18 11:00:00,5.2076256761628335,5.363854446447719
TX_2,2012-06-18 11:30:00,7.046416430851664,7.2578089237772145
TX_2,2012-06-18 12:00:00,5.276933987946572,5.43524200758497
TX_2,2012-06-18 12:30:00,5.743995210858248,5.916315067183996
TX_2,2012-06-18 13:00:00,4.51383185492521,4.649246810572967
TX_2,2012-06-18 13:30:00,5.8592762792366475,6.035054567613747
TX_2,2012-06-18 14:00:00,4.951506809995708,5.10005201429558
TX_2,2012-06-18 14:30:00,5.796704051782732,5.970605173336214
TX_2,2012-06-18 15:00:00,5.240146262056394,5.397350649918086
TX_2,2012-06-18 15:30:00,4.869632832736872,5.015721817718978
TX_2,2012-06-18 16:00:00,4.895256858651765,5.0421145644113174
TX_2,2012-06-18 16:30:00,5.39102279821141,5.552753482157753
TX_2,2012-06-18 17:00:00,7.107299908805117,7.32051890606927
TX_2,2012-06-18 17:30:00,6.914956278888482,7.122404967255137
TX_2,2012-06-18 18:00:00,7.152487537065875,7.3670621631778515
TX_2,2012-06-18 18:30:00,6.441345941504013,6.6345863197491335
TX_2,2012-06-18 19:00:00,7.429578766988621,7.65246612999828
TX_2,2012-06-18 19:30:00,7.127474326385998,7.341298556177578
TX_2,2012-06-18 20:00:00,7.478648771731048,7.703008234882979
TX_2,2012-06-18 20:30:00,5.8875699729951645,6.06419707218502
TX_2,2012-06-18 21:00:00,5.370733170779896,5.531855165903293
TX_2,2012-06-18 21:30:00,5.170054908773369,5.32515655603657
TX_2,2012-06-18 22:00:00,4.512812079103067,4.648196441476158
TX_2,2012-06-18 22:30:00,5.176634080482817,5.331933102897302
TX_2,2012-06-18 23:00:00,4.346750995662402,4.477153525532275
TX_2,2012-06-18 23:30:00,3.678018455211996,3.788359008868356
TX_2,2012-06-19 00:00:00,2.891234381062512,2.9779714124943877
TX_2,2012-06-19 00:30:00,3.315438642461398,3.4149018017352404
TX_2,2012-06-19 01:00:00,2.6375722130780885,2.7166993794704313
TX_2,2012-06-19 01:30:00,3.0163672792430614,3.106858297620353
TX_2,2012-06-19 02:00:00,2.6311528056921807,2.710087389862946
TX_2,2012-06-19 02:30:00,3.384631342239355,3.4861702825065355
TX_2,2012-06-19 03:00:00,2.8915040038998496,2.978249124016845
TX_2,2012-06-19 03:30:00,2.6860139048083793,2.7665943219526308
TX_2,2012-06-19 04:00:00,2.8791040578988554,2.9654771796358212
TX_2,2012-06-19 04:30:00,2.956148023040247,3.044832463731454
TX_2,2012-06-19 05:00:00,2.9921779823512766,3.081943321821815
TX_2,2012-06-19 05:30:00,4.640770072554516,4.7799931747311515
TX_2,2012-06-19 06:00:00,5.016318570167865,5.166808127272901
TX_2,2012-06-19 06:30:00,4.67625576653425,4.816543439530277
TX_2,2012-06-19 07:00:00,5.801949805664472,5.9760082998344055
TX_2,2012-06-19 07:30:00,5.356830894481311,5.51753582131575
TX_2,2012-06-19 08:00:00,7.648478727329794,7.877933089149687
TX_2,2012-06-19 08:30:00,5.599075102094346,5.767047355157177
TX_2,2012-06-19 09:00:00,3.6417343599625744,3.750986390761452
TX_2,2012-06-19 09:30:00,5.778596863278832,5.951954769177197
TX_2,2012-06-19 10:00:00,5.423791497734398,5.58650524266643
TX_2,2012-06-19 10:30:00,4.309762023969888,4.439054884688985
TX_2,2012-06-19 11:00:00,4.408342086750049,4.540592349352551
TX_2,2012-06-19 11:30:00,3.9018711147429137,4.018927248185201
TX_2,2012-06-19 12:00:00,5.883488602113487,6.059993260176892
TX_2,2012-06-19 12:30:00,4.66180338016392,4.801657481568838
TX_2,2012-06-19 13:00:00,3.604689832829389,3.712830527814271
TX_2,2012-06-19 13:30:00,4.396090082619611,4.527972785098199
TX_2,2012-06-19 14:00:00,5.4645910699318385,5.628528802029794
TX_2,2012-06-19 14:30:00,3.8343092594510053,3.9493385372345355
TX_2,2012-06-19 15:00:00,3.74500454160226,3.8573546778503283
TX_2,2012-06-19 15:30:00,4.146868262429397,4.271274310302279
TX_2,2012-06-19 16:00:00,4.128783521483655,4.252647027128164
TX_2,2012-06-19 16:30:00,6.55309603086249,6.749688911788366
TX_2,2012-06-19 17:00:00,6.237621132796491,6.424749766780386
TX_2,2012-06-19 17:30:00,4.625560175164268,4.764326980419196
TX_2,2012-06-19 18:00:00,7.257318776296379,7.475038339585271
TX_2,2012-06-19 18:30:00,8.400298508133732,8.652307463377744
TX_2,2012-06-19 19:00:00,5.443867125305736,5.607183139064908
TX_2,2012-06-19 19:30:00,6.063382715422712,6.245284196885393
TX_2,2012-06-19 20:00:00,5.407819200345049,5.5700537763554
TX_2,2012-06-19 20:30:00,5.481908255912243,5.64636550358961
TX_2,2012-06-19 21:00:00,5.816865405568624,5.991371367735683
TX_2,2012-06-19 21:30:00,5.2309428827534346,5.387871169236038
TX_2,2012-06-19 22:00:00,5.040723452462805,5.191945156036689
TX_2,2012-06-19 22:30:00,4.4468549734677465,4.580260622671779
TX_2,2012-06-19 23:00:00,4.331349931532634,4.461290429478613
TX_2,2012-06-19 23:30:00,4.094348116209861,4.2171785596961575
TX_2,2012-06-20 00:00:00,2.901899645699057,2.988956635070029
TX_2,2012-06-20 00:30:00,3.1299086126845643,3.2238058710651014
TX_2,2012-06-20 01:00:00,2.558581875108777,2.6353393313620406
TX_2,2012-06-20 01:30:00,2.527573321826666,2.603400521481466
TX_2,2012-06-20 02:00:00,2.607958809211601,2.686197573487949
TX_2,2012-06-20 02:30:00,3.439312987800873,3.542492377434899
TX_2,2012-06-20 03:00:00,2.3218400024070074,2.3914952024792178
TX_2,2012-06-20 03:30:00,2.759242474324213,2.84201974855394
TX_2,2012-06-20 04:00:00,2.365384226782224,2.4363457535856905
TX_2,2012-06-20 04:30:00,3.3293151445097564,3.4291945988450494
TX_2,2012-06-20 05:00:00,3.3393849555085633,3.43956650417382
TX_2,2012-06-20 05:30:00,3.265471238654334,3.363435375813964
TX_2,2012-06-20 06:00:00,3.4283653662220335,3.5312163272086945
TX_2,2012-06-20 06:30:00,3.0715666594050957,3.163713659187249
TX_2,2012-06-20 07:00:00,4.006001382401752,4.126181423873805
TX_2,2012-06-20 07:30:00,4.165263826382647,4.290221741174126
TX_2,2012-06-20 08:00:00,4.1073051407208006,4.230524294942425
TX_2,2012-06-20 08:30:00,4.33568519555115,4.465755751417685
TX_2,2012-06-20 09:00:00,5.4530883165546795,5.61668096605132
TX_2,2012-06-20 09:30:00,3.787831617998237,3.9014665665381845
TX_2,2012-06-20 10:00:00,4.24150324782894,4.368748345263809
TX_3,2012-05-21 10:30:00,0.9096735343661952,0.9369637403971811
TX_3,2012-05-21 11:00:00,0.9766744114960068,1.005974643840887
TX_3,2012-05-21 11:30:00,0.8739350719746586,0.9001531241338984
TX_3,2012-05-21 12:00:00,1.4552871432638668,1.4989457575617828
TX_3,2012-05-21 12:30:00,1.8076069116770523,1.8618351190273639
TX_3,2012-05-21 13:00:00,1.2022566711304234,1.2383243712643361
TX_3,2012-05-21 13:30:00,1.006589535000314,1.0367872210503235
TX_3,2012-05-21 14:00:00,0.9826273336652949,1.0121061536752538
TX_3,2012-05-21 14:30:00,0.8550693034271787,0.8807213825299941
TX_3,2012-05-21 15:00:00,0.836270857304425,0.8613589830235577
TX_3,2012-05-21 15:30:00,0.9803396374539528,1.0097498265775715
TX_3,2012-05-21 16:00:00,0.7607438488805214,0.783566164346937
TX_3,2012-05-21 16:30:00,0.8412244035046358,0.8664611356097749
TX_3,2012-05-21 17:00:00,0.7850506236026707,0.8086021423107509
TX_3,2012-05-21 17:30:00,1.0360343630080544,1.067115393898296
TX_3,2012-05-21 18:00:00,1.2592362214094646,1.2970133080517485
TX_3,2012-05-21 18:30:00,1.5134929260459375,1.5588977138273157
TX_3,2012-05-21 19:00:00,0.8813527135111958,0.9077932949165317
TX_3,2012-05-21 19:30:00,0.7112869883091049,0.732625597958378
TX_3,2012-05-21 20:00:00,1.0291913247952154,1.0600670645390717
TX_3,2012-05-21 20:30:00,0.9202884245179144,0.9478970772534518
TX_3,2012-05-21 21:00:00,1.7720466619960527,1.8252080618559343
TX_3,2012-05-21 21:30:00,1.5220677059088732,1.5677297370861394
TX_3,2012-05-21 22:00:00,1.0775078604478905,1.1098330962613272
TX_3,2012-05-21 22:30:00,0.828087188163191,0.8529298038080868
TX_3,2012-05-21 23:00:00,0.6345743135539076,0.6536115429605248
TX_3,2012-05-21 23:30:00,0.5871770301926207,0.6047923410983993
TX_3,2012-05-22 00:00:00,0.45708393109953294,0.47079644903251894
TX_3,2012-05-22 00:30:00,0.5725056209646375,0.5896807895935766
TX_3,2012-05-22 01:00:00,0.5507440006997188,0.5672663207207105
TX_3,2012-05-22 01:30:00,0.6168609616002406,0.6353667904482478
TX_3,2012-05-22 02:00:00,0.40475605905566675,0.41689874082733674
TX_3,2012-05-22 02:30:00,0.6561146667939642,0.6757981067977832
TX_3,2012-05-22 03:00:00,0.3726826783494855,0.38386315869997006
TX_3,2012-05-22 03:30:00,0.6036865347358858,0.6217971307779624
TX_3,2012-05-22 04:00:00,0.46986274742550965,0.483958629848275
TX_3,2012-05-22 04:30:00,0.6735436274397575,0.6937499362629502
TX_3,2012-05-22 05:00:00,0.6413453137606018,0.6605856731734199
TX_3,2012-05-22 05:30:00,0.6455207182980726,0.6648863398470147
TX_3,2012-05-22 06:00:00,0.6216167242247107,0.6402652259514521
TX_3,2012-05-22 06:30:00,0.7096554393089453,0.7309451024882136
TX_3,2012-05-22 07:00:00,0.6159903314311554,0.6344700413740901
TX_3,2012-05-22 07:30:00,0.8006392091948523,0.8246583854706979
TX_3,2012-05-22 08:00:00,1.0894204569474015,1.1221030706558237
TX_3,2012-05-22 08:30:00,1.0609088877428836,1.0927361543751701
TX_3,2012-05-22 09:00:00,0.7192395827505987,0.7408167702331168
TX_3,2012-05-22 09:30:00,0.7120794253758814,0.7334418081371579
TX_3,2012-05-22 10:00:00,1.5541518706531297,1.6007764267727236
TX_3,2012-05-22 10:30:00,0.606315612825491,0.6245050812102557
TX_3,2012-05-22 11:00:00,0.5818692368379376,0.5993253139430758
TX_3,2012-05-22 11:30:00,0.6244619884667293,0.6431958481207312
TX_3,2012-05-22 12:00:00,0.6877484597047894,0.708380913495933
TX_3,2012-05-22 12:30:00,0.9217469571235087,0.9493993658372141
TX_3,2012-05-22 13:00:00,1.20896839284527,1.245237444630628
TX_3,2012-05-22 13:30:00,1.2075097754803679,1.243735068744779
TX_3,2012-05-22 14:00:00,0.8589854400653676,0.8847550032673286
TX_3,2012-05-22 14:30:00,0.8685485449888777,0.894605001338544
TX_3,2012-05-22 15:00:00,0.823590287999566,0.848297996639553
TX_3,2012-05-22 15:30:00,0.5460030198434115,0.5623831104387138
TX_3,2012-05-22 16:00:00,0.6567718344049482,0.6764749894370967
TX_3,2012-05-22 16:30:00,0.6641794379537923,0.6841048210924061
TX_3,2012-05-22 17:00:00,1.4350507831896255,1.4781023066853143
TX_3,2012-05-22 17:30:00,1.1347260885025776,1.168767871157655
TX_3,2012-05-22 18:00:00,0.7904839589811167,0.8141984777505502
TX_3,2012-05-22 18:30:00,0.8441351125535752,0.8694591659301825
TX_3,2012-05-22 19:00:00,0.9363645793318126,0.964455516711767
TX_3,2012-05-22 19:30:00,0.9452436021719418,0.9736009102371
TX_3,2012-05-22 20:00:00,0.7993785946673736,0.8233599525073948
TX_3,2012-05-22 20:30:00,0.7538302198821205,0.7764451264785841
TX_3,2012-05-22 21:00:00,1.0048603139804557,1.0350061233998695
TX_3,2012-05-22 21:30:00,0.7800388832331816,0.803440049730177
TX_3,2012-05-22 22:00:00,1.0116023695298302,1.0419504406157252
TX_3,2012-05-22 22:30:00,0.6589406676649041,0.6787088876948513
TX_3,2012-05-22 23:00:00,0.6254028469370876,0.6441649323452002
TX_3,2012-05-22 23:30:00,0.5220985592335762,0.5377615160105835
TX_3,2012-05-23 00:00:00,0.4925203817278177,0.5072959931796522
TX_3,2012-05-23 00:30:00,0.5493270321168047,0.5658068430803088
TX_3,2012-05-23 01:00:00,0.4856206795062973,0.5001892998914862
TX_3,2012-05-23 01:30:00,0.5641248922060358,0.5810486389722169
TX_3,2012-05-23 02:00:00,0.4942051333028369,0.509031287301922
TX_3,2012-05-23 02:30:00,0.5344897833352708,0.5505244768353289
TX_3,2012-05-23 03:00:00,0.5847816884678351,0.6023251391218701
TX_3,2012-05-23 03:30:00,0.5119991059433239,0.5273590791216236
TX_3,2012-05-23 04:00:00,0.498367231620946,0.5133182485695744
TX_3,2012-05-23 04:30:00,0.7268844875928717,0.7486910222206579
TX_3,2012-05-23 05:00:00,0.43558622468493313,0.44865381142548116
TX_3,2012-05-23 05:30:00,0.5916980575078499,0.6094489992330854
TX_3,2012-05-23 06:00:00,0.9576594466520062,0.9863892300515664
TX_3,2012-05-23 06:30:00,0.8409350269306323,0.8661630777385513
TX_3,2012-05-23 07:00:00,1.0574866340879323,1.0892112331105703
TX_3,2012-05-23 07:30:00,1.0168402555097134,1.0473454631750048
TX_3,2012-05-23 08:00:00,1.0464267021380542,1.0778195032021958
TX_3,2012-05-23 08:30:00,3.5740739419408873,3.681296160199114
TX_3,2012-05-23 09:00:00,4.871052862369232,5.017184448240309
TX_3,2012-05-23 09:30:00,6.524429233266573,6.72016211026457
TX_3,2012-05-23 10:00:00,7.937004163089904,8.175114287982602
TX_3,2012-05-23 10:30:00,8.430558646263506,8.683475405651413
TX_3,2012-05-23 11:00:00,5.9928431292071025,6.1726284230833155
TX_3,2012-05-23 11:30:00,4.604427912155542,4.742560749520208
TX_3,2012-05-23 12:00:00,4.500823520952573,4.6358482265811505
TX_3,2012-05-23 12:30:00,4.449219103814207,4.582695676928633
TX_3,2012-05-23 13:00:00,3.891344566142611,4.00808490312689
TX_3,2012-05-23 13:30:00,4.6798997914536695,4.8202967851972796
TX_3,2012-05-23 14:00:00,4.662822074851378,4.802706737096919
TX_3,2012-05-23 14:30:00,4.196160095783304,4.322044898656803
TX_3,2012-05-23 15:00:00,3.822415842536618,3.9370883178127167
TX_3,2012-05-23 15:30:00,4.3552457060154115,4.485903077195874
TX_3,2012-05-23 16:00:00,3.118565529104731,3.212122494977873
TX_3,2012-05-23 16:30:00,4.5466669111479225,4.683066918482361
TX_3,2012-05-23 17:00:00,5.086606233773374,5.239204420786575
TX_3,2012-05-23 17:30:00,6.71587898405599,6.917355353577669
TX_3,2012-05-23 18:00:00,5.39394690265719,5.5557653097369055
TX_3,2012-05-23 18:30:00,5.36166807760489,5.5225181199330375
TX_3,2012-05-23 19:00:00,7.438328531442359,7.66147838738563
TX_3,2012-05-23 19:30:00,8.675122021493,8.93537568213779
TX_3,2012-05-23 20:00:00,4.569161836586449,4.706236691684043
TX_3,2012-05-23 20:30:00,5.17221940080045,5.327385982824463
TX_3,2012-05-23 21:00:00,6.08809703564659,6.270739946715988
TX_3,2012-05-23 21:30:00,7.117177192251725,7.330692508019276
TX_3,2012-05-23 22:00:00,9.020519844364909,9.291135439695857
TX_3,2012-05-23 22:30:00,5.553181810635634,5.719777264954703
TX_3,2012-05-23 23:00:00,4.94349642669495,5.091801319495799
TX_3,2012-05-23 23:30:00,3.9796168875005766,4.099005394125594
TX_3,2012-05-24 00:00:00,3.815140564669077,3.929594781609149
TX_3,2012-05-24 00:30:00,3.5192835543094882,3.624862060938773
TX_3,2012-05-24 01:00:00,2.8663566662194113,2.9523473662059936
TX_3,2012-05-24 01:30:00,3.33837572375879,3.4385269954715536
TX_3,2012-05-24 02:00:00,2.6948926992537805,2.775739480231394
TX_3,2012-05-24 02:30:00,2.910216732496422,2.9975232344713145
TX_3,2012-05-24 03:00:00,4.427839592759335,4.560674780542115
TX_3,2012-05-24 03:30:00,2.370932227370177,2.4420601941912827
TX_3,2012-05-24 04:00:00,2.9965669814191735,3.086463990861749
TX_3,2012-05-24 04:30:00,2.8405990487987354,2.9258170202626976
TX_3,2012-05-24 05:00:00,3.283638815213374,3.3821479796697753
TX_3,2012-05-24 05:30:00,3.6227007891833396,3.73138181285884
TX_3,2012-05-24 06:00:00,3.3279618231660755,3.427800677861058
TX_3,2012-05-24 06:30:00,5.325795853008031,5.485569728598271
TX_3,2012-05-24 07:00:00,4.27576875750093,4.404041820225958
TX_3,2012-05-24 07:30:00,4.417356073195298,4.549876755391157
TX_3,2012-05-24 08:00:00,4.208165556376408,4.3344105230677
TX_3,2012-05-24 08:30:00,4.564940707879565,4.701888929115952
TX_3,2012-05-24 09:00:00,3.7652977775623224,3.8782567108891923
TX_3,2012-05-24 09:30:00,4.683465787772215,4.823969761405381
TX_3,2012-05-24 10:00:00,4.934617589633082,5.082656117322075
TX_3,2012-05-24 10:30:00,5.931584394787079,6.109531926630692
TX_3,2012-05-24 11:00:00,4.475593849548699,4.60986166503516
TX_3,2012-05-24 11:30:00,5.630448822279434,5.799362286947817
TX_3,2012-05-24 12:00:00,5.885903405784751,6.062480507958293
TX_3,2012-05-24 12:30:00,5.811314382588191,5.985653814065837
TX_3,2012-05-24 13:00:00,5.593768898530699,5.76158196548662
TX_3,2012-05-24 13:30:00,5.492432822772336,5.657205807455505
TX_3,2012-05-24 14:00:00,4.995809770102262,5.14568406320533
TX_3,2012-05-24 14:30:00,3.462734793722527,3.566616837534203
TX_3,2012-05-24 15:00:00,3.3169654044317776,3.416474366564731
TX_3,2012-05-24 15:30:00,3.1730908984694493,3.268283625423533
TX_3,2012-05-24 16:00:00,4.5405014834339195,4.676716527936938
TX_3,2012-05-24 16:30:00,5.2962641374227974,5.455152061545482
TX_3,2012-05-24 17:00:00,4.1022179179029195,4.225284455440007
TX_3,2012-05-24 17:30:00,5.356168639711174,5.516853698902509
TX_3,2012-05-24 18:00:00,6.3829117490564915,6.574399101528186
TX_3,2012-05-24 18:30:00,6.089132897936487,6.271806884874582
TX_3,2012-05-24 19:00:00,6.862998892217869,7.068888858984405
TX_3,2012-05-24 19:30:00,5.437603454219828,5.600731557846423
TX_3,2012-05-24 20:00:00,5.108093594592121,5.261336402429884
TX_3,2012-05-24 20:30:00,6.469597004854529,6.6636849150001645
TX_3,2012-05-24 21:00:00,5.531857504575863,5.697813229713139
TX_3,2012-05-24 21:30:00,6.408848269649026,6.601113717738497
TX_3,2012-05-24 22:00:00,5.735257336523212,5.907315056618908
TX_3,2012-05-24 22:30:00,5.8375083771844505,6.012633628499984
TX_3,2012-05-24 23:00:00,4.363304938919208,4.494204087086784
TX_3,2012-05-24 23:30:00,4.299521601860104,4.428507249915907
TX_3,2012-05-25 00:00:00,3.3311504036191795,3.4310849157277548
TX_3,2012-05-25 00:30:00,3.7447948711924015,3.8571387173281737
TX_3,2012-05-25 01:00:00,3.8288634951763174,3.943729400031607
TX_3,2012-05-25 01:30:00,2.768795782384536,2.8518596558560723
TX_3,2012-05-25 02:00:00,2.574041639584918,2.651262888772466
TX_3,2012-05-25 02:30:00,4.243056738073789,4.370348440216003
TX_3,2012-05-25 03:00:00,2.8414232624607525,2.9266659603345753
TX_3,2012-05-25 03:30:00,2.3622870540070684,2.4331556656272806
TX_3,2012-05-25 04:00:00,2.3128174471365233,2.382201970550619
TX_3,2012-05-25 04:30:00,2.8817856248946323,2.9682391936414714
TX_3,2012-05-25 05:00:00,2.5780400411088,2.655381242342064
TX_3,2012-05-25 05:30:00,3.063138679686782,3.1550328400773853
TX_3,2012-05-25 06:00:00,3.2340253699464907,3.3310461310448853
TX_3,2012-05-25 06:30:00,3.7658291742636254,3.878804049491534
TX_3,2012-05-25 07:00:00,3.497068016811087,3.6019800573154197
TX_3,2012-05-25 07:30:00,3.826422301172646,3.941214970207825
TX_3,2012-05-25 08:00:00,3.8913404076995235,4.008080619930509
TX_3,2012-05-25 08:30:00,3.473400287679488,3.577602296309873
TX_3,2012-05-25 09:00:00,3.169781631846444,3.2648750808018376
TX_3,2012-05-25 09:30:00,3.818764641769885,3.9333275810229815
TX_3,2012-05-25 10:00:00,4.78477233076552,4.928315500688486
TX_3,2012-05-25 10:30:00,5.570855104423289,5.737980757555987
TX_3,2012-05-25 11:00:00,5.526203339422258,5.691989439604926
TX_3,2012-05-25 11:30:00,4.855174274972821,5.000829503222006
TX_3,2012-05-25 12:00:00,5.2006561083843685,5.3566757916359
TX_3,2012-05-25 12:30:00,6.576908439233812,6.774215692410827
TX_3,2012-05-25 13:00:00,4.505000738044739,4.640150760186081
TX_3,2012-05-25 13:30:00,5.257272895673363,5.4149910825435645
TX_3,2012-05-25 14:00:00,3.4814352906419344,3.5858783493611925
TX_3,2012-05-25 14:30:00,3.5899117122570523,3.697609063624764
TX_3,2012-05-25 15:00:00,3.3887086448475654,3.4903699041929923
TX_3,2012-05-25 15:30:00,3.8483467083944487,3.9637971096462823
TX_3,2012-05-25 16:00:00,3.9111583207328677,4.028493070354854
TX_3,2012-05-25 16:30:00,5.241666356286394,5.3989163469749855
TX_3,2012-05-25 17:00:00,4.86151264275408,5.007358022036702
TX_3,2012-05-25 17:30:00,6.317734491633275,6.507266526382273
TX_3,2012-05-25 18:00:00,6.812373658462051,7.016744868215913
TX_3,2012-05-25 18:30:00,6.253090826858158,6.440683551663903
TX_3,2012-05-25 19:00:00,9.459668736767663,9.743458798870693
TX_3,2012-05-25 19:30:00,6.292769573653858,6.481552660863473
TX_3,2012-05-25 20:00:00,5.083311490337646,5.235810835047776
TX_3,2012-05-25 20:30:00,4.908325637084921,5.055575406197469
TX_3,2012-05-25 21:00:00,6.059539918673343,6.241326116233544
TX_3,2012-05-25 21:30:00,5.786354555966612,5.95994519264561
TX_3,2012-05-25 22:00:00,6.602810845995909,6.800895171375786
TX_3,2012-05-25 22:30:00,6.1343307288538655,6.318360650719482
TX_3,2012-05-25 23:00:00,6.210312979268942,6.3966223686470105
TX_3,2012-05-25 23:30:00,5.626697124974624,5.795498038723863
TX_3,2012-05-26 00:00:00,4.938165305248626,5.086310264406085
TX_3,2012-05-26 00:30:00,3.4035882291212736,3.505695875994912
TX_3,2012-05-26 01:00:00,3.449937541194534,3.55343566743037
TX_3,2012-05-26 01:30:00,4.389807142780479,4.521501357063894
TX_3,2012-05-26 02:00:00,3.3578253469060333,3.458560107313214
TX_3,2012-05-26 02:30:00,4.4407768880148,4.574000194655244
TX_3,2012-05-26 03:00:00,4.027192823299828,4.148008607998823
TX_3,2012-05-26 03:30:00,3.1822853062018592,3.2777538653879152
TX_3,2012-05-26 04:00:00,2.698177097023365,2.7791224099340663
TX_3,2012-05-26 04:30:00,2.480478696443695,2.5548930573370057
TX_3,2012-05-26 05:00:00,2.3292864488328107,2.399165042297795
TX_3,2012-05-26 05:30:00,2.726148504263189,2.807932959391085
TX_3,2012-05-26 06:00:00,2.1971494431789353,2.2630639264743033
TX_3,2012-05-26 06:30:00,3.3955093035896873,3.497374582697378
TX_3,2012-05-26 07:00:00,4.683370202166876,4.823871308231882
TX_3,2012-05-26 07:30:00,4.760604371873707,4.903422503029918
TX_3,2012-05-26 08:00:00,4.545428389967534,4.68179124166656
TX_3,2012-05-26 08:30:00,4.296499847946788,4.425394843385192
TX_3,2012-05-26 09:00:00,6.551016756356837,6.7475472590475425
TX_3,2012-05-26 09:30:00,4.430465342534633,4.563379302810673
TX_3,2012-05-26 10:00:00,5.9461640053513545,6.1245489255118954
TX_3,2012-05-26 10:30:00,5.117224405965577,5.270741138144545
TX_3,2012-05-26 11:00:00,4.457427666287621,4.591150496276249
TX_3,2012-05-26 11:30:00,3.6612344618577852,3.7710714957135187
TX_3,2012-05-26 12:00:00,4.628333971261277,4.767183990399116
TX_3,2012-05-26 12:30:00,5.726458773255901,5.898252536453579
TX_3,2012-05-26 13:00:00,3.9992104559234143,4.119186769601117
TX_3,2012-05-26 13:30:00,4.733804175855684,4.875818301131354
TX_3,2012-05-26 14:00:00,4.3396687414059905,4.469858803648171
TX_3,2012-05-26 14:30:00,4.71663024021569,4.8581291474221615
TX_3,2012-05-26 15:00:00,3.2217565319684187,3.3184092279274715
TX_3,2012-05-26 15:30:00,3.959552776500014,4.078339359795015
TX_3,2012-05-26 16:00:00,7.440255534605033,7.663463200643184
TX_3,2012-05-26 16:30:00,4.945935368852693,5.094313429918274
TX_3,2012-05-26 17:00:00,3.7653294905298957,3.8782893752457928
TX_3,2012-05-26 17:30:00,6.0092074207696715,6.189483643392762
TX_3,2012-05-26 18:00:00,3.7876049932820783,3.9012331430805407
TX_3,2012-05-26 18:30:00,4.02698362473138,4.147793133473321
TX_3,2012-05-26 19:00:00,7.0472197321440575,7.258636324108379
TX_3,2012-05-26 19:30:00,6.518257557877776,6.71380528461411
TX_3,2012-05-26 20:00:00,7.489807856782351,7.714502092485821
TX_3,2012-05-26 20:30:00,6.246397750188085,6.433789682693727
TX_3,2012-05-26 21:00:00,5.199688700866274,5.355679361892263
TX_3,2012-05-26 21:30:00,5.513564350550942,5.67897128106747
TX_3,2012-05-26 22:00:00,5.599416300083438,5.7673987890859415
TX_3,2012-05-26 22:30:00,4.278698804927776,4.40705976907561
TX_3,2012-05-26 23:00:00,4.3789763103366095,4.510345599646708
TX_3,2012-05-26 23:30:00,3.746575918567059,3.8589731961240705
TX_3,2012-05-27 00:00:00,3.9872007669067786,4.1068167899139825
TX_3,2012-05-27 00:30:00,4.3787297908288965,4.510091684553763
TX_3,2012-05-27 01:00:00,5.376494050574148,5.537788872091372
TX_3,2012-05-27 01:30:00,5.612559255391117,5.780936033052851
TX_3,2012-05-27 02:00:00,5.489367463085667,5.654048486978238
TX_3,2012-05-27 02:30:00,4.290485563483217,4.419200130387713
TX_3,2012-05-27 03:00:00,3.3505978534762826,3.4511157890805713
TX_3,2012-05-27 03:30:00,3.060203946130384,3.1520100645142954
TX_3,2012-05-27 04:00:00,2.8522725061802303,2.9378406813656373
TX_3,2012-05-27 04:30:00,3.099586317306792,3.192573906825996
TX_3,2012-05-27 05:00:00,2.24039535941203,2.3076072201943907
TX_3,2012-05-27 05:30:00,2.921154537218955,3.008789173335524
TX_3,2012-05-27 06:00:00,2.9669343052133246,3.0559423343697243
TX_3,2012-05-27 06:30:00,3.2090058405372535,3.305276015753371
TX_3,2012-05-27 07:00:00,3.8214930391415973,3.9361378303158454
TX_3,2012-05-27 07:30:00,4.205486179549481,4.331650764935965
TX_3,2012-05-27 08:00:00,4.614229725792496,4.752656617566271
TX_3,2012-05-27 08:30:00,5.24392914680147,5.401247021205514
TX_3,2012-05-27 09:00:00,6.447423211349044,6.640845907689515
TX_3,2012-05-27 09:30:00,6.217338841918286,6.403859007175835
TX_3,2012-05-27 10:00:00,9.336459601116568,9.616553389150065
TX_3,2012-05-27 10:30:00,9.606854931615818,9.895060579564293
TX_3,2012-05-27 11:00:00,7.515340532913949,7.740800748901368
TX_3,2012-05-27 11:30:00,8.146997001317292,8.39140691135681
TX_3,2012-05-27 12:00:00,6.89431759730794,7.101147125227178
TX_3,2012-05-27 12:30:00,7.3917616557341415,7.613514505406166
TX_3,2012-05-27 13:00:00,5.843685838634974,6.0189964137940235
TX_3,2012-05-27 13:30:00,5.921104686200568,6.098737826786585
TX_3,2012-05-27 14:00:00,6.349979431484544,6.540478814429081
TX_3,2012-05-27 14:30:00,5.902826410168588,6.079911202473646
TX_3,2012-05-27 15:00:00,4.908988270251856,5.056257918359412
TX_3,2012-05-27 15:30:00,7.159273575809194,7.37405178308347
TX_3,2012-05-27 16:00:00,5.324813481956575,5.484557886415272
TX_3,2012-05-27 16:30:00,5.751278778949045,5.9238171423175165
TX_3,2012-05-27 17:00:00,6.039146920227036,6.2203213278338465
TX_3,2012-05-27 17:30:00,6.917087571492284,7.124600198637053
TX_3,2012-05-27 18:00:00,7.011385090749577,7.221726643472065
TX_3,2012-05-27 18:30:00,9.106331001514274,9.379520931559702
TX_3,2012-05-27 19:00:00,5.093093203020308,5.245885999110917
TX_3,2012-05-27 19:30:00,4.813158081938091,4.957552824396234
TX_3,2012-05-27 20:00:00,5.936404100465247,6.114496223479205
TX_3,2012-05-27 20:30:00,6.855872648359082,7.061548827809855
TX_3,2012-05-27 21:00:00,6.843122869237345,7.048416555314466
TX_3,2012-05-27 21:30:00,6.812850263793915,7.017235771707733
TX_3,2012-05-27 22:00:00,6.94807804762171,7.156520389050361
TX_3,2012-05-27 22:30:00,6.058105919373641,6.23984909695485
TX_3,2012-05-27 23:00:00,5.921033477389834,6.098664481711529
TX_3,2012-05-27 23:30:00,4.234038217479558,4.361059364003944
TX_3,2012-05-28 00:00:00,3.0525762717052287,3.1441535598563854
TX_3,2012-05-28 00:30:00,2.816347228285029,2.90083764513358
TX_3,2012-05-28 01:00:00,2.8365859080891704,2.9216834853318456
TX_3,2012-05-28 01:30:00,3.3743820979012282,3.4756135608382652
TX_3,2012-05-28 02:00:00,3.4931074834151055,3.597900707917559
TX_3,2012-05-28 02:30:00,3.9977516327503198,4.117684181732829
TX_3,2012-05-28 03:00:00,4.5983405988925306,4.736290816859307
TX_3,2012-05-28 03:30:00,3.0248222328430607,3.1155668998283526
TX_3,2012-05-28 04:00:00,3.1832103838525923,3.2787066953681703
TX_3,2012-05-28 04:30:00,2.7804143576934943,2.863826788424299
TX_3,2012-05-28 05:00:00,2.648078563850208,2.727520920765714
TX_3,2012-05-28 05:30:00,3.19004980775272,3.2857513019853015
TX_3,2012-05-28 06:00:00,3.269162939459892,3.3672378276436885
TX_3,2012-05-28 06:30:00,4.6787572430406135,4.819119960331832
TX_3,2012-05-28 07:00:00,5.002296031268735,5.152364912206797
TX_3,2012-05-28 07:30:00,3.8674736327518215,3.9834978417343763
TX_3,2012-05-28 08:00:00,6.004212337623402,6.184338707752104
TX_3,2012-05-28 08:30:00,4.7929685116840615,4.936757567034584
TX_3,2012-05-28 09:00:00,5.597045236186446,5.764956593272039
TX_3,2012-05-28 09:30:00,4.247770348171759,4.3752034586169115
TX_3,2012-05-28 10:00:00,3.665371367016339,3.775332508026829
TX_3,2012-05-28 10:30:00,3.6870560918343163,3.7976677745893457
TX_3,2012-05-28 11:00:00,3.964397433765702,4.083329356778673
TX_3,2012-05-28 11:30:00,5.863689620923883,6.0396003095515995
TX_3,2012-05-28 12:00:00,4.513013663055643,4.648404072947312
TX_3,2012-05-28 12:30:00,3.7387112477805386,3.850872585213955
TX_3,2012-05-28 13:00:00,3.239592537054473,3.3367803131661073
TX_3,2012-05-28 13:30:00,5.585642558949417,5.7532118357179005
TX_3,2012-05-28 14:00:00,6.244559131820282,6.4318959057748915
TX_3,2012-05-28 14:30:00,5.631929510933937,5.800887396261956
TX_3,2012-05-28 15:00:00,4.3039976263764945,4.433117555167789
TX_3,2012-05-28 15:30:00,2.8910989662227338,2.977831935209416
TX_3,2012-05-28 16:00:00,4.210956473468215,4.3372851676722615
TX_3,2012-05-28 16:30:00,4.578545571448529,4.715901938591984
TX_3,2012-05-28 17:00:00,3.8149540823128683,3.9294027047822544
TX_3,2012-05-28 17:30:00,4.979866998837348,5.129263008802469
TX_3,2012-05-28 18:00:00,5.529069269660998,5.694941347750828
TX_3,2012-05-28 18:30:00,6.8232302951117845,7.027927203965138
TX_3,2012-05-28 19:00:00,8.026783576409672,8.267587083701962
TX_3,2012-05-28 19:30:00,7.153610334693243,7.368218644734041
TX_3,2012-05-28 20:00:00,8.777118762912927,9.040432325800316
TX_3,2012-05-28 20:30:00,8.349689733957469,8.600180425976193
TX_3,2012-05-28 21:00:00,8.169669581770489,8.414759669223603
TX_3,2012-05-28 21:30:00,7.424590001233689,7.6473277012707
TX_3,2012-05-28 22:00:00,6.448698065809971,6.6421590077842705
TX_3,2012-05-28 22:30:00,7.031937422509594,7.242895545184882
TX_3,2012-05-28 23:00:00,5.983086305479588,6.162578894643977
TX_3,2012-05-28 23:30:00,5.483000276205745,5.6474902844919175
TX_3,2012-05-29 00:00:00,4.646089075554246,4.785471747820874
TX_3,2012-05-29 00:30:00,4.417920382355862,4.550457993826538
TX_3,2012-05-29 01:00:00,4.233260809878118,4.360258634174461
TX_3,2012-05-29 01:30:00,3.8703229396523398,3.98643262784191
TX_3,2012-05-29 02:00:00,4.617208481778985,4.755724736232355
TX_3,2012-05-29 02:30:00,3.0753723871788035,3.1676335587941677
TX_3,2012-05-29 03:00:00,3.0028352215186,3.0929202781641583
TX_3,2012-05-29 03:30:00,2.587708831786319,2.6653400967399086
TX_3,2012-05-29 04:00:00,2.44643389680865,2.5198269137129095
TX_3,2012-05-29 04:30:00,3.2674641603517576,3.3654880851623106
TX_3,2012-05-29 05:00:00,2.2886292213385624,2.3572880979787194
TX_3,2012-05-29 05:30:00,3.2986442294804843,3.3976035563648987
TX_3,2012-05-29 06:00:00,4.245923052266635,4.373300743834634
TX_3,2012-05-29 06:30:00,4.952885027894639,5.101471578731478
TX_3,2012-05-29 07:00:00,4.246420671290352,4.373813291429062
TX_3,2012-05-29 07:30:00,5.139782465122174,5.293975939075839
TX_3,2012-05-29 08:00:00,4.407959762920112,4.540198555807716
TX_3,2012-05-29 08:30:00,4.533326113863646,4.669325897279556
TX_3,2012-05-29 09:00:00,4.316116491768968,4.445599986522037
TX_3,2012-05-29 09:30:00,4.477878459520027,4.612214813305628
TX_3,2012-05-29 10:00:00,5.041950384709709,5.193208896251001
TX_3,2012-05-29 10:30:00,6.674552396304415,6.874788968193548
TX_3,2012-05-29 11:00:00,5.2895421416915,5.4482284059422454
TX_3,2012-05-29 11:30:00,5.998001826691662,6.177941881492412
TX_3,2012-05-29 12:00:00,6.059346021750405,6.241126402402917
TX_3,2012-05-29 12:30:00,6.262981834219494,6.450871289246079
TX_3,2012-05-29 13:00:00,5.382894741360882,5.544381583601709
TX_3,2012-05-29 13:30:00,4.170323290426612,4.295432989139411
TX_3,2012-05-29 14:00:00,3.2509216629809585,3.3484493128703874
TX_3,2012-05-29 14:30:00,4.333199228676251,4.463195205536539
TX_3,2012-05-29 15:00:00,2.878641217742484,2.9650004542747586
TX_3,2012-05-29 15:30:00,3.007424880209688,3.097647626615979
TX_3,2012-05-29 16:00:00,3.969600187338408,4.088688192958561
TX_3,2012-05-29 16:30:00,3.8998554917075765,4.016851156458804
TX_3,2012-05-29 17:00:00,3.8711925392281024,3.9873283154049455
TX_3,2012-05-29 17:30:00,4.159946263568501,4.284744651475556
TX_3,2012-05-29 18:00:00,4.337691121038032,4.467821854669173
TX_3,2012-05-29 18:30:00,4.5721974496401225,4.709363373129326
TX_3,2012-05-29 19:00:00,4.290445959963947,4.419159338762865
TX_3,2012-05-29 19:30:00,6.104421602366621,6.28755425043762
TX_3,2012-05-29 20:00:00,8.446046443978734,8.699427837298096
TX_3,2012-05-29 20:30:00,7.533701222881922,7.75971225956838
TX_3,2012-05-29 21:00:00,7.493915343597123,7.718732803905037
TX_3,2012-05-29 21:30:00,6.785423171006612,6.988985866136811
TX_3,2012-05-29 22:00:00,7.247726586247142,7.465158383834556
TX_3,2012-05-29 22:30:00,5.687268742840383,5.857886805125595
TX_3,2012-05-29 23:00:00,3.9299330982359066,4.047831091182984
TX_3,2012-05-29 23:30:00,4.809405396510198,4.953687558405504
TX_3,2012-05-30 00:00:00,4.829416948955347,4.974299457424008
TX_3,2012-05-30 00:30:00,3.7985832452494113,3.9125407426068937
TX_3,2012-05-30 01:00:00,3.399931939021399,3.501929897192041
TX_3,2012-05-30 01:30:00,2.4174987420307916,2.4900237042917155
TX_3,2012-05-30 02:00:00,2.6134471159449397,2.691850529423288
TX_3,2012-05-30 02:30:00,2.9431254909145617,3.0314192556419988
TX_3,2012-05-30 03:00:00,2.7685441798880572,2.851600505284699
TX_3,2012-05-30 03:30:00,2.2760551168310625,2.3443367703359943
TX_3,2012-05-30 04:00:00,2.879024222598661,2.965394949276621
TX_3,2012-05-30 04:30:00,4.462587781630971,4.5964654150799
TX_3,2012-05-30 05:00:00,2.8913901785007634,2.978131883855786
TX_3,2012-05-30 05:30:00,4.620234060860919,4.758841082686747
TX_3,2012-05-30 06:00:00,4.573642033366239,4.7108512943672265
TX_3,2012-05-30 06:30:00,4.345056527946357,4.475408223784748
TX_3,2012-05-30 07:00:00,4.170365941876928,4.295476920133236
TX_3,2012-05-30 07:30:00,3.9806436917353594,4.1000630024874205
TX_3,2012-05-30 08:00:00,5.492733786842781,5.657515800448064
TX_3,2012-05-30 08:30:00,3.876439330297508,3.9927325102064333
TX_3,2012-05-30 09:00:00,3.282736012921243,3.3812180933088802
TX_3,2012-05-30 09:30:00,5.395853168836967,5.557728763902077
TX_3,2012-05-30 10:00:00,4.634542007966797,4.7735782682058
TX_3,2012-05-30 10:30:00,4.0793145600878775,4.201693996890514
TX_3,2012-05-30 11:00:00,3.438786356123634,3.541949946807343
TX_3,2012-05-30 11:30:00,8.501090217332028,8.756122923851988
TX_3,2012-05-30 12:00:00,8.565306867347626,8.822266073368056
TX_3,2012-05-30 12:30:00,5.765257078978803,5.938214791348168
TX_3,2012-05-30 13:00:00,6.643131435313163,6.842425378372558
TX_3,2012-05-30 13:30:00,5.138826400942595,5.292991192970873
TX_3,2012-05-30 14:00:00,5.020680096193238,5.171300499079035
TX_3,2012-05-30 14:30:00,4.472133764624998,4.606297777563748
TX_3,2012-05-30 15:00:00,3.4773947623278665,3.5817166051977027
TX_3,2012-05-30 15:30:00,3.525170623898637,3.630925742615596
TX_3,2012-05-30 16:00:00,4.659881656671358,4.799678106371498
TX_3,2012-05-30 16:30:00,5.009292963031013,5.159571751921943
TX_3,2012-05-30 17:00:00,6.763564917705033,6.966471865236184
TX_3,2012-05-30 17:30:00,4.680957426681834,4.821386149482289
TX_3,2012-05-30 18:00:00,4.731462436362917,4.873406309453805
TX_3,2012-05-30 18:30:00,6.136402710391076,6.320494791702808
TX_3,2012-05-30 19:00:00,5.447612420443179,5.611040793056475
TX_3,2012-05-30 19:30:00,5.0969908502028405,5.249900575708926
TX_3,2012-05-30 20:00:00,5.5564967964557095,5.723191700349381
TX_3,2012-05-30 20:30:00,7.924804282988456,8.16254841147811
TX_3,2012-05-30 21:00:00,7.861938218966249,8.097796365535237
TX_3,2012-05-30 21:30:00,8.370612300026632,8.621730669027432
TX_3,2012-05-30 22:00:00,5.835070008294791,6.0101221085436345
TX_3,2012-05-30 22:30:00,5.140853212374118,5.295078808745342
TX_3,2012-05-30 23:00:00,6.114449803593826,6.297883297701641
TX_3,2012-05-30 23:30:00,3.341578715100017,3.4418260765530175
TX_3,2012-05-31 00:00:00,2.789898225306349,2.8735951720655395
TX_3,2012-05-31 00:30:00,2.397682102039279,2.4696125651004572
TX_3,2012-05-31 01:00:00,3.7612536725478645,3.8740912827243004
TX_3,2012-05-31 01:30:00,2.7815609403138173,2.865007768523232
TX_3,2012-05-31 02:00:00,2.324909772054368,2.394657065215999
TX_3,2012-05-31 02:30:00,2.91746593787486,3.0049899160111058
TX_3,2012-05-31 03:00:00,2.740216560124294,2.822423056928023
TX_3,2012-05-31 03:30:00,2.6345092220949304,2.7135444987577784
TX_3,2012-05-31 04:00:00,2.349397789741057,2.419879723433289
TX_3,2012-05-31 04:30:00,3.0393687818430872,3.13054984529838
TX_3,2012-05-31 05:00:00,2.795417927320394,2.8792804651400057
TX_3,2012-05-31 05:30:00,4.432170559751585,4.565135676544132
TX_3,2012-05-31 06:00:00,7.543176437908738,7.769471731046
TX_3,2012-05-31 06:30:00,6.471733070022378,6.665885062123049
TX_3,2012-05-31 07:00:00,4.11393331118718,4.237351310522796
TX_3,2012-05-31 07:30:00,3.8693642301693405,3.985445157074421
TX_3,2012-05-31 08:00:00,4.1781454697899285,4.303489833883626
TX_3,2012-05-31 08:30:00,6.274502606764688,6.462737684967629
TX_3,2012-05-31 09:00:00,5.43616720237743,5.599252218448752
TX_3,2012-05-31 09:30:00,4.394795196316707,4.5266390522062085
TX_3,2012-05-31 10:00:00,4.663795540516874,4.803709406732381
TX_3,2012-05-31 10:30:00,5.511013100921776,5.676343493949429
TX_3,2012-05-31 11:00:00,6.452195558975186,6.645761425744442
TX_3,2012-05-31 11:30:00,5.33656032744841,5.496657137271862
TX_3,2012-05-31 12:00:00,4.9925017587198575,5.142276811481453
TX_3,2012-05-31 12:30:00,3.293673792026299,3.3924840057870878
TX_3,2012-05-31 13:00:00,3.9171901525841175,4.034705857161641
TX_3,2012-05-31 13:30:00,6.846714393456233,7.0521158252599205
TX_3,2012-05-31 14:00:00,5.025198358045717,5.175954308787089
TX_3,2012-05-31 14:30:00,4.182235852956891,4.3077029285455986
TX_3,2012-05-31 15:00:00,3.7120022657415745,3.823362333713822
TX_3,2012-05-31 15:30:00,4.449058229462242,4.58252997634611
TX_3,2012-05-31 16:00:00,4.139768244186198,4.263961291511784
TX_3,2012-05-31 16:30:00,5.021852013460325,5.172507573864135
TX_3,2012-05-31 17:00:00,4.560332937641955,4.697142925771214
TX_3,2012-05-31 17:30:00,4.1211562289713894,4.2447909158405315
TX_3,2012-05-31 18:00:00,4.982179256445075,5.131644634138428
TX_3,2012-05-31 18:30:00,4.920445787854463,5.068059161490098
TX_3,2012-05-31 19:00:00,6.881696910061082,7.088147817362915
TX_3,2012-05-31 19:30:00,6.945385124213847,7.153746677940263
TX_3,2012-05-31 20:00:00,6.597461103617536,6.795384936726062
TX_3,2012-05-31 20:30:00,5.02215525199959,5.1728199095595775
TX_3,2012-05-31 21:00:00,4.513804332801016,4.649218462785046
TX_3,2012-05-31 21:30:00,6.1065771605869745,6.289774475404584
TX_3,2012-05-31 22:00:00,6.100791905281294,6.283815662439732
TX_3,2012-05-31 22:30:00,6.793041202823824,6.996832438908539
TX_3,2012-05-31 23:00:00,3.832413647778919,3.9473860572122863
TX_3,2012-05-31 23:30:00,3.523313558048875,3.6290129647903413
TX_3,2012-06-01 00:00:00,3.2097524931794013,3.3060450679747833
TX_3,2012-06-01 00:30:00,3.129525247595273,3.2234110050231313
TX_3,2012-06-01 01:00:00,2.9516446044379587,3.0401939425710975
TX_3,2012-06-01 01:30:00,3.244324016012788,3.3416537364931718
TX_3,2012-06-01 02:00:00,2.7157013533510597,2.7971723939515916
TX_3,2012-06-01 02:30:00,2.743622299872747,2.825930968868929
TX_3,2012-06-01 03:00:00,3.9108027427104948,4.028126824991809
TX_3,2012-06-01 03:30:00,2.1970141102037513,2.262924533509864
TX_3,2012-06-01 04:00:00,2.163839042974936,2.228754214264184
TX_3,2012-06-01 04:30:00,2.691397246863745,2.772139164269657
TX_3,2012-06-01 05:00:00,2.828846996735569,2.9137124066376363
TX_3,2012-06-01 05:30:00,3.0128172122795314,3.1032017286479174
TX_3,2012-06-01 06:00:00,3.46410757727388,3.5680308045920968
TX_3,2012-06-01 06:30:00,3.314282340079536,3.413710810281922
TX_3,2012-06-01 07:00:00,3.548649694764491,3.655109185607426
TX_3,2012-06-01 07:30:00,3.608365657744538,3.716616627476874
TX_3,2012-06-01 08:00:00,5.482576649232257,5.647053948709225
TX_3,2012-06-01 08:30:00,4.787464682248538,4.931088622715994
TX_3,2012-06-01 09:00:00,4.158415493160222,4.283167957955029
TX_3,2012-06-01 09:30:00,3.5394994132428907,3.6456843956401777
TX_3,2012-06-01 10:00:00,3.357513515008634,3.4582389204588933
TX_3,2012-06-01 10:30:00,2.951950554555639,3.040509071192308
TX_3,2012-06-01 11:00:00,5.174433593676911,5.329666601487218
TX_3,2012-06-01 11:30:00,5.17056461598932,5.325681554468999
TX_3,2012-06-01 12:00:00,5.377093692795366,5.538406503579227
TX_3,2012-06-01 12:30:00,4.0769821687170325,4.199291633778544
TX_3,2012-06-01 13:00:00,5.840956670642697,6.016185370761979
TX_3,2012-06-01 13:30:00,4.905022358865609,5.052173029631577
TX_3,2012-06-01 14:00:00,4.139877341234657,4.264073661471697
TX_3,2012-06-01 14:30:00,4.152206846830843,4.276773052235769
TX_3,2012-06-01 15:00:00,3.903276565040245,4.020374861991452
TX_3,2012-06-01 15:30:00,4.288753548349779,4.417416154800272
TX_3,2012-06-01 16:00:00,4.270984578825442,4.399114116190206
TX_3,2012-06-01 16:30:00,3.9529664119898467,4.071555404349542
TX_3,2012-06-01 17:00:00,5.177928093530954,5.333265936336883
TX_3,2012-06-01 17:30:00,4.807640133330456,4.95186933733037
TX_3,2012-06-01 18:00:00,7.536456467663411,7.762550161693314
TX_3,2012-06-01 18:30:00,8.742477919540951,9.00475225712718
TX_3,2012-06-01 19:00:00,7.90387002771283,8.140986128544215
TX_3,2012-06-01 19:30:00,6.466324305657478,6.660314034827203
TX_3,2012-06-01 20:00:00,6.4453940464910735,6.638755867885806
TX_3,2012-06-01 20:30:00,6.4769524373835266,6.671261010505033
TX_3,2012-06-01 21:00:00,7.677760573570134,7.908093390777238
TX_3,2012-06-01 21:30:00,6.404794991947331,6.596938841705751
TX_3,2012-06-01 22:00:00,4.427800898916618,4.560634925884116
TX_3,2012-06-01 22:30:00,4.6385902853689585,4.777747993930027
TX_3,2012-06-01 23:00:00,4.617563217372815,4.756090113894
TX_3,2012-06-01 23:30:00,3.351498629191088,3.4520435880668208
TX_3,2012-06-02 00:00:00,3.088333630576886,3.1809836394941926
TX_3,2012-06-02 00:30:00,2.5158188184694894,2.591293383023574
TX_3,2012-06-02 01:00:00,2.2967869129555183,2.365690520344184
TX_3,2012-06-02 01:30:00,2.4763108549083332,2.550600180555583
TX_3,2012-06-02 02:00:00,2.4503055169713512,2.523814682480492
TX_3,2012-06-02 02:30:00,3.082802458430696,3.175286532183617
TX_3,2012-06-02 03:00:00,2.598059124976091,2.676000898725374
TX_3,2012-06-02 03:30:00,2.3740737718941283,2.445295985050952
TX_3,2012-06-02 04:00:00,2.677804280855651,2.7581384092813206
TX_3,2012-06-02 04:30:00,2.66676993571946,2.746773033791044
TX_3,2012-06-02 05:00:00,2.5556037005596752,2.6322718115764654
TX_3,2012-06-02 05:30:00,2.49670786867037,2.571609104730481
TX_3,2012-06-02 06:00:00,4.765595948847797,4.908563827313231
TX_3,2012-06-02 06:30:00,6.131653490834072,6.315603095559094
TX_3,2012-06-02 07:00:00,4.9550612521785675,5.103713089743924
TX_3,2012-06-02 07:30:00,5.126609579797615,5.280407867191543
TX_3,2012-06-02 08:00:00,5.00192467378306,5.151982413996552
TX_3,2012-06-02 08:30:00,4.5292517408746065,4.665129293100844
TX_3,2012-06-02 09:00:00,4.874972138724161,5.021221302885886
TX_3,2012-06-02 09:30:00,5.649004439169421,5.818474572344504
TX_3,2012-06-02 10:00:00,4.518052196806244,4.653593762710432
TX_3,2012-06-02 10:30:00,5.057747475178609,5.209479899433968
TX_3,2012-06-02 11:00:00,6.086629922911482,6.269228820598826
TX_3,2012-06-02 11:30:00,5.469563838383794,5.633650753535308
TX_3,2012-06-02 12:00:00,5.656905288475294,5.826612447129554
TX_3,2012-06-02 12:30:00,5.701066375002491,5.872098366252566
TX_3,2012-06-02 13:00:00,5.521336664571876,5.6869767645090326
TX_3,2012-06-02 13:30:00,4.075799650585399,4.198073640102961
TX_3,2012-06-02 14:00:00,3.923072725161725,4.040764906916577
TX_3,2012-06-02 14:30:00,3.7992390972059726,3.913216270122152
TX_3,2012-06-02 15:00:00,3.8304562947488643,3.9453699835913305
TX_3,2012-06-02 15:30:00,3.300391005292755,3.3994027354515377
TX_3,2012-06-02 16:00:00,4.80434531745229,4.948475676975859
TX_3,2012-06-02 16:30:00,4.210939797298207,4.3372679912171535
TX_3,2012-06-02 17:00:00,3.3696111447838666,3.470699479127383
TX_3,2012-06-02 17:30:00,4.451169003480622,4.584704073585041
TX_3,2012-06-02 18:00:00,4.088084523077069,4.210727058769381
TX_3,2012-06-02 18:30:00,7.280665841112565,7.499085816345943
TX_3,2012-06-02 19:00:00,7.944717146639576,8.183058661038764
TX_3,2012-06-02 19:30:00,5.161233826500199,5.316070841295205
TX_3,2012-06-02 20:00:00,4.924405087595128,5.072137240222982
TX_3,2012-06-02 20:30:00,4.804759416782377,4.948902199285849
TX_3,2012-06-02 21:00:00,5.016418308502899,5.166910857757986
TX_3,2012-06-02 21:30:00,5.03252914724224,5.183505021659507
TX_3,2012-06-02 22:00:00,5.4199786558624234,5.582578015538297
TX_3,2012-06-02 22:30:00,5.107348818691092,5.260569283251825
TX_3,2012-06-02 23:00:00,5.086069180892078,5.238651256318841
TX_3,2012-06-02 23:30:00,4.331277902977773,4.461216240067106
TX_3,2012-06-03 00:00:00,3.8135644004920857,3.927971332506848
TX_3,2012-06-03 00:30:00,3.556765860082565,3.663468835885042
TX_3,2012-06-03 01:00:00,3.146212822972864,3.24059920766205
TX_3,2012-06-03 01:30:00,2.8095058138913753,2.8937909883081168
TX_3,2012-06-03 02:00:00,2.488969463329199,2.563638547229075
TX_3,2012-06-03 02:30:00,2.987447911528327,3.0770713488741768
TX_3,2012-06-03 03:00:00,2.711227182654072,2.7925639981336943
TX_3,2012-06-03 03:30:00,2.3203374348340864,2.389947557879109
TX_3,2012-06-03 04:00:00,2.454848981985119,2.528494451444673
TX_3,2012-06-03 04:30:00,2.1043950047159745,2.1675268548574538
TX_3,2012-06-03 05:00:00,2.5267225478475575,2.6025242242829845
TX_3,2012-06-03 05:30:00,2.901116564649821,2.988150061589316
TX_3,2012-06-03 06:00:00,3.321330238124658,3.420970145268398
TX_3,2012-06-03 06:30:00,3.926471821330151,4.044265975970055
TX_3,2012-06-03 07:00:00,4.788112189088576,4.931755554761233
TX_3,2012-06-03 07:30:00,6.047922186805729,6.2293598524099005
TX_3,2012-06-03 08:00:00,6.022396926391588,6.203068834183336
TX_3,2012-06-03 08:30:00,4.8321842366096375,4.977149763707927
TX_3,2012-06-03 09:00:00,6.025372297711816,6.206133466643171
TX_3,2012-06-03 09:30:00,6.16764244443175,6.352671717764703
TX_3,2012-06-03 10:00:00,6.3378263907431185,6.527961182465412
TX_3,2012-06-03 10:30:00,6.342392872710635,6.532664658891954
TX_3,2012-06-03 11:00:00,5.793016276220357,5.966806764506968
TX_3,2012-06-03 11:30:00,5.814204805227768,5.988630949384602
TX_3,2012-06-03 12:00:00,10.242748024667872,10.55003046540791
TX_3,2012-06-03 12:30:00,7.608799276388219,7.837063254679866
TX_3,2012-06-03 13:00:00,7.440597419354776,7.66381534193542
TX_3,2012-06-03 13:30:00,6.142881228702186,6.327167665563252
TX_3,2012-06-03 14:00:00,5.742726675277024,5.915008475535335
TX_3,2012-06-03 14:30:00,5.714793308385501,5.886237107637067
TX_3,2012-06-03 15:00:00,6.800862422049122,7.004888294710596
TX_3,2012-06-03 15:30:00,7.240921447195418,7.458149090611281
TX_3,2012-06-03 16:00:00,8.780970782024628,9.044399905485367
TX_3,2012-06-03 16:30:00,11.7395588021353,12.091745566199359
TX_3,2012-06-03 17:00:00,8.626533336630779,8.885329336729702
TX_3,2012-06-03 17:30:00,12.024057161903215,12.384778876760311
TX_3,2012-06-03 18:00:00,9.790223688807654,10.083930399471884
TX_3,2012-06-03 18:30:00,10.118000624576224,10.421540643313511
TX_3,2012-06-03 19:00:00,8.264349357853067,8.51227983858866
TX_3,2012-06-03 19:30:00,6.259078063400995,6.446850405303025
TX_3,2012-06-03 20:00:00,6.780835332285588,6.984260392254156
TX_3,2012-06-03 20:30:00,5.682861262851339,5.85334710073688
TX_3,2012-06-03 21:00:00,6.797175861992096,7.0010911378518585
TX_3,2012-06-03 21:30:00,7.225258066168451,7.4420158081535055
TX_3,2012-06-03 22:00:00,5.577039683082078,5.7443508735745406
TX_3,2012-06-03 22:30:00,5.350188557237187,5.510694213954303
TX_3,2012-06-03 23:00:00,4.668514826762781,4.808570271565665
TX_3,2012-06-03 23:30:00,3.851172969191607,3.9667081582673553
TX_3,2012-06-04 00:00:00,4.145069185744951,4.2694212613173
TX_3,2012-06-04 00:30:00,5.538732397345364,5.704894369265725
TX_3,2012-06-04 01:00:00,3.732803300720168,3.844787399741773
TX_3,2012-06-04 01:30:00,3.8580231787425143,3.97376387410479
TX_3,2012-06-04 02:00:00,4.714180210186466,4.855605616492061
TX_3,2012-06-04 02:30:00,4.9545412958610475,5.103177534736879
TX_3,2012-06-04 03:00:00,4.185172107732241,4.3107272709642075
TX_3,2012-06-04 03:30:00,3.4767083385116386,3.581009588666988
TX_3,2012-06-04 04:00:00,2.3359877956474313,2.4060674295168543
TX_3,2012-06-04 04:30:00,2.171631215516406,2.236780151981898
TX_3,2012-06-04 05:00:00,2.1350571515228647,2.1991088660685505
TX_3,2012-06-04 05:30:00,2.3943010776848856,2.4661301100154325
TX_3,2012-06-04 06:00:00,2.9670754434106867,3.0560877067130074
TX_3,2012-06-04 06:30:00,3.9998924428441978,4.119889216129524
TX_3,2012-06-04 07:00:00,3.540527413142746,3.646743235537029
TX_3,2012-06-04 07:30:00,3.457052767058329,3.560764350070079
TX_3,2012-06-04 08:00:00,3.5402520222953147,3.6464595829641744
TX_3,2012-06-04 08:30:00,4.462933583057529,4.596821590549255
TX_3,2012-06-04 09:00:00,5.787453708283549,5.961077319532056
TX_3,2012-06-04 09:30:00,6.017613879347635,6.198142295728064
TX_3,2012-06-04 10:00:00,5.513878183050702,5.679294528542223
TX_3,2012-06-04 10:30:00,5.553608730639729,5.720216992558921
TX_3,2012-06-04 11:00:00,6.5345684339061485,6.730605486923333
TX_3,2012-06-04 11:30:00,6.520274577442901,6.715882814766188
TX_3,2012-06-04 12:00:00,6.128143317412082,6.311987616934445
TX_3,2012-06-04 12:30:00,6.734927329378396,6.936975149259749
TX_3,2012-06-04 13:00:00,6.978851962304676,7.188217521173816
TX_3,2012-06-04 13:30:00,8.09387547200646,8.336691736166653
TX_3,2012-06-04 14:00:00,8.580301694654588,8.837710745494226
TX_3,2012-06-04 14:30:00,8.016179847721597,8.256665243153245
TX_3,2012-06-04 15:00:00,6.408579745040336,6.6008371373915455
TX_3,2012-06-04 15:30:00,5.572699926680007,5.739880924480407
TX_3,2012-06-04 16:00:00,6.586378878945317,6.783970245313677
TX_3,2012-06-04 16:30:00,5.662170263885561,5.832035371802128
TX_3,2012-06-04 17:00:00,6.149355120918493,6.333835774546048
TX_3,2012-06-04 17:30:00,5.953389840896481,6.131991536123375
TX_3,2012-06-04 18:00:00,6.850136115947933,7.055640199426371
TX_3,2012-06-04 18:30:00,6.4388835765455665,6.632050083841934
TX_3,2012-06-04 19:00:00,6.483447533280695,6.677950959279116
TX_3,2012-06-04 19:30:00,5.678153474245429,5.848498078472792
TX_3,2012-06-04 20:00:00,5.8881110234644165,6.0647543541683495
TX_3,2012-06-04 20:30:00,6.068971426054072,6.251040568835695
TX_3,2012-06-04 21:00:00,6.988125364882686,7.197769125829167
TX_3,2012-06-04 21:30:00,6.8385233596334505,7.043679060422455
TX_3,2012-06-04 22:00:00,6.54248206563591,6.738756527604987
TX_3,2012-06-04 22:30:00,5.894580705444443,6.071418126607776
TX_3,2012-06-04 23:00:00,4.866978842687439,5.012988207968062
TX_3,2012-06-04 23:30:00,5.255439342083622,5.41310252234613
TX_3,2012-06-05 00:00:00,4.417583943712632,4.550111462024011
TX_3,2012-06-05 00:30:00,3.4485356891534504,3.551991759828054
TX_3,2012-06-05 01:00:00,3.184557220771544,3.2800939373946902
TX_3,2012-06-05 01:30:00,6.09334372930802,6.276144041187261
TX_3,2012-06-05 02:00:00,3.6269145685862823,3.7357220056438707
TX_3,2012-06-05 02:30:00,3.69191128271137,3.802668621192711
TX_3,2012-06-05 03:00:00,4.389591366667211,4.521279107667227
TX_3,2012-06-05 03:30:00,2.8858965639847995,2.9724734609043435
TX_3,2012-06-05 04:00:00,2.6704295415472417,2.750542427793659
TX_3,2012-06-05 04:30:00,3.522650323474397,3.628329833178629
TX_3,2012-06-05 05:00:00,3.673164289459985,3.7833592181437847
TX_3,2012-06-05 05:30:00,2.6740767214295573,2.754299023072444
TX_3,2012-06-05 06:00:00,2.782196508903815,2.8656624041709295
TX_3,2012-06-05 06:30:00,3.685752233777973,3.796324800791312
TX_3,2012-06-05 07:00:00,3.463250045624563,3.5671475469933003
TX_3,2012-06-05 07:30:00,3.4905409061332,3.5952571333171957
TX_3,2012-06-05 08:00:00,3.853030671566365,3.9686215917133563
TX_3,2012-06-05 08:30:00,4.448335818618255,4.581785893176803
TX_3,2012-06-05 09:00:00,5.276376524074958,5.434667819797206
TX_3,2012-06-05 09:30:00,7.298035141569797,7.516976195816891
TX_3,2012-06-05 10:00:00,6.950065456343971,7.158567420034291
TX_3,2012-06-05 10:30:00,5.200921382110022,5.356949023573323
TX_3,2012-06-05 11:00:00,4.682730245322471,4.823212152682145
TX_3,2012-06-05 11:30:00,6.317479616966499,6.507004005475494
TX_3,2012-06-05 12:00:00,4.678304501733104,4.818653636785097
TX_3,2012-06-05 12:30:00,5.23133812321783,5.388278266914365
TX_3,2012-06-05 13:00:00,5.358284531635743,5.519033067584815
TX_3,2012-06-05 13:30:00,6.261634955817208,6.449484004491725
TX_3,2012-06-05 14:00:00,5.384105454392079,5.545628618023842
TX_3,2012-06-05 14:30:00,5.052283850104962,5.20385236560811
TX_3,2012-06-05 15:00:00,4.406699512249263,4.5389004976167415
TX_3,2012-06-05 15:30:00,6.345427780090747,6.535790613493469
TX_3,2012-06-05 16:00:00,5.705937978808885,5.877116118173152
TX_3,2012-06-05 16:30:00,5.556884456928036,5.723590990635877
TX_3,2012-06-05 17:00:00,6.487798176631028,6.682432121929959
TX_3,2012-06-05 17:30:00,6.888671928433022,7.095332086286012
TX_3,2012-06-05 18:00:00,7.609447216114946,7.837730632598395
TX_3,2012-06-05 18:30:00,9.519005774679759,9.804575947920151
TX_3,2012-06-05 19:00:00,8.64278287430777,8.902066360537003
TX_3,2012-06-05 19:30:00,8.850633512563844,9.11615251794076
TX_3,2012-06-05 20:00:00,8.343819845129914,8.594134440483812
TX_3,2012-06-05 20:30:00,6.77311166253305,6.976305012409042
TX_3,2012-06-05 21:00:00,6.720209323868074,6.9218156035841165
TX_3,2012-06-05 21:30:00,7.002839814379844,7.21292500881124
TX_3,2012-06-05 22:00:00,6.916810359337288,7.124314670117407
TX_3,2012-06-05 22:30:00,6.170873792966942,6.35600000675595
TX_3,2012-06-05 23:00:00,6.1613000230791695,6.346139023771545
TX_3,2012-06-05 23:30:00,6.7255978408553245,6.927365776080984
TX_3,2012-06-06 00:00:00,4.609395743320876,4.7476776156205025
TX_3,2012-06-06 00:30:00,3.583069576797003,3.690561664100913
TX_3,2012-06-06 01:00:00,4.067064306301303,4.189076235490342
TX_3,2012-06-06 01:30:00,3.4347705607922383,3.5378136776160054
TX_3,2012-06-06 02:00:00,3.030785996006886,3.1217095758870927
TX_3,2012-06-06 02:30:00,4.693514529822877,4.8343199657175635
TX_3,2012-06-06 03:00:00,3.432598090276412,3.5355760329847046
TX_3,2012-06-06 03:30:00,2.8604466596602123,2.946260059450019
TX_3,2012-06-06 04:00:00,3.600712640190631,3.70873401939635
TX_3,2012-06-06 04:30:00,3.1449970871672277,3.239346999782245
TX_3,2012-06-06 05:00:00,3.055031817158483,3.1466827716732375
TX_3,2012-06-06 05:30:00,4.218600051307113,4.345158052846326
TX_3,2012-06-06 06:00:00,3.7655512383966414,3.878517775548541
TX_3,2012-06-06 06:30:00,4.781238691761869,4.924675852514725
TX_3,2012-06-06 07:00:00,5.172995205263218,5.328185061421115
TX_3,2012-06-06 07:30:00,4.822392356618399,4.9670641273169505
TX_3,2012-06-06 08:00:00,5.400371126946459,5.562382260754854
TX_3,2012-06-06 08:30:00,4.247621047459421,4.375049678883204
TX_3,2012-06-06 09:00:00,4.70983646470048,4.8511315586414945
TX_3,2012-06-06 09:30:00,5.189510176180965,5.345195481466394
TX_3,2012-06-06 10:00:00,6.370781611813389,6.561905060167791
TX_3,2012-06-06 10:30:00,7.429109642391943,7.651982931663701
TX_3,2012-06-06 11:00:00,4.635921582738097,4.7749992302202395
TX_3,2012-06-06 11:30:00,6.352684678887095,6.543265219253708
TX_3,2012-06-06 12:00:00,6.714931759414709,6.91637971219715
TX_3,2012-06-06 12:30:00,5.525975543372178,5.691754809673344
TX_3,2012-06-06 13:00:00,6.02472395954207,6.2054656783283315
TX_3,2012-06-06 13:30:00,7.714464131030418,7.945898054961331
TX_3,2012-06-06 14:00:00,5.164969934142791,5.319919032167075
TX_3,2012-06-06 14:30:00,3.736125361591455,3.8482091224391985
TX_3,2012-06-06 15:00:00,6.124135996219906,6.307860076106503
TX_3,2012-06-06 15:30:00,3.9916954072649755,4.111446269482925
TX_3,2012-06-06 16:00:00,4.090067712872049,4.21276974425821
TX_3,2012-06-06 16:30:00,3.3058727116544704,3.4050488930041047
TX_3,2012-06-06 17:00:00,3.497023558676155,3.60193426543644
TX_3,2012-06-06 17:30:00,3.408163111310926,3.510408004650254
TX_3,2012-06-06 18:00:00,4.4578343321270175,4.591569362090828
TX_3,2012-06-06 18:30:00,4.7308541225691165,4.872779746246191
TX_3,2012-06-06 19:00:00,5.5628923155303305,5.729779084996241
TX_3,2012-06-06 19:30:00,6.706503383502232,6.907698485007299
TX_3,2012-06-06 20:00:00,8.113932184044188,8.357350149565514
TX_3,2012-06-06 20:30:00,7.724877881552201,7.956624217998767
TX_3,2012-06-06 21:00:00,7.139394408629868,7.353576240888764
TX_3,2012-06-06 21:30:00,7.25434257817261,7.471972855517788
TX_3,2012-06-06 22:00:00,7.201975157244428,7.418034411961761
TX_3,2012-06-06 22:30:00,6.019354778657488,6.199935422017212
TX_3,2012-06-06 23:00:00,5.875169231976094,6.051424308935377
TX_3,2012-06-06 23:30:00,4.6222705908669,4.7609387085929065
TX_3,2012-06-07 00:00:00,4.347774338402239,4.478207568554306
TX_3,2012-06-07 00:30:00,4.8801369278903435,5.026541035727054
TX_3,2012-06-07 01:00:00,2.953331564757541,3.0419315117002674
TX_3,2012-06-07 01:30:00,3.1886011223505806,3.284259156021098
TX_3,2012-06-07 02:00:00,2.953132590225097,3.0417265679318497
TX_3,2012-06-07 02:30:00,2.775374907311643,2.858636154530992
TX_3,2012-06-07 03:00:00,3.2215193442407597,3.3181649245679825
TX_3,2012-06-07 03:30:00,2.37209662621919,2.4432595250057654
TX_3,2012-06-07 04:00:00,2.4737900750919803,2.5480037773447397
TX_3,2012-06-07 04:30:00,2.9356150870763438,3.0236835396886343
TX_3,2012-06-07 05:00:00,3.343621625875152,3.4439302746514064
TX_3,2012-06-07 05:30:00,3.861381170893457,3.977222606020261
TX_3,2012-06-07 06:00:00,3.1961821662207512,3.292067631207374
TX_3,2012-06-07 06:30:00,3.7706029228093225,3.8837210104936024
TX_3,2012-06-07 07:00:00,4.696160398241039,4.83704521018827
TX_3,2012-06-07 07:30:00,5.512131408410929,5.677495350663257
TX_3,2012-06-07 08:00:00,4.654010211746898,4.793630518099305
TX_3,2012-06-07 08:30:00,3.2096476309104993,3.3059370598378144
TX_3,2012-06-07 09:00:00,4.062009370945569,4.183869652073937
TX_3,2012-06-07 09:30:00,4.156363116426146,4.281054009918931
TX_3,2012-06-07 10:00:00,5.41536859562452,5.577829653493256
TX_3,2012-06-07 10:30:00,5.428892551721764,5.591759328273417
TX_3,2012-06-07 11:00:00,4.793275409446067,4.937073671729449
TX_3,2012-06-07 11:30:00,6.507285467843697,6.702504031879008
TX_3,2012-06-07 12:00:00,4.283072251654483,4.411564419204117
TX_3,2012-06-07 12:30:00,4.347987997241943,4.478427637159202
TX_3,2012-06-07 13:00:00,5.032330419291404,5.1833003318701465
TX_3,2012-06-07 13:30:00,6.149157074441593,6.333631786674841
TX_3,2012-06-07 14:00:00,4.713135139098299,4.854529193271248
TX_3,2012-06-07 14:30:00,5.673532147260544,5.843738111678361
TX_3,2012-06-07 15:00:00,6.773555694347979,6.976762365178419
TX_3,2012-06-07 15:30:00,6.761752192348549,6.964604758119005
TX_3,2012-06-07 16:00:00,6.713474746367104,6.914878988758117
TX_3,2012-06-07 16:30:00,6.285580731049204,6.47414815298068
TX_3,2012-06-07 17:00:00,5.168062848625458,5.323104734084222
TX_3,2012-06-07 17:30:00,6.939039731130793,7.147210923064717
TX_3,2012-06-07 18:00:00,8.095485908439796,8.33835048569299
TX_3,2012-06-07 18:30:00,12.760923165827272,13.14375086080209
TX_3,2012-06-07 19:00:00,10.409978414005494,10.722277766425659
TX_3,2012-06-07 19:30:00,9.712130936043012,10.003494864124303
TX_3,2012-06-07 20:00:00,8.685306051878367,8.945865233434718
TX_3,2012-06-07 20:30:00,8.466968926929118,8.720977994736991
TX_3,2012-06-07 21:00:00,8.589879096974624,8.847575469883862
TX_3,2012-06-07 21:30:00,8.96344419963977,9.232347525628963
TX_3,2012-06-07 22:00:00,8.71065452525862,8.97197416101638
TX_3,2012-06-07 22:30:00,7.777309699784728,8.01062899077827
TX_3,2012-06-07 23:00:00,6.765008870408291,6.96795913652054
TX_3,2012-06-07 23:30:00,6.272565998237704,6.460742978184835
TX_3,2012-06-08 00:00:00,4.387378419274459,4.518999771852693
TX_3,2012-06-08 00:30:00,3.265812968454508,3.3637873575081434
TX_3,2012-06-08 01:00:00,3.208530257532915,3.3047861652589026
TX_3,2012-06-08 01:30:00,4.990662435482727,5.140382308547209
TX_3,2012-06-08 02:00:00,2.5142200427245864,2.589646644006324
TX_3,2012-06-08 02:30:00,3.324446534147776,3.424179930172209
TX_3,2012-06-08 03:00:00,2.7547216430957073,2.8373632923885785
TX_3,2012-06-08 03:30:00,2.415052052291193,2.487503613859929
TX_3,2012-06-08 04:00:00,2.5500031604399633,2.626503255253162
TX_3,2012-06-08 04:30:00,3.7378045968583526,3.849938734764103
TX_3,2012-06-08 05:00:00,3.467320046144576,3.5713396475289136
TX_3,2012-06-08 05:30:00,3.383163097056425,3.4846579899681176
TX_3,2012-06-08 06:00:00,3.4550884522591225,3.5587411058268965
TX_3,2012-06-08 06:30:00,4.106176036866119,4.229361317972102
TX_3,2012-06-08 07:00:00,4.033162254435238,4.154157122068296
TX_3,2012-06-08 07:30:00,5.329622083325214,5.489510745824971
TX_3,2012-06-08 08:00:00,7.675918439932524,7.906195993130501
TX_3,2012-06-08 08:30:00,7.721652869442028,7.953302455525289
TX_3,2012-06-08 09:00:00,6.628543002187906,6.827399292253544
TX_3,2012-06-08 09:30:00,6.024795903806246,6.205539780920433
TX_3,2012-06-08 10:00:00,4.861463396576719,5.007307298474021
TX_3,2012-06-08 10:30:00,6.821152255844242,7.02578682351957
TX_3,2012-06-08 11:00:00,5.799506280403169,5.973491468815264
TX_3,2012-06-08 11:30:00,5.798455394191642,5.9724090560173915
TX_3,2012-06-08 12:00:00,6.074958878097996,6.2572076444409355
TX_3,2012-06-08 12:30:00,5.889179242837905,6.0658546201230426
TX_3,2012-06-08 13:00:00,4.9173032061974835,5.0648223023834085
TX_3,2012-06-08 13:30:00,6.10302733204655,6.286118152007947
TX_3,2012-06-08 14:00:00,5.40352187762447,5.5656275339532035
TX_3,2012-06-08 14:30:00,6.429745883688349,6.6226382601989995
TX_3,2012-06-08 15:00:00,5.657075734358051,5.826788006388792
TX_3,2012-06-08 15:30:00,4.613473659395651,4.7518778691775205
TX_3,2012-06-08 16:00:00,5.937732625085849,6.115864603838425
TX_3,2012-06-08 16:30:00,5.585640868881008,5.7532100949474385
TX_3,2012-06-08 17:00:00,7.79309738810536,8.02689030974852
TX_3,2012-06-08 17:30:00,3.954750604229686,4.073393122356577
TX_3,2012-06-08 18:00:00,5.231318700662669,5.388258261682549
TX_3,2012-06-08 18:30:00,6.256950417448324,6.444658929971774
TX_3,2012-06-08 19:00:00,6.990093275285688,7.199796073544259
TX_3,2012-06-08 19:30:00,7.12131992968315,7.334959527573645
TX_3,2012-06-08 20:00:00,5.775719485144005,5.948991069698325
TX_3,2012-06-08 20:30:00,5.704121030369957,5.875244661281056
TX_3,2012-06-08 21:00:00,5.387973115214895,5.5496123086713425
TX_3,2012-06-08 21:30:00,4.973841060864204,5.12305629269013
TX_3,2012-06-08 22:00:00,4.714810983664732,4.856255313174674
TX_3,2012-06-08 22:30:00,5.6223668804879265,5.791037886902564
TX_3,2012-06-08 23:00:00,5.877833263896543,6.054168261813439
TX_3,2012-06-08 23:30:00,3.4554587669064447,3.559122529913638
TX_3,2012-06-09 00:00:00,3.809669353992458,3.923959434612232
TX_3,2012-06-09 00:30:00,3.7905361872581733,3.904252272875919
TX_3,2012-06-09 01:00:00,2.7382247372542414,2.8203714793718686
TX_3,2012-06-09 01:30:00,3.0287604887526065,3.119623303415185
TX_3,2012-06-09 02:00:00,3.7198303362333958,3.8314252463203977
TX_3,2012-06-09 02:30:00,3.02988493678778,3.1207814848914133
TX_3,2012-06-09 03:00:00,2.764932010532203,2.8478799708481692
TX_3,2012-06-09 03:30:00,2.4065732219555724,2.4787704186142396
TX_3,2012-06-09 04:00:00,2.3982198689910703,2.4701664650608026
TX_3,2012-06-09 04:30:00,2.8979301643427857,2.9848680692730696
TX_3,2012-06-09 05:00:00,2.742739024005955,2.8250211947261334
TX_3,2012-06-09 05:30:00,2.489425607112058,2.56410837532542
TX_3,2012-06-09 06:00:00,2.5663378454173555,2.643327980779876
TX_3,2012-06-09 06:30:00,3.5740235941503657,3.6812443019748766
TX_3,2012-06-09 07:00:00,3.4738978122207085,3.57811474658733
TX_3,2012-06-09 07:30:00,3.41398178849417,3.516401242148995
TX_3,2012-06-09 08:00:00,4.789602394715941,4.93329046655742
TX_3,2012-06-09 08:30:00,3.731879751616361,3.8438361441648516
TX_3,2012-06-09 09:00:00,4.308875391741757,4.43814165349401
TX_3,2012-06-09 09:30:00,3.648085465131779,3.7575280290857322
TX_3,2012-06-09 10:00:00,6.2061259927498265,6.392309772532322
TX_3,2012-06-09 10:30:00,5.896384378050708,6.07327590939223
TX_3,2012-06-09 11:00:00,4.970397220565413,5.1195091371823755
TX_3,2012-06-09 11:30:00,4.045336094657394,4.166696177497116
TX_3,2012-06-09 12:00:00,4.236344712960812,4.363435054349637
TX_3,2012-06-09 12:30:00,8.815474950283559,9.079939198792065
TX_3,2012-06-09 13:00:00,6.978390610631297,7.187742328950236
TX_3,2012-06-09 13:30:00,6.68345664966437,6.883960349154301
TX_3,2012-06-09 14:00:00,5.081156322304397,5.233591011973529
TX_3,2012-06-09 14:30:00,3.8416349148484077,3.95688396229386
TX_3,2012-06-09 15:00:00,3.9796638846746033,4.099053801214842
TX_3,2012-06-09 15:30:00,4.485100564127553,4.619653581051379
TX_3,2012-06-09 16:00:00,4.623172907701096,4.761868094932129
TX_3,2012-06-09 16:30:00,4.017547289036167,4.138073707707252
TX_3,2012-06-09 17:00:00,4.395051011916916,4.526902542274423
TX_3,2012-06-09 17:30:00,4.526578283517876,4.662375632023412
TX_3,2012-06-09 18:00:00,5.97609113725215,6.155373871369715
TX_3,2012-06-09 18:30:00,6.270146628570888,6.458251027428015
TX_3,2012-06-09 19:00:00,4.226571666580582,4.353368816578
TX_3,2012-06-09 19:30:00,5.160625660976354,5.315444430805645
TX_3,2012-06-09 20:00:00,6.5096862095482475,6.704976795834695
TX_3,2012-06-09 20:30:00,4.6455638538623525,4.7849307694782235
TX_3,2012-06-09 21:00:00,4.479410820500702,4.613793145115723
TX_3,2012-06-09 21:30:00,4.874454125191478,5.020687748947222
TX_3,2012-06-09 22:00:00,4.939509008911257,5.087694279178595
TX_3,2012-06-09 22:30:00,4.965979879796858,5.114959276190764
TX_3,2012-06-09 23:00:00,3.779106575001728,3.89247977225178
TX_3,2012-06-09 23:30:00,3.325160313332962,3.4249151227329513
TX_3,2012-06-10 00:00:00,4.0765213727933665,4.198817013977168
TX_3,2012-06-10 00:30:00,3.7175780918841115,3.829105434640635
TX_3,2012-06-10 01:00:00,2.849734363808083,2.9352263947223256
TX_3,2012-06-10 01:30:00,3.7063582434810978,3.817548990785531
TX_3,2012-06-10 02:00:00,2.344784160309803,2.415127685119097
TX_3,2012-06-10 02:30:00,2.98142459406757,3.070867331889597
TX_3,2012-06-10 03:00:00,2.542485259299285,2.6187598170782636
TX_3,2012-06-10 03:30:00,2.245054141883917,2.3124057661404347
TX_3,2012-06-10 04:00:00,2.4599257176727436,2.533723489202926
TX_3,2012-06-10 04:30:00,2.7834972364265713,2.8670021535193686
TX_3,2012-06-10 05:00:00,2.4960208460411177,2.5709014714223515
TX_3,2012-06-10 05:30:00,2.7596365917665855,2.842425689519583
TX_3,2012-06-10 06:00:00,2.9330381442910336,3.0210292886197645
TX_3,2012-06-10 06:30:00,3.6634836127287826,3.773388121110646
TX_3,2012-06-10 07:00:00,3.0877556870873404,3.1803883576999605
TX_3,2012-06-10 07:30:00,3.7596326957536714,3.872421676626282
TX_3,2012-06-10 08:00:00,4.098929627238855,4.22189751605602
TX_3,2012-06-10 08:30:00,3.8751787503028017,3.991434112811886
TX_3,2012-06-10 09:00:00,4.089238893651081,4.211916060460614
TX_3,2012-06-10 09:30:00,5.3228748719262775,5.482561118084066
TX_3,2012-06-10 10:00:00,6.393433097260197,6.585236090178003
TX_3,2012-06-10 10:30:00,5.312185846664079,5.471551422064001
TX_3,2012-06-10 11:00:00,5.82323351927064,5.997930524848759
TX_3,2012-06-10 11:30:00,5.992012954608825,6.171773343247089
TX_3,2012-06-10 12:00:00,6.009832843243075,6.190127828540367
TX_3,2012-06-10 12:30:00,3.7956511886109148,3.9095207242692425
TX_3,2012-06-10 13:00:00,5.81242027237738,5.986792880548701
TX_3,2012-06-10 13:30:00,6.762811766286433,6.965696119275026
TX_3,2012-06-10 14:00:00,3.7844624793532544,3.897996353733852
TX_3,2012-06-10 14:30:00,3.750621959059696,3.863140617831487
TX_3,2012-06-10 15:00:00,4.160895050085118,4.285721901587672
TX_3,2012-06-10 15:30:00,5.177000832811249,5.332310857795586
TX_3,2012-06-10 16:00:00,4.658887225416943,4.798653842179451
TX_3,2012-06-10 16:30:00,5.391443968514517,5.553187287569953
TX_3,2012-06-10 17:00:00,7.894035896263433,8.130856973151337
TX_3,2012-06-10 17:30:00,9.616190564309589,9.904676281238876
TX_3,2012-06-10 18:00:00,9.366939097306568,9.647947270225766
TX_3,2012-06-10 18:30:00,11.091191638643224,11.423927387802522
TX_3,2012-06-10 19:00:00,8.368191010184841,8.619236740490386
TX_3,2012-06-10 19:30:00,7.160800196571988,7.375624202469148
TX_3,2012-06-10 20:00:00,7.343421020948578,7.563723651577035
TX_3,2012-06-10 20:30:00,7.745314937889607,7.977674386026296
TX_3,2012-06-10 21:00:00,6.7687985650505444,6.971862522002061
TX_3,2012-06-10 21:30:00,6.255211783794132,6.442868137307956
TX_3,2012-06-10 22:00:00,6.891763180830784,7.098516076255708
TX_3,2012-06-10 22:30:00,6.682747322817745,6.8832297425022775
TX_3,2012-06-10 23:00:00,5.198536899306654,5.354493006285853
TX_3,2012-06-10 23:30:00,4.219373530292145,4.34595473620091
TX_3,2012-06-11 00:00:00,4.247819207799192,4.375253784033168
TX_3,2012-06-11 00:30:00,4.6763343980109084,4.8166244299512355
TX_3,2012-06-11 01:00:00,3.7764180904160973,3.8897106331285802
TX_3,2012-06-11 01:30:00,5.072167776928696,5.2243328102365565
TX_3,2012-06-11 02:00:00,4.097242806349577,4.220160090540064
TX_3,2012-06-11 02:30:00,4.30510190455467,4.43425496169131
TX_3,2012-06-11 03:00:00,3.7182513852372687,3.829798926794387
TX_3,2012-06-11 03:30:00,3.552961970855119,3.6595508299807724
TX_3,2012-06-11 04:00:00,3.661013419672455,3.770843822262629
TX_3,2012-06-11 04:30:00,5.466974645895951,5.63098388527283
TX_3,2012-06-11 05:00:00,4.225251514558431,4.352009059995184
TX_3,2012-06-11 05:30:00,3.910627725047106,4.027946556798519
TX_3,2012-06-11 06:00:00,4.785944551288695,4.929522887827356
TX_3,2012-06-11 06:30:00,5.802856264744583,5.9769419526869205
TX_3,2012-06-11 07:00:00,4.601307084255177,4.739346296782832
TX_3,2012-06-11 07:30:00,5.1410552926951345,5.295286951475989
TX_3,2012-06-11 08:00:00,5.955301520490518,6.133960566105234
TX_3,2012-06-11 08:30:00,5.800711381604239,5.974732723052366
TX_3,2012-06-11 09:00:00,6.421494932109637,6.614139780072926
TX_3,2012-06-11 09:30:00,5.51404286549441,5.679464151459243
TX_3,2012-06-11 10:00:00,6.340932094593733,6.531160057431546
TX_3,2012-06-11 10:30:00,6.8653360883756465,7.071296171026916
TX_3,2012-06-11 11:00:00,10.43125616321625,10.744193848112738
TX_3,2012-06-11 11:30:00,9.659168318460365,9.948943368014175
TX_3,2012-06-11 12:00:00,12.087628015302718,12.4502568557618
TX_3,2012-06-11 12:30:00,7.945437876093927,8.183801012376746
TX_3,2012-06-11 13:00:00,8.100977133918539,8.344006447936096
TX_3,2012-06-11 13:30:00,6.001831697754467,6.181886648687101
TX_3,2012-06-11 14:00:00,5.184495774810303,5.340030648054612
TX_3,2012-06-11 14:30:00,5.246610156248176,5.404008460935621
TX_3,2012-06-11 15:00:00,5.95863965547645,6.137398845140743
TX_3,2012-06-11 15:30:00,4.52771536774491,4.663546828777257
TX_3,2012-06-11 16:00:00,4.208447197567118,4.334700613494132
TX_3,2012-06-11 16:30:00,4.759947646199045,4.902746075585016
TX_3,2012-06-11 17:00:00,5.02568894965941,5.176459618149193
TX_3,2012-06-11 17:30:00,6.180682842722424,6.3661033280040975
TX_3,2012-06-11 18:00:00,7.2047078113817165,7.420849045723168
TX_3,2012-06-11 18:30:00,8.446072799906315,8.699454983903504
TX_3,2012-06-11 19:00:00,9.435495136890333,9.718559990997043
TX_3,2012-06-11 19:30:00,9.971567566815157,10.270714593819612
TX_3,2012-06-11 20:00:00,7.995705084445793,8.235576236979167
TX_3,2012-06-11 20:30:00,6.898694000339039,7.10565482034921
TX_3,2012-06-11 21:00:00,6.446763092595161,6.640165985373016
TX_3,2012-06-11 21:30:00,5.250820918544247,5.408345546100574
TX_3,2012-06-11 22:00:00,6.416326406054687,6.608816198236328
TX_3,2012-06-11 22:30:00,6.176813162691366,6.362117557572107
TX_3,2012-06-11 23:00:00,6.590003132000086,6.7877032259600885
TX_3,2012-06-11 23:30:00,5.483389873311196,5.647891569510532
TX_3,2012-06-12 00:00:00,5.7238108224897655,5.8955251471644585
TX_3,2012-06-12 00:30:00,4.90070363718822,5.047724746303867
TX_3,2012-06-12 01:00:00,3.792723989185618,3.9065057088611868
TX_3,2012-06-12 01:30:00,5.291817853621441,5.450572389230085
TX_3,2012-06-12 02:00:00,3.9647791854496814,4.083722561013172
TX_3,2012-06-12 02:30:00,4.731786256660912,4.873739844360739
TX_3,2012-06-12 03:00:00,4.376165154436728,4.50745010906983
TX_3,2012-06-12 03:30:00,3.8577224426529604,3.973454115932549
TX_3,2012-06-12 04:00:00,3.7782561793291882,3.891603864709064
TX_3,2012-06-12 04:30:00,5.303187624682673,5.462283253423153
TX_3,2012-06-12 05:00:00,5.661831178848686,5.831686114214147
TX_3,2012-06-12 05:30:00,5.7508106922779945,5.9233350130463345
TX_3,2012-06-12 06:00:00,5.159052798022754,5.313824381963436
TX_3,2012-06-12 06:30:00,6.810501384092122,7.014816425614886
TX_3,2012-06-12 07:00:00,6.92125553936399,7.128893205544911
TX_3,2012-06-12 07:30:00,5.237711900108614,5.394843257111873
TX_3,2012-06-12 08:00:00,5.127480272597689,5.281304680775619
TX_3,2012-06-12 08:30:00,7.300383939499942,7.51939545768494
TX_3,2012-06-12 09:00:00,8.563400386132985,8.820302397716974
TX_3,2012-06-12 09:30:00,6.159533548132595,6.344319554576573
TX_3,2012-06-12 10:00:00,7.107570442038318,7.3207975552994675
TX_3,2012-06-12 10:30:00,6.921318188230154,7.128957733877059
TX_3,2012-06-12 11:00:00,6.59484584266543,6.792691217945393
TX_3,2012-06-12 11:30:00,5.965579298509064,6.144546677464335
TX_3,2012-06-12 12:00:00,7.368455470040873,7.589509134142099
TX_3,2012-06-12 12:30:00,6.30171699039014,6.4907685001018445
TX_3,2012-06-12 13:00:00,5.24571508310803,5.403086535601272
TX_3,2012-06-12 13:30:00,5.213357239971085,5.369757957170218
TX_3,2012-06-12 14:00:00,4.172509334822171,4.297684614866836
TX_3,2012-06-12 14:30:00,4.22615233550927,4.352936905574548
TX_3,2012-06-12 15:00:00,4.701076221023771,4.842108507654484
TX_3,2012-06-12 15:30:00,6.343547736775674,6.533854168878944
TX_3,2012-06-12 16:00:00,8.382987032819234,8.634476643803811
TX_3,2012-06-12 16:30:00,6.215575810832708,6.40204308515769
TX_3,2012-06-12 17:00:00,5.950677030623337,6.129197341542038
TX_3,2012-06-12 17:30:00,5.333779953742124,5.4937933523543885
TX_3,2012-06-12 18:00:00,7.581598065175017,7.809046007130267
TX_3,2012-06-12 18:30:00,8.581626872101655,8.839075678264704
TX_3,2012-06-12 19:00:00,9.726152265022808,10.017936832973492
TX_3,2012-06-12 19:30:00,8.252142728497665,8.499707010352594
TX_3,2012-06-12 20:00:00,7.973361394356594,8.212562236187292
TX_3,2012-06-12 20:30:00,16.31610067961436,16.805583700002792
TX_3,2012-06-12 21:00:00,9.13728478126826,9.411403324706308
TX_3,2012-06-12 21:30:00,7.486409998269804,7.711002298217898
TX_3,2012-06-12 22:00:00,7.203873040444369,7.4199892316577
TX_3,2012-06-12 22:30:00,10.298268285261557,10.607216333819403
TX_3,2012-06-12 23:00:00,5.414553302782257,5.5769899018657245
TX_3,2012-06-12 23:30:00,5.03415184202367,5.18517639728438
TX_3,2012-06-13 00:00:00,3.909367548277062,4.026648574725374
TX_3,2012-06-13 00:30:00,3.4874182977796004,3.5920408467129885
TX_3,2012-06-13 01:00:00,3.175291885887036,3.270550642463647
TX_3,2012-06-13 01:30:00,2.960497814466558,3.049312748900555
TX_3,2012-06-13 02:00:00,2.6883176651234013,2.7689671950771033
TX_3,2012-06-13 02:30:00,4.779385387196255,4.922766948812143
TX_3,2012-06-13 03:00:00,2.954466472657918,3.043100466837656
TX_3,2012-06-13 03:30:00,2.792808705207268,2.876592966363486
TX_3,2012-06-13 04:00:00,2.745547625953818,2.8279140547324326
TX_3,2012-06-13 04:30:00,3.055148349599317,3.1468028000872965
TX_3,2012-06-13 05:00:00,3.948692833491896,4.067153618496652
TX_3,2012-06-13 05:30:00,2.9619041424054435,3.0507612666776067
TX_3,2012-06-13 06:00:00,2.934343936643661,3.022374254742971
TX_3,2012-06-13 06:30:00,3.117787850960249,3.2113214864890565
TX_3,2012-06-13 07:00:00,3.975614891043031,4.094883337774323
TX_3,2012-06-13 07:30:00,3.987034171787708,4.106645196941339
TX_3,2012-06-13 08:00:00,4.266473249862345,4.394467447358216
TX_3,2012-06-13 08:30:00,3.379543953349131,3.4809302719496054
TX_3,2012-06-13 09:00:00,3.829421041908207,3.9443036731654533
TX_3,2012-06-13 09:30:00,4.113092907480812,4.2364856947052365
TX_3,2012-06-13 10:00:00,3.7187433537640406,3.830305654376962
TX_3,2012-06-13 10:30:00,5.100965874291193,5.253994850519929
TX_3,2012-06-13 11:00:00,3.6847647767062335,3.7953077200074206
TX_3,2012-06-13 11:30:00,4.038073911011626,4.159216128341975
TX_3,2012-06-13 12:00:00,5.364986630850368,5.52593622977588
TX_3,2012-06-13 12:30:00,6.123611807033395,6.307320161244397
TX_3,2012-06-13 13:00:00,4.313589646415212,4.442997335807669
TX_3,2012-06-13 13:30:00,5.039164728637977,5.190339670497116
TX_3,2012-06-13 14:00:00,4.76733136810274,4.910351309145822
TX_3,2012-06-13 14:30:00,3.711023404787403,3.822354106931025
TX_3,2012-06-13 15:00:00,3.088735368683783,3.1813974297442966
TX_3,2012-06-13 15:30:00,3.212252015648451,3.3086195761179047
TX_3,2012-06-13 16:00:00,4.47079787353639,4.604921809742482
TX_3,2012-06-13 16:30:00,4.137181718100812,4.261297169643836
TX_3,2012-06-13 17:00:00,3.7888015141856894,3.9024655596112603
TX_3,2012-06-13 17:30:00,4.143175923021935,4.267471200712593
TX_3,2012-06-13 18:00:00,4.37435134613596,4.505581886520039
TX_3,2012-06-13 18:30:00,5.931677618657956,6.109627947217694
TX_3,2012-06-13 19:00:00,5.292627965089426,5.451406804042109
TX_3,2012-06-13 19:30:00,5.989923022427552,6.169620713100379
TX_3,2012-06-13 20:00:00,5.275243049423487,5.433500340906192
TX_3,2012-06-13 20:30:00,5.347530113836144,5.507956017251228
TX_3,2012-06-13 21:00:00,5.356578507893171,5.517275863129966
TX_3,2012-06-13 21:30:00,5.495829075966122,5.660703948245105
TX_3,2012-06-13 22:00:00,6.1086256397149254,6.291884408906373
TX_3,2012-06-13 22:30:00,5.819693297274822,5.994284096193066
TX_3,2012-06-13 23:00:00,6.692013144835783,6.8927735391808564
TX_3,2012-06-13 23:30:00,5.080367959129358,5.232778997903239
TX_3,2012-06-14 00:00:00,4.562840817246296,4.699726041763685
TX_3,2012-06-14 00:30:00,4.018837802845953,4.139402936931331
TX_3,2012-06-14 01:00:00,3.2482852875296677,3.3457338461555577
TX_3,2012-06-14 01:30:00,3.3832278074359126,3.48472464165899
TX_3,2012-06-14 02:00:00,3.594080224483454,3.7019026312179575
TX_3,2012-06-14 02:30:00,3.2581740819882268,3.3559193044478737
TX_3,2012-06-14 03:00:00,2.9306334919328814,3.0185524966908677
TX_3,2012-06-14 03:30:00,3.111699296874516,3.2050502757807515
TX_3,2012-06-14 04:00:00,3.004988993620271,3.0951386634288793
TX_3,2012-06-14 04:30:00,3.3319692503289233,3.4319283278387913
TX_3,2012-06-14 05:00:00,3.1581409539048204,3.252885182521965
TX_3,2012-06-14 05:30:00,3.56691261943326,3.673919998016258
TX_3,2012-06-14 06:00:00,3.778423358115113,3.8917760588585666
TX_3,2012-06-14 06:30:00,4.10146438091389,4.224508312341307
TX_3,2012-06-14 07:00:00,5.039303819787241,5.190482934380858
TX_3,2012-06-14 07:30:00,6.330078612075857,6.519980970438133
TX_3,2012-06-14 08:00:00,7.010081575378101,7.220384022639444
TX_3,2012-06-14 08:30:00,5.455838081088188,5.619513223520833
TX_3,2012-06-14 09:00:00,4.815891547959471,4.960368294398256
TX_3,2012-06-14 09:30:00,3.71485830140241,3.8263040504444827
TX_3,2012-06-14 10:00:00,4.375574301867026,4.506841530923037
TX_3,2012-06-14 10:30:00,4.720233260200827,4.861840258006851
TX_3,2012-06-14 11:00:00,6.109761224428375,6.293054061161227
TX_3,2012-06-14 11:30:00,4.384679807834081,4.516220202069103
TX_3,2012-06-14 12:00:00,8.60013404698944,8.858138068399123
TX_3,2012-06-14 12:30:00,7.414611295370745,7.637049634231867
TX_3,2012-06-14 13:00:00,5.957776397917139,6.136509689854654
TX_3,2012-06-14 13:30:00,6.603408184928909,6.801510430476776
TX_3,2012-06-14 14:00:00,5.740884932659674,5.913111480639465
TX_3,2012-06-14 14:30:00,4.6081515966736415,4.7463961445738505
TX_3,2012-06-14 15:00:00,5.277154394191993,5.435469026017753
TX_3,2012-06-14 15:30:00,5.461640108019956,5.625489311260554
TX_3,2012-06-14 16:00:00,6.320880915623459,6.510507343092162
TX_3,2012-06-14 16:30:00,4.928772848129648,5.076636033573537
TX_3,2012-06-14 17:00:00,4.786365056385505,4.92995600807707
TX_3,2012-06-14 17:30:00,5.797994994089343,5.971934843912024
TX_3,2012-06-14 18:00:00,6.650545593215259,6.8500619610117175
TX_3,2012-06-14 18:30:00,7.691459026426492,7.922202797219287
TX_3,2012-06-14 19:00:00,9.51207567481598,9.79743794506046
TX_3,2012-06-14 19:30:00,9.701357058907238,9.992397770674456
TX_3,2012-06-14 20:00:00,8.620674476123229,8.879294710406926
TX_3,2012-06-14 20:30:00,7.627470358807189,7.856294469571405
TX_3,2012-06-14 21:00:00,6.798840950965112,7.0028061794940655
TX_3,2012-06-14 21:30:00,7.41940638997107,7.641988581670202
TX_3,2012-06-14 22:00:00,6.9504040082738925,7.158916128522109
TX_3,2012-06-14 22:30:00,5.506422519411291,5.671615194993629
TX_3,2012-06-14 23:00:00,4.6946339276734905,4.835472945503695
TX_3,2012-06-14 23:30:00,3.8161521106171294,3.9306366739356435
TX_3,2012-06-15 00:00:00,3.9217864063026973,4.039439998491778
TX_3,2012-06-15 00:30:00,3.5484384931221093,3.6548916479157727
TX_3,2012-06-15 01:00:00,2.2598803661455285,2.3276767771298945
TX_3,2012-06-15 01:30:00,3.8526295757453224,3.968208463017682
TX_3,2012-06-15 02:00:00,2.184871206844269,2.2504173430495973
TX_3,2012-06-15 02:30:00,3.2149188882860398,3.311366454934621
TX_3,2012-06-15 03:00:00,3.0275191638797856,3.1183447387961793
TX_3,2012-06-15 03:30:00,2.6144924520352735,2.692927225596332
TX_3,2012-06-15 04:00:00,2.466427873435897,2.540420709638974
TX_3,2012-06-15 04:30:00,3.327579034640905,3.427406405680132
TX_3,2012-06-15 05:00:00,4.712478890494508,4.853853257209344
TX_3,2012-06-15 05:30:00,4.63668274424394,4.775783226571258
TX_3,2012-06-15 06:00:00,3.6713340421064298,3.7814740633696227
TX_3,2012-06-15 06:30:00,5.489628471223033,5.654317325359724
TX_3,2012-06-15 07:00:00,4.5954382932060724,4.733301442002254
TX_3,2012-06-15 07:30:00,4.779329665199927,4.922709555155925
TX_3,2012-06-15 08:00:00,6.666874631452757,6.86688087039634
TX_3,2012-06-15 08:30:00,4.513018352875609,4.648408903461878
TX_3,2012-06-15 09:00:00,4.627192112117255,4.766007875480772
TX_3,2012-06-15 09:30:00,4.68531510204688,4.825874555108287
TX_3,2012-06-15 10:00:00,4.283884369311399,4.4124009003907405
TX_3,2012-06-15 10:30:00,6.40759188585112,6.599819642426653
TX_3,2012-06-15 11:00:00,5.486912542016392,5.651519918276884
TX_3,2012-06-15 11:30:00,6.971602733783055,7.1807508157965465
TX_3,2012-06-15 12:00:00,6.8268116377742,7.031615986907426
TX_3,2012-06-15 12:30:00,6.387847918565653,6.579483356122623
TX_3,2012-06-15 13:00:00,7.4393928101506575,7.662574594455178
TX_3,2012-06-15 13:30:00,6.025456945121666,6.206220653475317
TX_3,2012-06-15 14:00:00,4.841796085947942,4.98704996852638
TX_3,2012-06-15 14:30:00,3.739838671931646,3.8520338320895955
TX_3,2012-06-15 15:00:00,3.950525406287456,4.06904116847608
TX_3,2012-06-15 15:30:00,4.873429026328104,5.019631897117947
TX_3,2012-06-15 16:00:00,5.20563040112952,5.361799313163406
TX_3,2012-06-15 16:30:00,6.135604210530847,6.319672336846772
TX_3,2012-06-15 17:00:00,4.915516267874679,5.062981755910919
TX_3,2012-06-15 17:30:00,6.9602438329623935,7.169051147951265
TX_3,2012-06-15 18:00:00,8.20671171158077,8.452913062928193
TX_3,2012-06-15 18:30:00,8.959609523439614,9.228397809142802
TX_3,2012-06-15 19:00:00,5.764538115422939,5.937474258885627
TX_3,2012-06-15 19:30:00,5.1382117470913595,5.2923580995041
TX_3,2012-06-15 20:00:00,5.737612546643373,5.909740923042674
TX_3,2012-06-15 20:30:00,5.542191192136659,5.708456927900759
TX_3,2012-06-15 21:00:00,4.972542476784124,5.121718751087648
TX_3,2012-06-15 21:30:00,6.111629876015235,6.294978772295693
TX_3,2012-06-15 22:00:00,5.656394951495144,5.826086800039998
TX_3,2012-06-15 22:30:00,4.607797403501461,4.746031325606506
TX_3,2012-06-15 23:00:00,4.2728959101183985,4.4010827874219505
TX_3,2012-06-15 23:30:00,3.8810835275953806,3.997516033423242
TX_3,2012-06-16 00:00:00,4.378866649091778,4.510232648564531
TX_3,2012-06-16 00:30:00,4.623113907549968,4.761807324776467
TX_3,2012-06-16 01:00:00,3.1856805733158793,3.281250990515356
TX_3,2012-06-16 01:30:00,3.7059136862790374,3.8170910968674088
TX_3,2012-06-16 02:00:00,3.029484625825216,3.120369164599973
TX_3,2012-06-16 02:30:00,2.907953778380384,2.9951923917317957
TX_3,2012-06-16 03:00:00,2.599805563662854,2.67779973057274
TX_3,2012-06-16 03:30:00,2.2073785077239756,2.273599862955695
TX_3,2012-06-16 04:00:00,2.347558479377026,2.4179852337583365
TX_3,2012-06-16 04:30:00,2.8112533798927077,2.895590981289489
TX_3,2012-06-16 05:00:00,2.5223242244164865,2.597993951148981
TX_3,2012-06-16 05:30:00,2.2974080828727317,2.3663303253589136
TX_3,2012-06-16 06:00:00,2.5820087035430337,2.659468964649325
TX_3,2012-06-16 06:30:00,3.6481335987525765,3.757577606715154
TX_3,2012-06-16 07:00:00,4.914486700284066,5.061921301292588
TX_3,2012-06-16 07:30:00,3.423605332566977,3.526313492543986
TX_3,2012-06-16 08:00:00,4.343693920532217,4.474004738148183
TX_3,2012-06-16 08:30:00,6.8556356567651076,7.061304726468061
TX_3,2012-06-16 09:00:00,4.016298604641891,4.136787562781148
TX_3,2012-06-16 09:30:00,6.272665281724082,6.4608452401758045
TX_3,2012-06-16 10:00:00,4.0687631645977405,4.190826059535673
TX_3,2012-06-16 10:30:00,5.895797370062228,6.072671291164095
TX_3,2012-06-16 11:00:00,3.7517456682650394,3.864298038312991
TX_3,2012-06-16 11:30:00,4.473575193944854,4.6077824497632
TX_3,2012-06-16 12:00:00,4.4611118987725975,4.594945255735776
TX_3,2012-06-16 12:30:00,5.429190654606452,5.592066374244646
TX_3,2012-06-16 13:00:00,4.740095129426584,4.882297983309382
TX_3,2012-06-16 13:30:00,4.102667620515937,4.2257476491314145
TX_3,2012-06-16 14:00:00,4.193011970704077,4.3188023298252
TX_3,2012-06-16 14:30:00,5.149735713365662,5.304227784766632
TX_3,2012-06-16 15:00:00,5.023489082574139,5.1741937550513635
TX_3,2012-06-16 15:30:00,5.0342208988433494,5.18524752580865
TX_3,2012-06-16 16:00:00,4.065782709045634,4.187756190317003
TX_3,2012-06-16 16:30:00,2.898121812799216,2.9850654671831927
TX_3,2012-06-16 17:00:00,4.729094668178451,4.870967508223805
TX_3,2012-06-16 17:30:00,5.260826955079194,5.41865176373157
TX_3,2012-06-16 18:00:00,3.879116801318033,3.995490305357574
TX_3,2012-06-16 18:30:00,5.658750250233231,5.828512757740228
TX_3,2012-06-16 19:00:00,7.717448820277503,7.948972284885828
TX_3,2012-06-16 19:30:00,4.643980492459139,4.783299907232913
TX_3,2012-06-16 20:00:00,6.873692450527822,7.079903224043657
TX_3,2012-06-16 20:30:00,7.201135743732789,7.4171698160447725
TX_3,2012-06-16 21:00:00,5.50351072885475,5.668616050720393
TX_3,2012-06-16 21:30:00,5.878101629026619,6.054444677897418
TX_3,2012-06-16 22:00:00,4.96335450604632,5.11225514122771
TX_3,2012-06-16 22:30:00,3.7106232088927498,3.8219419051595325
TX_3,2012-06-16 23:00:00,3.5707093423010914,3.677830622570124
TX_3,2012-06-16 23:30:00,3.336933947749639,3.4370419661821283
TX_3,2012-06-17 00:00:00,2.9880080862500904,3.077648328837593
TX_3,2012-06-17 00:30:00,4.0858429455559575,4.208418233922636
TX_3,2012-06-17 01:00:00,5.088690509357888,5.241351224638625
TX_3,2012-06-17 01:30:00,4.193339498425887,4.319139683378664
TX_3,2012-06-17 02:00:00,3.9584041158125833,4.077156239286961
TX_3,2012-06-17 02:30:00,3.2020337406224773,3.2980947528411515
TX_3,2012-06-17 03:00:00,3.3530722566732987,3.4536644243734975
TX_3,2012-06-17 03:30:00,2.7396460832971092,2.8218354657960227
TX_3,2012-06-17 04:00:00,3.1868337038786154,3.282438714994974
TX_3,2012-06-17 04:30:00,2.9887606140406757,3.078423432461896
TX_3,2012-06-17 05:00:00,3.067650973061855,3.159680502253711
TX_3,2012-06-17 05:30:00,2.876723401816103,2.9630251038705864
TX_3,2012-06-17 06:00:00,2.8839642730726274,2.9704832012648064
TX_3,2012-06-17 06:30:00,3.829779499358492,3.944672884339247
TX_3,2012-06-17 07:00:00,5.457281795993195,5.621000249872991
TX_3,2012-06-17 07:30:00,4.13606545407956,4.260147417701947
TX_3,2012-06-17 08:00:00,5.242193713149878,5.399459524544374
TX_3,2012-06-17 08:30:00,4.36601505508692,4.496995506739528
TX_3,2012-06-17 09:00:00,4.737706847368641,4.879838052789701
TX_3,2012-06-17 09:30:00,4.916135046333318,5.0636190977233175
TX_3,2012-06-17 10:00:00,5.943131952671753,6.121425911251906
TX_3,2012-06-17 10:30:00,7.211381778879623,7.427723232246012
TX_3,2012-06-17 11:00:00,6.2526334114438065,6.440212413787121
TX_3,2012-06-17 11:30:00,8.03647862591675,8.277572984694253
TX_3,2012-06-17 12:00:00,8.161606998362151,8.406455208313016
TX_3,2012-06-17 12:30:00,6.387004400952267,6.578614532980835
TX_3,2012-06-17 13:00:00,5.613320830796004,5.781720455719885
TX_3,2012-06-17 13:30:00,5.556265482801404,5.722953447285446
TX_3,2012-06-17 14:00:00,4.716780283464806,4.858283691968751
TX_3,2012-06-17 14:30:00,4.87424423498495,5.020471562034499
TX_3,2012-06-17 15:00:00,4.9625127467559915,5.111388129158671
TX_3,2012-06-17 15:30:00,4.226642862146773,4.353442148011176
TX_3,2012-06-17 16:00:00,4.838763801024546,4.983926715055283
TX_3,2012-06-17 16:30:00,5.08796982330326,5.2406089180023585
TX_3,2012-06-17 17:00:00,3.67162471876868,3.7817734603317406
TX_3,2012-06-17 17:30:00,5.318910123880604,5.4784774275970225
TX_3,2012-06-17 18:00:00,6.668822045643274,6.868886707012572
TX_3,2012-06-17 18:30:00,4.457195896284672,4.590911773173212
TX_3,2012-06-17 19:00:00,7.725785144675887,7.957558699016165
TX_3,2012-06-17 19:30:00,6.233744543558264,6.420756879865012
TX_3,2012-06-17 20:00:00,5.944763419718448,6.123106322310001
TX_3,2012-06-17 20:30:00,5.82407531579422,5.998797575268046
TX_3,2012-06-17 21:00:00,6.51620967897615,6.711695969345435
TX_3,2012-06-17 21:30:00,6.116279835254193,6.29976823031182
TX_3,2012-06-17 22:00:00,6.738508951228394,6.940664219765246
TX_3,2012-06-17 22:30:00,6.623423501769023,6.822126206822094
TX_3,2012-06-17 23:00:00,6.63669853045446,6.835799486368094
TX_3,2012-06-17 23:30:00,5.200165841944153,5.356170817202478
TX_3,2012-06-18 00:00:00,4.839451208612125,4.9846347448704895
TX_3,2012-06-18 00:30:00,3.6339275066081442,3.7429453318063888
TX_3,2012-06-18 01:00:00,3.2313361190223304,3.3282762025930004
TX_3,2012-06-18 01:30:00,2.8203076608046076,2.904916890628746
TX_3,2012-06-18 02:00:00,2.818173392933847,2.9027185947218626
TX_3,2012-06-18 02:30:00,3.2441119301340384,3.34143528803806
TX_3,2012-06-18 03:00:00,2.93856070038746,3.0267175213990836
TX_3,2012-06-18 03:30:00,2.498267105797487,2.5732151189714116
TX_3,2012-06-18 04:00:00,2.539207143496584,2.615383357801482
TX_3,2012-06-18 04:30:00,3.9658745681869463,4.084850805232555
TX_3,2012-06-18 05:00:00,3.5872581423258927,3.6948758865956695
TX_3,2012-06-18 05:30:00,5.170262339744169,5.325370209936494
TX_3,2012-06-18 06:00:00,3.63543383187316,3.744496846829355
TX_3,2012-06-18 06:30:00,4.678175289382853,4.818520548064339
TX_3,2012-06-18 07:00:00,4.5209115653934795,4.656538912355284
TX_3,2012-06-18 07:30:00,4.8323839487514455,4.977355467213989
TX_3,2012-06-18 08:00:00,7.721546739747001,7.953193141939411
TX_3,2012-06-18 08:30:00,4.849550698160832,4.995037219105657
TX_3,2012-06-18 09:00:00,6.806591046389584,7.010788777781271
TX_3,2012-06-18 09:30:00,6.695032888825708,6.895883875490479
TX_3,2012-06-18 10:00:00,6.350021383451853,6.5405220249554095
TX_3,2012-06-18 10:30:00,4.869605269574089,5.015693427661312
TX_3,2012-06-18 11:00:00,5.815491322189477,5.989956061855161
TX_3,2012-06-18 11:30:00,5.4308449872165365,5.593770336833033
TX_3,2012-06-18 12:00:00,6.425392387562061,6.618154159188923
TX_3,2012-06-18 12:30:00,8.307392964939984,8.556614753888184
TX_3,2012-06-18 13:00:00,6.015653268222119,6.196122866268782
TX_3,2012-06-18 13:30:00,3.8667912957804074,3.9827950346538197
TX_3,2012-06-18 14:00:00,3.981052182406058,4.10048374787824
TX_3,2012-06-18 14:30:00,4.021497315315807,4.142142234775282
TX_3,2012-06-18 15:00:00,4.690516442865723,4.8312319361516955
TX_3,2012-06-18 15:30:00,5.86901555911997,6.0450860258935695
TX_3,2012-06-18 16:00:00,4.562435090060044,4.699308142761845
TX_3,2012-06-18 16:30:00,5.943986670980296,6.122306271109705
TX_3,2012-06-18 17:00:00,3.9431178751187352,4.061411411372298
TX_3,2012-06-18 17:30:00,6.295258135589481,6.484115879657166
TX_3,2012-06-18 18:00:00,6.562901262561137,6.759788300437972
TX_3,2012-06-18 18:30:00,6.462201973158796,6.656068032353559
TX_3,2012-06-18 19:00:00,5.736763728282577,5.908866640131055
TX_3,2012-06-18 19:30:00,5.28475275893345,5.443295341701454
TX_3,2012-06-18 20:00:00,5.771474271658981,5.944618499808751
TX_3,2012-06-18 20:30:00,6.256710383215939,6.444411694712417
TX_3,2012-06-18 21:00:00,7.8631735544515085,8.099068761085054
TX_3,2012-06-18 21:30:00,7.797472464772464,8.031396638715638
TX_3,2012-06-18 22:00:00,7.9515648329591375,8.190111777947912
TX_3,2012-06-18 22:30:00,8.48343509993144,8.737938152929383
TX_3,2012-06-18 23:00:00,7.539249019608478,7.765426490196733
TX_3,2012-06-18 23:30:00,5.9714519486494355,6.1505955071089184
TX_3,2012-06-19 00:00:00,3.797703944755685,3.911635063098356
TX_3,2012-06-19 00:30:00,4.476772149680943,4.611075314171371
TX_3,2012-06-19 01:00:00,3.6034214341981428,3.711524077224087
TX_3,2012-06-19 01:30:00,4.178424806933529,4.303777551141534
TX_3,2012-06-19 02:00:00,3.2789156010957146,3.3772830691285862
TX_3,2012-06-19 02:30:00,3.3083227623631375,3.407572445234032
TX_3,2012-06-19 03:00:00,3.1079638463229577,3.2012027617126466
TX_3,2012-06-19 03:30:00,2.832810749245867,2.917795071723243
TX_3,2012-06-19 04:00:00,3.278138882291985,3.3764830487607447
TX_3,2012-06-19 04:30:00,3.6454085418908164,3.754770798147541
TX_3,2012-06-19 05:00:00,3.1137438943116607,3.2071562111410103
TX_3,2012-06-19 05:30:00,5.465393673881443,5.6293554840978866
TX_3,2012-06-19 06:00:00,4.705090730181391,4.846243452086833
TX_3,2012-06-19 06:30:00,4.408272087535817,4.540520250161892
TX_3,2012-06-19 07:00:00,4.822931041124916,4.967618972358664
TX_3,2012-06-19 07:30:00,4.192011315113861,4.317771654567277
TX_3,2012-06-19 08:00:00,6.266070834109168,6.454052959132444
TX_3,2012-06-19 08:30:00,4.559859323051889,4.6966551027434456
TX_3,2012-06-19 09:00:00,3.6201949926646613,3.7288008424446013
TX_3,2012-06-19 09:30:00,6.413177735536139,6.605573067602223
TX_3,2012-06-19 10:00:00,5.378600642740659,5.53995866202288
TX_3,2012-06-19 10:30:00,5.549347055241351,5.715827466898592
TX_3,2012-06-19 11:00:00,6.936758764833233,7.144861527778231
TX_3,2012-06-19 11:30:00,5.1401214701618345,5.29432511426669
TX_3,2012-06-19 12:00:00,6.0674077185153426,6.249429950070803
TX_3,2012-06-19 12:30:00,6.74447744593812,6.946811769316263
TX_3,2012-06-19 13:00:00,5.271463586120542,5.429607493704158
TX_3,2012-06-19 13:30:00,4.842286576493955,4.987555173788774
TX_3,2012-06-19 14:00:00,4.975893475253295,5.125170279510893
TX_3,2012-06-19 14:30:00,4.003055737498094,4.123147409623037
TX_3,2012-06-19 15:00:00,3.3919011673644626,3.4936582023853964
TX_3,2012-06-19 15:30:00,3.3024060925063563,3.401478275281547
TX_3,2012-06-19 16:00:00,4.975801317460611,5.125075356984429
TX_3,2012-06-19 16:30:00,5.042821462249198,5.194106106116674
TX_3,2012-06-19 17:00:00,4.985515818436668,5.135081292989768
TX_3,2012-06-19 17:30:00,3.7757825454069347,3.889056021769143
TX_3,2012-06-19 18:00:00,6.043954575067926,6.225273212319964
TX_3,2012-06-19 18:30:00,6.28631821124541,6.4749077575827725
TX_3,2012-06-19 19:00:00,7.935963975616884,8.17404289488539
TX_3,2012-06-19 19:30:00,7.639394342428441,7.868576172701295
TX_3,2012-06-19 20:00:00,6.158397043821292,6.3431489551359315
TX_3,2012-06-19 20:30:00,4.979637030225431,5.1290261411321945
TX_3,2012-06-19 21:00:00,6.207375911011085,6.393597188341418
TX_3,2012-06-19 21:30:00,5.621127660589491,5.789761490407176
TX_3,2012-06-19 22:00:00,5.777598779124715,5.950926742498456
TX_3,2012-06-19 22:30:00,7.310443339759812,7.529756639952606
TX_3,2012-06-19 23:00:00,6.005027580065431,6.185178407467395
TX_3,2012-06-19 23:30:00,4.658415573067992,4.798168040260032
TX_3,2012-06-20 00:00:00,4.374063584150867,4.505285491675393
TX_3,2012-06-20 00:30:00,4.735137405698191,4.877191527869138
TX_3,2012-06-20 01:00:00,3.9067688673324885,4.023971933352463
TX_3,2012-06-20 01:30:00,2.7166676422278395,2.798167671494675
TX_3,2012-06-20 02:00:00,3.617104852397019,3.72561799796893
TX_3,2012-06-20 02:30:00,3.229296885049145,3.3261757916006194
TX_3,2012-06-20 03:00:00,2.5908782821972,2.6686046306631157
TX_3,2012-06-20 03:30:00,2.5544128093399854,2.631045193620185
TX_3,2012-06-20 04:00:00,2.179556622274997,2.2449433209432472
TX_3,2012-06-20 04:30:00,3.1906418220448183,3.286361076706163
TX_3,2012-06-20 05:00:00,3.0027034551955967,3.0927845588514646
TX_3,2012-06-20 05:30:00,3.624312129120283,3.7330414929938915
TX_3,2012-06-20 06:00:00,2.7220776935176576,2.8037400243231874
TX_3,2012-06-20 06:30:00,3.750194868353611,3.862700714404219
TX_3,2012-06-20 07:00:00,5.846037214018548,6.021418330439104
TX_3,2012-06-20 07:30:00,5.522527471410648,5.6882032955529676
TX_3,2012-06-20 08:00:00,5.125602475660544,5.27937054993036
TX_3,2012-06-20 08:30:00,5.413183232368098,5.575578729339141
TX_3,2012-06-20 09:00:00,5.874102543699978,6.050325620010978
TX_3,2012-06-20 09:30:00,6.545408046201606,6.741770287587655
TX_3,2012-06-20 10:00:00,6.023212022141544,6.20390838280579
TX_4,2012-05-21 10:30:00,1.4233085640598175,1.466007820981612
TX_4,2012-05-21 11:00:00,1.8045132078316874,1.8586486040666381
TX_4,2012-05-21 11:30:00,1.5044760454992987,1.5496103268642778
TX_4,2012-05-21 12:00:00,2.7928511316718936,2.8766366656220503
TX_4,2012-05-21 12:30:00,3.159434943905671,3.2542179922228414
TX_4,2012-05-21 13:00:00,1.7338643779189706,1.7858803092565398
TX_4,2012-05-21 13:30:00,1.7112395157925122,1.7625767012662876
TX_4,2012-05-21 14:00:00,1.4372746492300654,1.4803928887069675
TX_4,2012-05-21 14:30:00,1.3840084429627098,1.4255286962515912
TX_4,2012-05-21 15:00:00,1.3755415033209375,1.4168077484205657
TX_4,2012-05-21 15:30:00,2.3743608219975094,2.4455916466574346
TX_4,2012-05-21 16:00:00,1.9987206500962975,2.0586822695991867
TX_4,2012-05-21 16:30:00,1.4185665314333717,1.461123527376373
TX_4,2012-05-21 17:00:00,1.2955625423802664,1.3344294186516743
TX_4,2012-05-21 17:30:00,1.674179061891851,1.7244044337486066
TX_4,2012-05-21 18:00:00,2.631319478164653,2.710259062509593
TX_4,2012-05-21 18:30:00,2.4498731988359013,2.5233693948009783
TX_4,2012-05-21 19:00:00,1.5156373075520393,1.5611064267786006
TX_4,2012-05-21 19:30:00,1.2111081013261373,1.2474413443659216
TX_4,2012-05-21 20:00:00,1.6015867098277188,1.6496343111225504
TX_4,2012-05-21 20:30:00,1.6495018762734026,1.6989869325616047
TX_4,2012-05-21 21:00:00,2.9971766262626742,3.0870919250505544
TX_4,2012-05-21 21:30:00,3.169076065597933,3.264148347565871
TX_4,2012-05-21 22:00:00,2.158792240601968,2.223556007820027
TX_4,2012-05-21 22:30:00,1.5900203513803006,1.6377209619217097
TX_4,2012-05-21 23:00:00,1.2037470472389016,1.2398594586560687
TX_4,2012-05-21 23:30:00,1.1545442452384513,1.1891805725956048
TX_4,2012-05-22 00:00:00,1.0175530392097318,1.0480796303860238
TX_4,2012-05-22 00:30:00,1.1501757671649429,1.184681040179891
TX_4,2012-05-22 01:00:00,1.10388043275457,1.136996845737207
TX_4,2012-05-22 01:30:00,1.167044479381937,1.2020558137633952
TX_4,2012-05-22 02:00:00,0.9052878686705353,0.9324465047306514
TX_4,2012-05-22 02:30:00,1.230491086972729,1.267405819581911
TX_4,2012-05-22 03:00:00,0.8233878494569163,0.8480894849406239
TX_4,2012-05-22 03:30:00,1.1166541309486904,1.1501537548771512
TX_4,2012-05-22 04:00:00,0.9688016934795518,0.9978657442839384
TX_4,2012-05-22 04:30:00,1.0561882295465357,1.0878738764329319
TX_4,2012-05-22 05:00:00,1.0688369809912657,1.1009020904210036
TX_4,2012-05-22 05:30:00,1.0452000089081868,1.0765560091754325
TX_4,2012-05-22 06:00:00,1.0456506418717835,1.077020161127937
TX_4,2012-05-22 06:30:00,1.10025900263336,1.1332667727123609
TX_4,2012-05-22 07:00:00,1.3234455968924081,1.3631489647991804
TX_4,2012-05-22 07:30:00,1.5149172947070233,1.560364813548234
TX_4,2012-05-22 08:00:00,1.9658665896369567,2.0248425873260656
TX_4,2012-05-22 08:30:00,1.995024931134974,2.0548756790690232
TX_4,2012-05-22 09:00:00,1.4577764653085987,1.5015097592678568
TX_4,2012-05-22 09:30:00,1.2308818142788078,1.2678082687071721
TX_4,2012-05-22 10:00:00,2.7877708516941846,2.87140397724501
TX_4,2012-05-22 10:30:00,1.1335776336827679,1.1675849626932508
TX_4,2012-05-22 11:00:00,1.4621190148008851,1.5059825852449118
TX_4,2012-05-22 11:30:00,1.2877451535149083,1.3263775081203555
TX_4,2012-05-22 12:00:00,1.512605079707385,1.5579832320986065
TX_4,2012-05-22 12:30:00,1.4719217156277469,1.5160793670965793
TX_4,2012-05-22 13:00:00,2.3341513240816054,2.4041758638040536
TX_4,2012-05-22 13:30:00,2.3267905566920253,2.396594273392786
TX_4,2012-05-22 14:00:00,1.642349759374215,1.6916202521554413
TX_4,2012-05-22 14:30:00,1.407369601726007,1.449590689777787
TX_4,2012-05-22 15:00:00,1.327453548371638,1.3672771548227873
TX_4,2012-05-22 15:30:00,1.0043805200194662,1.0345119356200503
TX_4,2012-05-22 16:00:00,1.326648117331938,1.3664475608518962
TX_4,2012-05-22 16:30:00,1.296948566091341,1.3358570230740812
TX_4,2012-05-22 17:00:00,2.9684500997610916,3.0575036027539246
TX_4,2012-05-22 17:30:00,1.6329582557360403,1.6819470034081214
TX_4,2012-05-22 18:00:00,1.4045527333150425,1.4466893153144937
TX_4,2012-05-22 18:30:00,1.303032291979992,1.3421232607393918
TX_4,2012-05-22 19:00:00,1.4685672844908504,1.512624303025576
TX_4,2012-05-22 19:30:00,1.4567907780514378,1.500494501392981
TX_4,2012-05-22 20:00:00,1.474395766948287,1.5186276399567356
TX_4,2012-05-22 20:30:00,1.316025339299358,1.3555060994783388
TX_4,2012-05-22 21:00:00,1.88441197453501,1.9409443337710603
TX_4,2012-05-22 21:30:00,1.510403579618251,1.5557156870067985
TX_4,2012-05-22 22:00:00,1.6751069850184752,1.7253601945690296
TX_4,2012-05-22 22:30:00,1.2454992064353403,1.2828641826284006
TX_4,2012-05-22 23:00:00,1.1348264000147092,1.1688711920151507
TX_4,2012-05-22 23:30:00,1.0255630687381363,1.0563299608002805
TX_4,2012-05-23 00:00:00,0.961578837035842,0.9904262021469173
TX_4,2012-05-23 00:30:00,1.1056486080550423,1.1388180662966936
TX_4,2012-05-23 01:00:00,1.0209502355638354,1.0515787426307504
TX_4,2012-05-23 01:30:00,1.0801780271448191,1.1125833679591637
TX_4,2012-05-23 02:00:00,1.0565753984316253,1.088272660384574
TX_4,2012-05-23 02:30:00,1.0882796661386696,1.1209280561228296
TX_4,2012-05-23 03:00:00,1.083001754759629,1.1154918074024178
TX_4,2012-05-23 03:30:00,1.0535582584818526,1.0851650062363083
TX_4,2012-05-23 04:00:00,0.9920771883712697,1.0218395040224078
TX_4,2012-05-23 04:30:00,1.2245047893349905,1.2612399330150403
TX_4,2012-05-23 05:00:00,0.8253078724269479,0.8500671085997564
TX_4,2012-05-23 05:30:00,1.009409708444504,1.039691999697839
TX_4,2012-05-23 06:00:00,1.2680499281599076,1.3060914260047047
TX_4,2012-05-23 06:30:00,1.2592032907309298,1.2969793894528578
TX_4,2012-05-23 07:00:00,1.7178628237470455,1.769398708459457
TX_4,2012-05-23 07:30:00,1.6291513975196366,1.6780259394452257
TX_4,2012-05-23 08:00:00,1.6870701837069801,1.7376822892181896
TX_4,2012-05-23 08:30:00,2.1070046179676187,2.170214756506647
TX_4,2012-05-23 09:00:00,2.50126415309495,2.5763020776877985
TX_4,2012-05-23 09:30:00,4.159025763468199,4.283796536372245
TX_4,2012-05-23 10:00:00,6.511168982845517,6.7065040523308825
TX_4,2012-05-23 10:30:00,8.368259014298422,8.619306784727375
TX_4,2012-05-23 11:00:00,5.961350568915599,6.140191085983067
TX_4,2012-05-23 11:30:00,4.830296220465922,4.9752051070798995
TX_4,2012-05-23 12:00:00,4.497642929948143,4.632572217846588
TX_4,2012-05-23 12:30:00,4.488915395660623,4.623582857530442
TX_4,2012-05-23 13:00:00,3.0579853675877855,3.149724928615419
TX_4,2012-05-23 13:30:00,5.348213100245057,5.5086594932524084
TX_4,2012-05-23 14:00:00,4.346291275990018,4.476680014269719
TX_4,2012-05-23 14:30:00,2.613342209173255,2.6917424754484527
TX_4,2012-05-23 15:00:00,7.5124313015510245,7.737804240597556
TX_4,2012-05-23 15:30:00,5.356702167751806,5.51740323278436
TX_4,2012-05-23 16:00:00,3.6378662955690646,3.7470022844361366
TX_4,2012-05-23 16:30:00,7.407062003427772,7.629273863530605
TX_4,2012-05-23 17:00:00,5.543461925700095,5.709765783471098
TX_4,2012-05-23 17:30:00,4.635555489787521,4.774622154481147
TX_4,2012-05-23 18:00:00,6.736256978364649,6.938344687715588
TX_4,2012-05-23 18:30:00,5.5390899914868355,5.70526269123144
TX_4,2012-05-23 19:00:00,7.132317522457199,7.346287048130915
TX_4,2012-05-23 19:30:00,7.265414912244191,7.483377359611517
TX_4,2012-05-23 20:00:00,4.854199276455858,4.999825254749534
TX_4,2012-05-23 20:30:00,4.380248238955604,4.511655686124272
TX_4,2012-05-23 21:00:00,4.53678366956988,4.672887179656977
TX_4,2012-05-23 21:30:00,4.548727855937576,4.685189691615704
TX_4,2012-05-23 22:00:00,4.2670526077559945,4.395064185988675
TX_4,2012-05-23 22:30:00,3.8498468501519794,3.9653422556565388
TX_4,2012-05-23 23:00:00,2.9277650996166944,3.015598052605195
TX_4,2012-05-23 23:30:00,2.895184450036824,2.9820399835379288
TX_4,2012-05-24 00:00:00,2.4512479121118687,2.524785349475225
TX_4,2012-05-24 00:30:00,2.9299964781609114,3.0178963725057386
TX_4,2012-05-24 01:00:00,2.787328935489765,2.870948803554458
TX_4,2012-05-24 01:30:00,2.677671144538808,2.7580012788749726
TX_4,2012-05-24 02:00:00,2.537160179929718,2.6132749853276094
TX_4,2012-05-24 02:30:00,2.3311221335894743,2.4010557975971585
TX_4,2012-05-24 03:00:00,2.3012790415407207,2.3703174127869424
TX_4,2012-05-24 03:30:00,2.464294251353302,2.538223078893901
TX_4,2012-05-24 04:00:00,2.95094858466877,3.0394770422088335
TX_4,2012-05-24 04:30:00,3.387076327120356,3.488688616933967
TX_4,2012-05-24 05:00:00,2.599651708449341,2.6776412597028214
TX_4,2012-05-24 05:30:00,3.4351477369780685,3.538202169087411
TX_4,2012-05-24 06:00:00,2.7469536151953484,2.829362223651209
TX_4,2012-05-24 06:30:00,3.780447884329048,3.8938613208589192
TX_4,2012-05-24 07:00:00,3.277015733785208,3.3753262057987645
TX_4,2012-05-24 07:30:00,7.1837336796771805,7.399245690067496
TX_4,2012-05-24 08:00:00,4.574029753269786,4.711250645867879
TX_4,2012-05-24 08:30:00,4.521097771787725,4.656730704941357
TX_4,2012-05-24 09:00:00,2.9721202189067655,3.0612838254739687
TX_4,2012-05-24 09:30:00,2.6664226694375297,2.746415349520656
TX_4,2012-05-24 10:00:00,4.075673074232995,4.197943266459985
TX_4,2012-05-24 10:30:00,3.5369345809655486,3.643042618394515
TX_4,2012-05-24 11:00:00,4.77964837267655,4.923037823856847
TX_4,2012-05-24 11:30:00,3.767961405069443,3.8810002472215266
TX_4,2012-05-24 12:00:00,4.652744571622356,4.7923269087710265
TX_4,2012-05-24 12:30:00,4.4406897975196635,4.573910491445254
TX_4,2012-05-24 13:00:00,3.3869994313435035,3.4886094142838084
TX_4,2012-05-24 13:30:00,2.7489433193286192,2.831411618908478
TX_4,2012-05-24 14:00:00,3.463512815814933,3.567418200289381
TX_4,2012-05-24 14:30:00,2.867674080457763,2.953704302871496
TX_4,2012-05-24 15:00:00,4.154716394826247,4.2793578866710344
TX_4,2012-05-24 15:30:00,3.0951112965765994,3.1879646354738975
TX_4,2012-05-24 16:00:00,4.867714768415007,5.013746211467457
TX_4,2012-05-24 16:30:00,5.311034945252959,5.470365993610548
TX_4,2012-05-24 17:00:00,6.238711877569782,6.425873233896875
TX_4,2012-05-24 17:30:00,4.592310444907312,4.730079758254532
TX_4,2012-05-24 18:00:00,5.571909321318844,5.7390666009584095
TX_4,2012-05-24 18:30:00,5.503570908885059,5.6686780361516105
TX_4,2012-05-24 19:00:00,5.2200465059538725,5.376647901132489
TX_4,2012-05-24 19:30:00,4.472930214869995,4.607118121316096
TX_4,2012-05-24 20:00:00,4.233870186105402,4.360886291688564
TX_4,2012-05-24 20:30:00,5.563924884374526,5.730842630905761
TX_4,2012-05-24 21:00:00,5.06536303292379,5.217323923911504
TX_4,2012-05-24 21:30:00,4.823908619241986,4.968625877819246
TX_4,2012-05-24 22:00:00,4.525288264869135,4.66104691281521
TX_4,2012-05-24 22:30:00,3.91819563220498,4.035741501171129
TX_4,2012-05-24 23:00:00,3.1988073734700113,3.2947715946741116
TX_4,2012-05-24 23:30:00,3.0439306398649837,3.1352485590609334
TX_4,2012-05-25 00:00:00,3.1674426054915363,3.2624658836562825
TX_4,2012-05-25 00:30:00,4.301454921176591,4.430498568811888
TX_4,2012-05-25 01:00:00,3.18249419759099,3.2779690235187195
TX_4,2012-05-25 01:30:00,2.4466754614081037,2.5200757252503467
TX_4,2012-05-25 02:00:00,2.4081491155203083,2.4803935889859177
TX_4,2012-05-25 02:30:00,2.3457015413004743,2.4160725875394884
TX_4,2012-05-25 03:00:00,2.315858960861998,2.385334729687858
TX_4,2012-05-25 03:30:00,2.1204028262756087,2.184014911063877
TX_4,2012-05-25 04:00:00,2.123145395819795,2.1868397576943885
TX_4,2012-05-25 04:30:00,2.732136006015317,2.8141000861957766
TX_4,2012-05-25 05:00:00,2.482189731652419,2.556655423601992
TX_4,2012-05-25 05:30:00,3.420768838798111,3.5233919039620543
TX_4,2012-05-25 06:00:00,2.9392817480271956,3.0274602004680116
TX_4,2012-05-25 06:30:00,3.431714189237187,3.534665614914303
TX_4,2012-05-25 07:00:00,4.532741070474512,4.668723302588748
TX_4,2012-05-25 07:30:00,7.293517981677891,7.512323521128227
TX_4,2012-05-25 08:00:00,4.001364062651419,4.121404984530962
TX_4,2012-05-25 08:30:00,4.667948883496192,4.807987350001078
TX_4,2012-05-25 09:00:00,3.0060265273704547,3.0962073231915683
TX_4,2012-05-25 09:30:00,2.4830294946643154,2.557520379504245
TX_4,2012-05-25 10:00:00,4.4813485052129645,4.615788960369353
TX_4,2012-05-25 10:30:00,6.667117327122797,6.8671308469364805
TX_4,2012-05-25 11:00:00,4.356814404830304,4.487518836975213
TX_4,2012-05-25 11:30:00,5.355580683104321,5.5162481035974515
TX_4,2012-05-25 12:00:00,4.493037796118857,4.627828930002423
TX_4,2012-05-25 12:30:00,4.048458126539139,4.169911870335314
TX_4,2012-05-25 13:00:00,2.613212641591998,2.691609020839758
TX_4,2012-05-25 13:30:00,4.037843134554504,4.158978428591139
TX_4,2012-05-25 14:00:00,3.807463058571834,3.921686950328989
TX_4,2012-05-25 14:30:00,3.1928264583707238,3.2886112521218456
TX_4,2012-05-25 15:00:00,2.9612157183358305,3.0500521898859057
TX_4,2012-05-25 15:30:00,2.9618928613306053,3.0507496471705235
TX_4,2012-05-25 16:00:00,5.500692495843642,5.665713270718951
TX_4,2012-05-25 16:30:00,5.1450704151684645,5.299422527623519
TX_4,2012-05-25 17:00:00,4.6585760923930595,4.798333375164852
TX_4,2012-05-25 17:30:00,6.187943849320193,6.3735821647997986
TX_4,2012-05-25 18:00:00,4.997190433846613,5.147106146862011
TX_4,2012-05-25 18:30:00,7.466812345415442,7.690816715777905
TX_4,2012-05-25 19:00:00,9.381007573467937,9.662437800671976
TX_4,2012-05-25 19:30:00,7.102654384452414,7.315734015985987
TX_4,2012-05-25 20:00:00,4.845869823136467,4.991245917830561
TX_4,2012-05-25 20:30:00,5.020763937214616,5.171386855331054
TX_4,2012-05-25 21:00:00,5.102259283029205,5.255327061520081
TX_4,2012-05-25 21:30:00,5.04804616658278,5.199487551580264
TX_4,2012-05-25 22:00:00,4.8574481163710175,5.003171559862148
TX_4,2012-05-25 22:30:00,5.145672624400282,5.300042803132291
TX_4,2012-05-25 23:00:00,4.026642623342235,4.147441902042503
TX_4,2012-05-25 23:30:00,3.156514166604972,3.2512095916031214
TX_4,2012-05-26 00:00:00,2.5357903857683706,2.6118640973414218
TX_4,2012-05-26 00:30:00,2.3659188386975507,2.4368964038584773
TX_4,2012-05-26 01:00:00,2.4957022237153645,2.5705732904268257
TX_4,2012-05-26 01:30:00,2.6319871790035383,2.7109467943736445
TX_4,2012-05-26 02:00:00,2.6370766625962623,2.7161889624741504
TX_4,2012-05-26 02:30:00,2.9060156136264608,2.993196082035255
TX_4,2012-05-26 03:00:00,3.1530287864330844,3.2476196500260768
TX_4,2012-05-26 03:30:00,2.879186312107547,2.9655619014707737
TX_4,2012-05-26 04:00:00,2.5189921428850117,2.594561907171562
TX_4,2012-05-26 04:30:00,2.698131265795233,2.7790752037690902
TX_4,2012-05-26 05:00:00,2.9227089766031003,3.0103902459011933
TX_4,2012-05-26 05:30:00,2.79374601787581,2.8775583984120843
TX_4,2012-05-26 06:00:00,3.7838086381987814,3.897322897344745
TX_4,2012-05-26 06:30:00,4.002202575066856,4.122268652318862
TX_4,2012-05-26 07:00:00,4.522450032118758,4.658123533082321
TX_4,2012-05-26 07:30:00,4.009253508716538,4.129531113978035
TX_4,2012-05-26 08:00:00,4.539854825849813,4.676050470625307
TX_4,2012-05-26 08:30:00,3.26906140681161,3.3671332490159585
TX_4,2012-05-26 09:00:00,2.9837897531179354,3.0733034457114736
TX_4,2012-05-26 09:30:00,2.3003624932817925,2.3693733680802462
TX_4,2012-05-26 10:00:00,4.849118494624157,4.994592049462882
TX_4,2012-05-26 10:30:00,3.6450223275650284,3.7543729973919793
TX_4,2012-05-26 11:00:00,3.1260695929219886,3.2198516807096484
TX_4,2012-05-26 11:30:00,2.967323908030793,3.056343625271717
TX_4,2012-05-26 12:00:00,3.6626393034803484,3.772518482584759
TX_4,2012-05-26 12:30:00,3.9936375238317323,4.113446649546685
TX_4,2012-05-26 13:00:00,3.024456173501971,3.11518985870703
TX_4,2012-05-26 13:30:00,3.314903126309015,3.4143502200982856
TX_4,2012-05-26 14:00:00,4.074004916655567,4.196225064155234
TX_4,2012-05-26 14:30:00,3.1278469199420265,3.2216823275402873
TX_4,2012-05-26 15:00:00,3.1280485565665748,3.221890013263572
TX_4,2012-05-26 15:30:00,5.612701571573946,5.781082618721165
TX_4,2012-05-26 16:00:00,4.976534166999978,5.125830192009977
TX_4,2012-05-26 16:30:00,4.404858686681482,4.537004447281927
TX_4,2012-05-26 17:00:00,4.849874493861628,4.995370728677477
TX_4,2012-05-26 17:30:00,5.462341639051722,5.626211888223274
TX_4,2012-05-26 18:00:00,5.409035043390265,5.571306094691973
TX_4,2012-05-26 18:30:00,4.92642551646056,5.074218281954376
TX_4,2012-05-26 19:00:00,3.679113774504806,3.7894871877399505
TX_4,2012-05-26 19:30:00,3.1822870799622676,3.2777556923611355
TX_4,2012-05-26 20:00:00,3.1087035419130546,3.2019646481704465
TX_4,2012-05-26 20:30:00,3.3056889694306197,3.4048596385135386
TX_4,2012-05-26 21:00:00,3.808002988292706,3.9222430779414874
TX_4,2012-05-26 21:30:00,3.472304238481427,3.5764733656358696
TX_4,2012-05-26 22:00:00,3.426162737584031,3.528947619711552
TX_4,2012-05-26 22:30:00,3.032446562531609,3.1234199594075576
TX_4,2012-05-26 23:00:00,3.4540380319499824,3.557659172908482
TX_4,2012-05-26 23:30:00,3.785634002412154,3.8992030224845187
TX_4,2012-05-27 00:00:00,3.482913484637517,3.5874008891766427
TX_4,2012-05-27 00:30:00,4.573291037877797,4.710489769014131
TX_4,2012-05-27 01:00:00,3.1476509816977933,3.2420805111487274
TX_4,2012-05-27 01:30:00,3.2638075554655135,3.361721782129479
TX_4,2012-05-27 02:00:00,2.7455069655482607,2.8278721745147086
TX_4,2012-05-27 02:30:00,2.7824540274005187,2.8659276482225344
TX_4,2012-05-27 03:00:00,2.4115364346148267,2.4838825276532717
TX_4,2012-05-27 03:30:00,2.4790890126306504,2.5534616830095698
TX_4,2012-05-27 04:00:00,2.278800215171891,2.3471642216270476
TX_4,2012-05-27 04:30:00,2.3543909315628855,2.425022659509772
TX_4,2012-05-27 05:00:00,2.036718475017438,2.097820029267961
TX_4,2012-05-27 05:30:00,2.3360278686803437,2.406108704740754
TX_4,2012-05-27 06:00:00,2.343911567050755,2.414228914062278
TX_4,2012-05-27 06:30:00,2.7624809719704198,2.8453554011295323
TX_4,2012-05-27 07:00:00,4.235171205132075,4.362226341286037
TX_4,2012-05-27 07:30:00,4.865230988374706,5.011187918025947
TX_4,2012-05-27 08:00:00,3.652597584855851,3.7621755124015266
TX_4,2012-05-27 08:30:00,4.624356357097378,4.763087047810299
TX_4,2012-05-27 09:00:00,7.208341919525839,7.424592177111615
TX_4,2012-05-27 09:30:00,4.571328522639876,4.708468378319072
TX_4,2012-05-27 10:00:00,5.172514038826882,5.327689459991689
TX_4,2012-05-27 10:30:00,6.975214132004862,7.184470555965008
TX_4,2012-05-27 11:00:00,5.456842584802179,5.620547862346244
TX_4,2012-05-27 11:30:00,5.221303018629356,5.377942109188236
TX_4,2012-05-27 12:00:00,5.467962414340498,5.632001286770713
TX_4,2012-05-27 12:30:00,6.49059657789865,6.68531447523561
TX_4,2012-05-27 13:00:00,7.717169444711851,7.948684528053207
TX_4,2012-05-27 13:30:00,7.865888572013902,8.101865229174319
TX_4,2012-05-27 14:00:00,8.071828022004192,8.313982862664318
TX_4,2012-05-27 14:30:00,6.136515302886979,6.3206107619735885
TX_4,2012-05-27 15:00:00,7.238353374191105,7.455503975416838
TX_4,2012-05-27 15:30:00,7.683746345262135,7.914258735619999
TX_4,2012-05-27 16:00:00,4.838525117686977,4.983680871217587
TX_4,2012-05-27 16:30:00,7.12014083046075,7.333745055374573
TX_4,2012-05-27 17:00:00,7.280271693354754,7.498679844155397
TX_4,2012-05-27 17:30:00,5.750801551205568,5.923325597741735
TX_4,2012-05-27 18:00:00,4.885316756420933,5.031876259113561
TX_4,2012-05-27 18:30:00,7.62669578186695,7.855496655322958
TX_4,2012-05-27 19:00:00,6.300486047389949,6.489500628811648
TX_4,2012-05-27 19:30:00,5.163884799338792,5.318801343318956
TX_4,2012-05-27 20:00:00,4.871149700727305,5.017284191749124
TX_4,2012-05-27 20:30:00,5.9610534057754645,6.139885007948728
TX_4,2012-05-27 21:00:00,6.069107664441622,6.251180894374872
TX_4,2012-05-27 21:30:00,5.287096667224026,5.445709567240748
TX_4,2012-05-27 22:00:00,4.6221245569804195,4.760788293689832
TX_4,2012-05-27 22:30:00,3.8023865415454403,3.9164581377918037
TX_4,2012-05-27 23:00:00,5.234528109743293,5.391563953035591
TX_4,2012-05-27 23:30:00,4.743839774079067,4.886154967301439
TX_4,2012-05-28 00:00:00,2.33918159889954,2.409357046866526
TX_4,2012-05-28 00:30:00,2.0149611038158186,2.0754099369302934
TX_4,2012-05-28 01:00:00,2.4591928153905576,2.5329685998522744
TX_4,2012-05-28 01:30:00,2.2575178126940054,2.3252433470748257
TX_4,2012-05-28 02:00:00,2.5994816937505636,2.6774661445630805
TX_4,2012-05-28 02:30:00,2.5750797704549613,2.65233216356861
TX_4,2012-05-28 03:00:00,2.416549130517541,2.4890456044330675
TX_4,2012-05-28 03:30:00,2.3766048288637274,2.447902973729639
TX_4,2012-05-28 04:00:00,2.250924093946091,2.3184518167644734
TX_4,2012-05-28 04:30:00,2.956910736011707,3.045618058092058
TX_4,2012-05-28 05:00:00,2.428128911755737,2.5009727791084093
TX_4,2012-05-28 05:30:00,3.6951365903922895,3.805990688104058
TX_4,2012-05-28 06:00:00,3.672822506818803,3.783007182023367
TX_4,2012-05-28 06:30:00,4.736498212057977,4.878593158419716
TX_4,2012-05-28 07:00:00,5.457435232436962,5.621158289410071
TX_4,2012-05-28 07:30:00,4.849578627572016,4.995065986399177
TX_4,2012-05-28 08:00:00,5.183505475984388,5.33901064026392
TX_4,2012-05-28 08:30:00,4.503909289901102,4.639026568598136
TX_4,2012-05-28 09:00:00,4.914599340594637,5.062037320812476
TX_4,2012-05-28 09:30:00,4.648737479474307,4.788199603858536
TX_4,2012-05-28 10:00:00,4.039284568054807,4.160463105096452
TX_4,2012-05-28 10:30:00,6.532206405466623,6.728172597630622
TX_4,2012-05-28 11:00:00,7.903744299657006,8.140856628646716
TX_4,2012-05-28 11:30:00,6.645743027042057,6.845115317853319
TX_4,2012-05-28 12:00:00,4.212566603543693,4.338943601650004
TX_4,2012-05-28 12:30:00,4.054305623562755,4.175934792269637
TX_4,2012-05-28 13:00:00,3.43967765032507,3.542867979834822
TX_4,2012-05-28 13:30:00,4.913618071938298,5.061026614096447
TX_4,2012-05-28 14:00:00,6.999437749957314,7.209420882456034
TX_4,2012-05-28 14:30:00,7.139181679500724,7.353357129885746
TX_4,2012-05-28 15:00:00,5.51235696553015,5.6777276744960545
TX_4,2012-05-28 15:30:00,5.9769555290426295,6.156264194913908
TX_4,2012-05-28 16:00:00,6.9979805365849845,7.207919952682534
TX_4,2012-05-28 16:30:00,6.056171461905063,6.2378566057622145
TX_4,2012-05-28 17:00:00,5.0261846294238905,5.176970168306608
TX_4,2012-05-28 17:30:00,4.941718885686902,5.08997045225751
TX_4,2012-05-28 18:00:00,5.40667161151117,5.568871759856505
TX_4,2012-05-28 18:30:00,5.223808172579073,5.3805224177564455
TX_4,2012-05-28 19:00:00,5.365738098522931,5.526710241478619
TX_4,2012-05-28 19:30:00,5.081425956877454,5.233868735583778
TX_4,2012-05-28 20:00:00,6.3135493536746425,6.502955834284882
TX_4,2012-05-28 20:30:00,5.730230797065875,5.902137720977851
TX_4,2012-05-28 21:00:00,6.308345410077974,6.497595772380314
TX_4,2012-05-28 21:30:00,5.6502106984501275,5.819717019403631
TX_4,2012-05-28 22:00:00,5.3272378215905345,5.487054956238251
TX_4,2012-05-28 22:30:00,6.315392150788652,6.504853915312312
TX_4,2012-05-28 23:00:00,3.808071020874539,3.9223131515007754
TX_4,2012-05-28 23:30:00,3.6352349722484223,3.744292021415875
TX_4,2012-05-29 00:00:00,3.0792322378613814,3.171609204997223
TX_4,2012-05-29 00:30:00,2.9637978720286715,3.0527118081895317
TX_4,2012-05-29 01:00:00,2.816174841726739,2.9006600869785415
TX_4,2012-05-29 01:30:00,2.69425788440628,2.7750856209384684
TX_4,2012-05-29 02:00:00,2.6350921599000188,2.7141449246970195
TX_4,2012-05-29 02:30:00,2.413384984582673,2.485786534120153
TX_4,2012-05-29 03:00:00,2.297035773055029,2.36594684624668
TX_4,2012-05-29 03:30:00,2.481837880934584,2.5562930173626217
TX_4,2012-05-29 04:00:00,2.4644256553489194,2.538358425009387
TX_4,2012-05-29 04:30:00,3.2833187125198653,3.3818182738954614
TX_4,2012-05-29 05:00:00,2.1518863854072037,2.21644297696942
TX_4,2012-05-29 05:30:00,3.4733347960843273,3.5775348399668574
TX_4,2012-05-29 06:00:00,4.1117594294126585,4.235112212295038
TX_4,2012-05-29 06:30:00,4.629439259287443,4.768322437066066
TX_4,2012-05-29 07:00:00,3.3420903794573764,3.442353090841098
TX_4,2012-05-29 07:30:00,7.4028523308451,7.624937900770453
TX_4,2012-05-29 08:00:00,5.069995279221095,5.222095137597727
TX_4,2012-05-29 08:30:00,5.390911309258055,5.552638648535797
TX_4,2012-05-29 09:00:00,4.016623930219679,4.13712264812627
TX_4,2012-05-29 09:30:00,3.3653976059189556,3.4663595340965245
TX_4,2012-05-29 10:00:00,4.4553685758334005,4.589029633108403
TX_4,2012-05-29 10:30:00,3.903370572540537,4.020471689716754
TX_4,2012-05-29 11:00:00,3.988845413589933,4.108510775997631
TX_4,2012-05-29 11:30:00,4.448921145980406,4.5823887803598184
TX_4,2012-05-29 12:00:00,5.530098501035293,5.696001456066352
TX_4,2012-05-29 12:30:00,4.804262101357457,4.948389964398181
TX_4,2012-05-29 13:00:00,3.5765906270371604,3.6838883458482754
TX_4,2012-05-29 13:30:00,4.064343210476898,4.186273506791205
TX_4,2012-05-29 14:00:00,4.823808744538503,4.968523006874658
TX_4,2012-05-29 14:30:00,3.8942015495463,4.011027596032689
TX_4,2012-05-29 15:00:00,3.0270404933117234,3.117851708111075
TX_4,2012-05-29 15:30:00,6.842728790931158,7.048010654659093
TX_4,2012-05-29 16:00:00,5.13099577653229,5.284925649828259
TX_4,2012-05-29 16:30:00,4.110764715862565,4.234087657338442
TX_4,2012-05-29 17:00:00,6.111772546658643,6.295125723058402
TX_4,2012-05-29 17:30:00,6.158587584194625,6.343345211720464
TX_4,2012-05-29 18:00:00,5.853935497604208,6.029553562532334
TX_4,2012-05-29 18:30:00,6.3744187130081285,6.565651274398372
TX_4,2012-05-29 19:00:00,5.5108149936176325,5.676139443426162
TX_4,2012-05-29 19:30:00,6.006140053108666,6.186324254701926
TX_4,2012-05-29 20:00:00,5.353686347701493,5.514296938132538
TX_4,2012-05-29 20:30:00,5.850013864402716,6.025514280334797
TX_4,2012-05-29 21:00:00,5.6740040034028345,5.84422412350492
TX_4,2012-05-29 21:30:00,5.409324927477326,5.5716046753016455
TX_4,2012-05-29 22:00:00,4.779273917789349,4.9226521353230295
TX_4,2012-05-29 22:30:00,3.5478399023101375,3.6542750993794417
TX_4,2012-05-29 23:00:00,3.1346952977134173,3.22873615664482
TX_4,2012-05-29 23:30:00,2.260024065311318,2.3278247872706577
TX_4,2012-05-30 00:00:00,2.3729629986324143,2.444151888591387
TX_4,2012-05-30 00:30:00,2.435347580980843,2.5084080084102687
TX_4,2012-05-30 01:00:00,2.683789836018074,2.764303531098616
TX_4,2012-05-30 01:30:00,2.417498592574971,2.49002355035222
TX_4,2012-05-30 02:00:00,2.3414901396920387,2.4117348438827997
TX_4,2012-05-30 02:30:00,2.2972735041684094,2.366191709293462
TX_4,2012-05-30 03:00:00,2.3043698153605314,2.3735009098213475
TX_4,2012-05-30 03:30:00,2.3387790867047107,2.408942459305852
TX_4,2012-05-30 04:00:00,2.7052561917313342,2.7864138774832745
TX_4,2012-05-30 04:30:00,3.4887910999142693,3.5934548329116973
TX_4,2012-05-30 05:00:00,2.579297432539032,2.656676355515203
TX_4,2012-05-30 05:30:00,3.177877531060177,3.273213856991982
TX_4,2012-05-30 06:00:00,3.0740912415594237,3.1663139788062065
TX_4,2012-05-30 06:30:00,4.169023568748036,4.294094275810478
TX_4,2012-05-30 07:00:00,6.618341047753678,6.816891279186289
TX_4,2012-05-30 07:30:00,3.9827921797386816,4.102275945130843
TX_4,2012-05-30 08:00:00,4.211425348702795,4.3377681091638784
TX_4,2012-05-30 08:30:00,4.006399724510769,4.126591716246092
TX_4,2012-05-30 09:00:00,4.6430728321390085,4.782365017103179
TX_4,2012-05-30 09:30:00,5.182817697316649,5.338302228236149
TX_4,2012-05-30 10:00:00,4.534526865932996,4.670562671910986
TX_4,2012-05-30 10:30:00,3.779788207929091,3.893181854166964
TX_4,2012-05-30 11:00:00,3.9985252773944424,4.118481035716276
TX_4,2012-05-30 11:30:00,4.105403035985796,4.2285651270653695
TX_4,2012-05-30 12:00:00,6.246522460410503,6.433918134222819
TX_4,2012-05-30 12:30:00,5.943664319966883,6.1219742495658895
TX_4,2012-05-30 13:00:00,4.303898930847952,4.43301589877339
TX_4,2012-05-30 13:30:00,3.266504252764692,3.364499380347633
TX_4,2012-05-30 14:00:00,3.9313548010879757,4.049295445120615
TX_4,2012-05-30 14:30:00,3.504037777293817,3.609158910612632
TX_4,2012-05-30 15:00:00,3.613263955354497,3.7216618740151324
TX_4,2012-05-30 15:30:00,8.632236626246781,8.891203725034185
TX_4,2012-05-30 16:00:00,8.032093809743285,8.273056624035585
TX_4,2012-05-30 16:30:00,5.725677463175331,5.8974477870705915
TX_4,2012-05-30 17:00:00,8.829952058787725,9.094850620551357
TX_4,2012-05-30 17:30:00,5.410430795363038,5.572743719223929
TX_4,2012-05-30 18:00:00,6.212444868166858,6.398818214211864
TX_4,2012-05-30 18:30:00,5.114421325832548,5.267853965607524
TX_4,2012-05-30 19:00:00,4.211801853289325,4.338155908888004
TX_4,2012-05-30 19:30:00,4.285041751432334,4.413593003975304
TX_4,2012-05-30 20:00:00,4.7880688421891175,4.931710907454791
TX_4,2012-05-30 20:30:00,4.327757847386434,4.457590582808027
TX_4,2012-05-30 21:00:00,4.457074803401532,4.590787047503579
TX_4,2012-05-30 21:30:00,5.599361696975487,5.767342547884752
TX_4,2012-05-30 22:00:00,5.157577617749628,5.312304946282117
TX_4,2012-05-30 22:30:00,5.085390075450602,5.23795177771412
TX_4,2012-05-30 23:00:00,5.0472963058658475,5.198715195041823
TX_4,2012-05-30 23:30:00,3.0682636862475827,3.1603115968350104
TX_4,2012-05-31 00:00:00,2.68415209539189,2.764676658253647
TX_4,2012-05-31 00:30:00,2.2769107069671595,2.3452180281761743
TX_4,2012-05-31 01:00:00,2.1839792618053147,2.2494986396594743
TX_4,2012-05-31 01:30:00,2.3297393272148197,2.3996315070312644
TX_4,2012-05-31 02:00:00,2.2447802276345463,2.3121236344635827
TX_4,2012-05-31 02:30:00,2.203869619490598,2.269985708075316
TX_4,2012-05-31 03:00:00,2.5770326870833324,2.6543436676958323
TX_4,2012-05-31 03:30:00,2.458976898868356,2.532746205834407
TX_4,2012-05-31 04:00:00,2.4932409272850604,2.568038155103612
TX_4,2012-05-31 04:30:00,3.373470303917838,3.4746744130353733
TX_4,2012-05-31 05:00:00,2.7578996858010187,2.8406366763750492
TX_4,2012-05-31 05:30:00,4.0361077852080305,4.157191018764271
TX_4,2012-05-31 06:00:00,3.749385961033358,3.8618675398643587
TX_4,2012-05-31 06:30:00,4.522635443342168,4.658314506642433
TX_4,2012-05-31 07:00:00,3.6345725789470595,3.7436097563154713
TX_4,2012-05-31 07:30:00,8.518717462004853,8.774278985865
TX_4,2012-05-31 08:00:00,3.834689992381201,3.9497306921526367
TX_4,2012-05-31 08:30:00,4.970647984110709,5.1197674236340305
TX_4,2012-05-31 09:00:00,7.578387533998368,7.8057391600183195
TX_4,2012-05-31 09:30:00,5.299338444845327,5.458318598190687
TX_4,2012-05-31 10:00:00,4.260143311740763,4.3879476110929865
TX_4,2012-05-31 10:30:00,3.9270578170193042,4.044869551529883
TX_4,2012-05-31 11:00:00,3.067995370718252,3.1600352318397995
TX_4,2012-05-31 11:30:00,3.3226134848618423,3.4222918894076977
TX_4,2012-05-31 12:00:00,4.017279329400368,4.1377977092823786
TX_4,2012-05-31 12:30:00,2.410823897369965,2.483148614291064
TX_4,2012-05-31 13:00:00,2.6872220220628513,2.767838682724737
TX_4,2012-05-31 13:30:00,2.104705729286493,2.167846901165088
TX_4,2012-05-31 14:00:00,2.283013153967593,2.3515035485866207
TX_4,2012-05-31 14:30:00,2.604664541613485,2.6828044778618896
TX_4,2012-05-31 15:00:00,4.103061264875233,4.22615310282149
TX_4,2012-05-31 15:30:00,10.289006672982831,10.597676873172317
TX_4,2012-05-31 16:00:00,4.1620822337285075,4.286944700740363
TX_4,2012-05-31 16:30:00,4.189141258686034,4.314815496446615
TX_4,2012-05-31 17:00:00,4.299126462538994,4.428100256415164
TX_4,2012-05-31 17:30:00,3.8371030751960298,3.952216167451911
TX_4,2012-05-31 18:00:00,3.369613570579988,3.4707019776973875
TX_4,2012-05-31 18:30:00,3.1752161365399134,3.2704726206361108
TX_4,2012-05-31 19:00:00,3.6386399772079616,3.7477991765242007
TX_4,2012-05-31 19:30:00,3.3137196501483728,3.413131239652824
TX_4,2012-05-31 20:00:00,3.628190503719472,3.737036218831056
TX_4,2012-05-31 20:30:00,3.81315784376427,3.927552579077198
TX_4,2012-05-31 21:00:00,3.6248491577235145,3.73359463245522
TX_4,2012-05-31 21:30:00,3.667422422841446,3.7774450955266894
TX_4,2012-05-31 22:00:00,3.8159249480202186,3.9304026964608254
TX_4,2012-05-31 22:30:00,3.597944661634844,3.705883001483889
TX_4,2012-05-31 23:00:00,2.9508137307751334,3.0393381426983876
TX_4,2012-05-31 23:30:00,2.3875693809041034,2.4591964623312266
TX_4,2012-06-01 00:00:00,2.208510640629753,2.274765959848646
TX_4,2012-06-01 00:30:00,2.5614655578333188,2.6383095245683186
TX_4,2012-06-01 01:00:00,2.469797237647186,2.5438911547766017
TX_4,2012-06-01 01:30:00,2.408268072294815,2.4805161144636596
TX_4,2012-06-01 02:00:00,2.1085663476572574,2.171823338086975
TX_4,2012-06-01 02:30:00,2.107539145868924,2.1707653202449917
TX_4,2012-06-01 03:00:00,2.1977855615428235,2.2637191283891083
TX_4,2012-06-01 03:30:00,2.0472588324556935,2.108676597429364
TX_4,2012-06-01 04:00:00,2.1243966883415584,2.188128588991805
TX_4,2012-06-01 04:30:00,3.1021056073902473,3.195168775611955
TX_4,2012-06-01 05:00:00,2.9292997164812844,3.017178707975723
TX_4,2012-06-01 05:30:00,3.2798155127284825,3.378209978110337
TX_4,2012-06-01 06:00:00,3.1195125911133172,3.213097968846717
TX_4,2012-06-01 06:30:00,3.2057163996759654,3.3018878916662446
TX_4,2012-06-01 07:00:00,2.755129333209363,2.8377832132056438
TX_4,2012-06-01 07:30:00,6.816247513029882,7.020734938420779
TX_4,2012-06-01 08:00:00,3.921285432904089,4.038923995891212
TX_4,2012-06-01 08:30:00,2.2201151257317955,2.2867185795037495
TX_4,2012-06-01 09:00:00,2.9095594462056846,2.9968462295918554
TX_4,2012-06-01 09:30:00,2.7754875949853646,2.8587522228349256
TX_4,2012-06-01 10:00:00,3.9003962124927907,4.017408098867574
TX_4,2012-06-01 10:30:00,2.74763507289696,2.8300641250838687
TX_4,2012-06-01 11:00:00,5.052881187906831,5.204467623544036
TX_4,2012-06-01 11:30:00,4.227697487141202,4.354528411755438
TX_4,2012-06-01 12:00:00,3.9272976434483544,4.045116572751805
TX_4,2012-06-01 12:30:00,3.920359091813496,4.037969864567901
TX_4,2012-06-01 13:00:00,6.02163759239712,6.202286720169034
TX_4,2012-06-01 13:30:00,5.208859851019209,5.365125646549786
TX_4,2012-06-01 14:00:00,4.188247363532722,4.313894784438704
TX_4,2012-06-01 14:30:00,3.7118203884615997,3.8231750001154476
TX_4,2012-06-01 15:00:00,3.7218071534994817,3.8334613681044662
TX_4,2012-06-01 15:30:00,5.783462932585486,5.956966820563051
TX_4,2012-06-01 16:00:00,8.943255535612996,9.211553201681387
TX_4,2012-06-01 16:30:00,3.2858926959449155,3.3844694768232633
TX_4,2012-06-01 17:00:00,4.382904698738395,4.514391839700547
TX_4,2012-06-01 17:30:00,3.9698334654581493,4.0889284694218935
TX_4,2012-06-01 18:00:00,6.199081165363737,6.38505360032465
TX_4,2012-06-01 18:30:00,7.686721551831293,7.917323198386232
TX_4,2012-06-01 19:00:00,4.275985994116599,4.404265573940097
TX_4,2012-06-01 19:30:00,5.273151694464506,5.431346245298442
TX_4,2012-06-01 20:00:00,4.54178604752129,4.678039628946929
TX_4,2012-06-01 20:30:00,4.960843652787109,5.109668962370723
TX_4,2012-06-01 21:00:00,4.8816931092866165,5.0281439025652155
TX_4,2012-06-01 21:30:00,5.1723709617380225,5.327542090590163
TX_4,2012-06-01 22:00:00,4.054300861165391,4.175929887000353
TX_4,2012-06-01 22:30:00,4.101363288863031,4.224404187528922
TX_4,2012-06-01 23:00:00,3.5748548646848706,3.6821005106254168
TX_4,2012-06-01 23:30:00,3.3930130480845517,3.494803439527088
TX_4,2012-06-02 00:00:00,3.0413970844884037,3.132638997023056
TX_4,2012-06-02 00:30:00,2.5430658450815735,2.6193578204340207
TX_4,2012-06-02 01:00:00,2.63841422021972,2.7175666468263113
TX_4,2012-06-02 01:30:00,2.5666654556855564,2.643665419356123
TX_4,2012-06-02 02:00:00,2.4968048433953913,2.571708988697253
TX_4,2012-06-02 02:30:00,2.4273318551689016,2.5001518108239686
TX_4,2012-06-02 03:00:00,2.222871417497622,2.2895575600225504
TX_4,2012-06-02 03:30:00,2.455975541516036,2.529654807761517
TX_4,2012-06-02 04:00:00,2.472466573095388,2.5466405702882495
TX_4,2012-06-02 04:30:00,2.9012123733211364,2.9882487445207704
TX_4,2012-06-02 05:00:00,2.4775777552587126,2.551905087916474
TX_4,2012-06-02 05:30:00,2.708280993499186,2.7895294233041614
TX_4,2012-06-02 06:00:00,3.413624924545158,3.516033672281513
TX_4,2012-06-02 06:30:00,3.689200043834801,3.7998760451498454
TX_4,2012-06-02 07:00:00,6.471879018173962,6.666035388719181
TX_4,2012-06-02 07:30:00,2.898657485786036,2.9856172103596172
TX_4,2012-06-02 08:00:00,2.317406243088578,2.3869284303812353
TX_4,2012-06-02 08:30:00,3.520414453824195,3.6260268874389205
TX_4,2012-06-02 09:00:00,4.1052551925238365,4.228412848299552
TX_4,2012-06-02 09:30:00,4.020944778123391,4.1415731214670926
TX_4,2012-06-02 10:00:00,3.744139669580711,3.8564638596681324
TX_4,2012-06-02 10:30:00,3.8530696011064833,3.9686616891396778
TX_4,2012-06-02 11:00:00,3.2942907901338176,3.3931195138378323
TX_4,2012-06-02 11:30:00,4.148354091540419,4.2728047142866314
TX_4,2012-06-02 12:00:00,7.0697255534257115,7.281817320028483
TX_4,2012-06-02 12:30:00,4.964853998923454,5.113799618891158
TX_4,2012-06-02 13:00:00,6.005821997144958,6.185996657059307
TX_4,2012-06-02 13:30:00,3.2527820627397577,3.3503655246219504
TX_4,2012-06-02 14:00:00,2.880589586301239,2.9670072738902764
TX_4,2012-06-02 14:30:00,2.732373643414655,2.8143448527170944
TX_4,2012-06-02 15:00:00,2.707940246090568,2.7891784534732853
TX_4,2012-06-02 15:30:00,2.7272576944846696,2.8090754253192096
TX_4,2012-06-02 16:00:00,3.0078109978442056,3.098045327779532
TX_4,2012-06-02 16:30:00,2.9154691602898626,3.0029332350985585
TX_4,2012-06-02 17:00:00,2.846529217716906,2.931925094248413
TX_4,2012-06-02 17:30:00,3.1717575614335995,3.2669102882766077
TX_4,2012-06-02 18:00:00,3.1232003741624164,3.216896385387289
TX_4,2012-06-02 18:30:00,3.498354483586195,3.603305118093781
TX_4,2012-06-02 19:00:00,3.93725194593741,4.055369504315532
TX_4,2012-06-02 19:30:00,2.8828626263038926,2.9693485050930093
TX_4,2012-06-02 20:00:00,3.2371939186111547,3.3343097361694896
TX_4,2012-06-02 20:30:00,3.3914532366577266,3.4931968337574584
TX_4,2012-06-02 21:00:00,3.7655758535221513,3.878543129127816
TX_4,2012-06-02 21:30:00,3.444966207816724,3.5483151940512254
TX_4,2012-06-02 22:00:00,4.142726729198816,4.26700853107478
TX_4,2012-06-02 22:30:00,3.496315019939253,3.601204470537431
TX_4,2012-06-02 23:00:00,3.2555362662064993,3.3532023541926943
TX_4,2012-06-02 23:30:00,2.864980366781565,2.9509297777850123
TX_4,2012-06-03 00:00:00,2.634348320149326,2.7133787697538057
TX_4,2012-06-03 00:30:00,2.8004107349750047,2.884423057024255
TX_4,2012-06-03 01:00:00,2.5250774797161473,2.6008298041076316
TX_4,2012-06-03 01:30:00,2.324851677781125,2.3945972281145584
TX_4,2012-06-03 02:00:00,2.200349987306423,2.2663604869256155
TX_4,2012-06-03 02:30:00,2.0120227626013536,2.072383445479394
TX_4,2012-06-03 03:00:00,2.14219113168457,2.206456865635107
TX_4,2012-06-03 03:30:00,2.0110934834637186,2.0714262879676304
TX_4,2012-06-03 04:00:00,1.9689580688011794,2.0280268108652146
TX_4,2012-06-03 04:30:00,1.7675603995245257,1.8205872115102615
TX_4,2012-06-03 05:00:00,2.0818323989799894,2.1442873709493893
TX_4,2012-06-03 05:30:00,2.6402922319422313,2.7195009989004983
TX_4,2012-06-03 06:00:00,3.0858152333837476,3.17838969038526
TX_4,2012-06-03 06:30:00,3.1127395259631823,3.2061217117420777
TX_4,2012-06-03 07:00:00,2.51562655655458,2.5910953532512173
TX_4,2012-06-03 07:30:00,2.606759920786694,2.684962718410295
TX_4,2012-06-03 08:00:00,3.579784399856765,3.6871779318524682
TX_4,2012-06-03 08:30:00,2.6847208970487477,2.76526252396021
TX_4,2012-06-03 09:00:00,4.036131769776118,4.1572157228694016
TX_4,2012-06-03 09:30:00,4.912622156356008,5.060000821046688
TX_4,2012-06-03 10:00:00,5.197239019340733,5.353156189920956
TX_4,2012-06-03 10:30:00,5.000238768752156,5.1502459318147205
TX_4,2012-06-03 11:00:00,5.020694513361962,5.17131534876282
TX_4,2012-06-03 11:30:00,4.052148207234626,4.173712653451664
TX_4,2012-06-03 12:00:00,7.334910588941971,7.5549579066102295
TX_4,2012-06-03 12:30:00,3.380406689232892,3.4818188899098788
TX_4,2012-06-03 13:00:00,3.4231305875822193,3.525824505209686
TX_4,2012-06-03 13:30:00,3.6038862956867863,3.71200288455739
TX_4,2012-06-03 14:00:00,4.606573093117492,4.7447702859110175
TX_4,2012-06-03 14:30:00,4.97546689401779,5.124730900838324
TX_4,2012-06-03 15:00:00,4.928153016166388,5.07599760665138
TX_4,2012-06-03 15:30:00,3.5481697394542073,3.6546148316378337
TX_4,2012-06-03 16:00:00,5.543832358423334,5.710147329176034
TX_4,2012-06-03 16:30:00,6.777164743028549,6.9804796853194055
TX_4,2012-06-03 17:00:00,4.421467596690504,4.554111624591219
TX_4,2012-06-03 17:30:00,6.443913697017679,6.63723110792821
TX_4,2012-06-03 18:00:00,7.622483522883678,7.851158028570188
TX_4,2012-06-03 18:30:00,5.224451279034396,5.381184817405428
TX_4,2012-06-03 19:00:00,3.800660541534557,3.9146803577805938
TX_4,2012-06-03 19:30:00,4.167660469216106,4.292690283292589
TX_4,2012-06-03 20:00:00,3.5753228302965576,3.6825825152054543
TX_4,2012-06-03 20:30:00,3.335173948267953,3.4352291667159918
TX_4,2012-06-03 21:00:00,4.243579268781322,4.370886646844762
TX_4,2012-06-03 21:30:00,3.743591519414134,3.855899264996558
TX_4,2012-06-03 22:00:00,3.4367795290458854,3.539882914917262
TX_4,2012-06-03 22:30:00,2.922382606465798,3.010054084659772
TX_4,2012-06-03 23:00:00,2.8248198028394347,2.9095643969246177
TX_4,2012-06-03 23:30:00,2.449397700158797,2.522879631163561
TX_4,2012-06-04 00:00:00,2.711324644568052,2.7926643839050938
TX_4,2012-06-04 00:30:00,2.4690721122085426,2.543144275574799
TX_4,2012-06-04 01:00:00,1.9896450423004153,2.0493343935694277
TX_4,2012-06-04 01:30:00,2.2480038932650572,2.315444010063009
TX_4,2012-06-04 02:00:00,1.934171295977598,1.992196434856926
TX_4,2012-06-04 02:30:00,2.3082548472528357,2.3775024926704207
TX_4,2012-06-04 03:00:00,1.7622875091969572,1.815156134472866
TX_4,2012-06-04 03:30:00,2.0461156855909466,2.107499156158675
TX_4,2012-06-04 04:00:00,1.753529259539193,1.8061351373253687
TX_4,2012-06-04 04:30:00,2.080718976963975,2.1431405462728943
TX_4,2012-06-04 05:00:00,1.8532772866821363,1.9088756052826004
TX_4,2012-06-04 05:30:00,2.2534759275478415,2.321080205374277
TX_4,2012-06-04 06:00:00,2.598210660602124,2.676156980420188
TX_4,2012-06-04 06:30:00,4.797442674783868,4.9413659550273845
TX_4,2012-06-04 07:00:00,2.953802034950552,3.0424160959990685
TX_4,2012-06-04 07:30:00,2.9843919472107703,3.0739237056270934
TX_4,2012-06-04 08:00:00,3.199698882605664,3.2956898490838338
TX_4,2012-06-04 08:30:00,3.389721579106458,3.491413226479652
TX_4,2012-06-04 09:00:00,4.772435996609687,4.915609076507978
TX_4,2012-06-04 09:30:00,3.469430619436016,3.5735135380190965
TX_4,2012-06-04 10:00:00,5.648846049541335,5.818311431027576
TX_4,2012-06-04 10:30:00,4.56280817292874,4.699692418116602
TX_4,2012-06-04 11:00:00,6.349568661290648,6.5400557211293675
TX_4,2012-06-04 11:30:00,5.801570539425552,5.9756176556083185
TX_4,2012-06-04 12:00:00,5.119574240282683,5.273161467491163
TX_4,2012-06-04 12:30:00,4.601209438888177,4.7392457220548225
TX_4,2012-06-04 13:00:00,5.446447410711316,5.6098408330326555
TX_4,2012-06-04 13:30:00,5.034672645362673,5.185712824723553
TX_4,2012-06-04 14:00:00,4.982864859232876,5.132350805009863
TX_4,2012-06-04 14:30:00,3.9224516836645855,4.040125234174523
TX_4,2012-06-04 15:00:00,4.514966067621229,4.650415049649866
TX_4,2012-06-04 15:30:00,4.917750633821387,5.065283152836029
TX_4,2012-06-04 16:00:00,5.489868344659841,5.654564394999636
TX_4,2012-06-04 16:30:00,5.011205094857956,5.161541247703695
TX_4,2012-06-04 17:00:00,4.70602904767042,4.847209919100532
TX_4,2012-06-04 17:30:00,5.007407892132476,5.15763012889645
TX_4,2012-06-04 18:00:00,5.3666727070956455,5.527672888308515
TX_4,2012-06-04 18:30:00,6.2512416669011115,6.438778916908145
TX_4,2012-06-04 19:00:00,4.656549773337253,4.796246266537371
TX_4,2012-06-04 19:30:00,4.223496669957859,4.350201570056595
TX_4,2012-06-04 20:00:00,5.09012678092633,5.24283058435412
TX_4,2012-06-04 20:30:00,4.697459831321918,4.838383626261576
TX_4,2012-06-04 21:00:00,5.159303773151355,5.314082886345895
TX_4,2012-06-04 21:30:00,4.839648403209602,4.98483785530589
TX_4,2012-06-04 22:00:00,5.23363967383469,5.390648864049731
TX_4,2012-06-04 22:30:00,5.985366448209479,6.164927441655764
TX_4,2012-06-04 23:00:00,4.022394408067274,4.143066240309293
TX_4,2012-06-04 23:30:00,5.034956702740997,5.186005403823227
TX_4,2012-06-05 00:00:00,4.143162620957473,4.267457499586198
TX_4,2012-06-05 00:30:00,2.4375712664314295,2.5106984044243723
TX_4,2012-06-05 01:00:00,2.5922881510784777,2.670056795610832
TX_4,2012-06-05 01:30:00,2.5989939268687823,2.676963744674846
TX_4,2012-06-05 02:00:00,2.209075495310404,2.2753477601697165
TX_4,2012-06-05 02:30:00,2.268319177331318,2.3363687526512575
TX_4,2012-06-05 03:00:00,2.289806040866893,2.3585002220929
TX_4,2012-06-05 03:30:00,2.470129369587331,2.5442332506749508
TX_4,2012-06-05 04:00:00,2.2151738711553426,2.281629087290003
TX_4,2012-06-05 04:30:00,2.8361239237513614,2.9212076414639023
TX_4,2012-06-05 05:00:00,3.235707349704879,3.3327785701960253
TX_4,2012-06-05 05:30:00,2.5040613772332723,2.5791832185502703
TX_4,2012-06-05 06:00:00,3.3076073616053403,3.4068355824535006
TX_4,2012-06-05 06:30:00,4.060395992642415,4.182207872421688
TX_4,2012-06-05 07:00:00,4.125564036966218,4.249330958075205
TX_4,2012-06-05 07:30:00,3.8674576616740426,3.983481391524264
TX_4,2012-06-05 08:00:00,6.887954029316663,7.094592650196162
TX_4,2012-06-05 08:30:00,7.868869083622901,8.104935156131589
TX_4,2012-06-05 09:00:00,7.305154401376154,7.524309033417438
TX_4,2012-06-05 09:30:00,11.057705179605692,11.389436334993864
TX_4,2012-06-05 10:00:00,11.04088451198973,11.372111047349422
TX_4,2012-06-05 10:30:00,8.21566502908017,8.462134979952577
TX_4,2012-06-05 11:00:00,7.73311371850645,7.965107130061644
TX_4,2012-06-05 11:30:00,8.792157508952716,9.055922234221297
TX_4,2012-06-05 12:00:00,6.357797821272172,6.548531755910337
TX_4,2012-06-05 12:30:00,8.414749322389847,8.667191802061543
TX_4,2012-06-05 13:00:00,5.54387781407427,5.710194148496498
TX_4,2012-06-05 13:30:00,6.020870774429413,6.201496897662296
TX_4,2012-06-05 14:00:00,3.429317190305024,3.5321967060141746
TX_4,2012-06-05 14:30:00,4.689482513291194,4.83016698868993
TX_4,2012-06-05 15:00:00,8.099697883164135,8.34268881965906
TX_4,2012-06-05 15:30:00,4.961745485838538,5.110597850413694
TX_4,2012-06-05 16:00:00,4.50669658258367,4.64189748006118
TX_4,2012-06-05 16:30:00,4.852035399549765,4.997596461536258
TX_4,2012-06-05 17:00:00,5.493348016268398,5.65814845675645
TX_4,2012-06-05 17:30:00,5.18511394931174,5.340667367791092
TX_4,2012-06-05 18:00:00,6.424212297578709,6.61693866650607
TX_4,2012-06-05 18:30:00,6.563814524623512,6.760728960362217
TX_4,2012-06-05 19:00:00,5.686823144093203,5.857427838415999
TX_4,2012-06-05 19:30:00,4.608545324073192,4.746801683795388
TX_4,2012-06-05 20:00:00,4.3781411600188616,4.509485394819428
TX_4,2012-06-05 20:30:00,4.524259032363526,4.659986803334432
TX_4,2012-06-05 21:00:00,4.33241380854932,4.462386222805799
TX_4,2012-06-05 21:30:00,3.949905134888665,4.068402288935325
TX_4,2012-06-05 22:00:00,4.163645370440314,4.288554731553523
TX_4,2012-06-05 22:30:00,3.0044422302439115,3.094575497151229
TX_4,2012-06-05 23:00:00,3.5534167908869887,3.6600192946135985
TX_4,2012-06-05 23:30:00,3.3080372212981644,3.407278337937109
TX_4,2012-06-06 00:00:00,3.408682122353101,3.5109425860236945
TX_4,2012-06-06 00:30:00,2.287483237793436,2.3561077349272392
TX_4,2012-06-06 01:00:00,2.2855140341646236,2.3540794551895625
TX_4,2012-06-06 01:30:00,2.9552438849209377,3.043901201468566
TX_4,2012-06-06 02:00:00,2.5090273208529568,2.5842981404785457
TX_4,2012-06-06 02:30:00,2.364146102492911,2.435070485567698
TX_4,2012-06-06 03:00:00,2.2641059795876326,2.3320291589752618
TX_4,2012-06-06 03:30:00,2.420131848066748,2.4927358035087503
TX_4,2012-06-06 04:00:00,3.155941323869816,3.2506195635859108
TX_4,2012-06-06 04:30:00,3.2606134732154106,3.358431877411873
TX_4,2012-06-06 05:00:00,2.5302253976769866,2.6061321596072964
TX_4,2012-06-06 05:30:00,3.725943171257592,3.83772146639532
TX_4,2012-06-06 06:00:00,3.0295270993535217,3.1204129123341273
TX_4,2012-06-06 06:30:00,3.814827954778084,3.9292727934214264
TX_4,2012-06-06 07:00:00,4.112464568872087,4.23583850593825
TX_4,2012-06-06 07:30:00,5.758602041800308,5.931360103054318
TX_4,2012-06-06 08:00:00,3.357749347430774,3.4584818278536975
TX_4,2012-06-06 08:30:00,4.999698647000468,5.149689606410482
TX_4,2012-06-06 09:00:00,4.796328665141094,4.940218525095327
TX_4,2012-06-06 09:30:00,5.007308478799266,5.157527733163244
TX_4,2012-06-06 10:00:00,5.339296908920359,5.499475816187969
TX_4,2012-06-06 10:30:00,5.658753146742384,5.828515741144656
TX_4,2012-06-06 11:00:00,4.067450100178634,4.189473603183994
TX_4,2012-06-06 11:30:00,5.8973870995833355,6.0743087125708355
TX_4,2012-06-06 12:00:00,6.748272019541432,6.950720180127675
TX_4,2012-06-06 12:30:00,5.249604439417468,5.407092572599993
TX_4,2012-06-06 13:00:00,4.944281497097627,5.092609942010556
TX_4,2012-06-06 13:30:00,7.200855769088568,7.416881442161225
TX_4,2012-06-06 14:00:00,5.7474031320250125,5.919825225985763
TX_4,2012-06-06 14:30:00,3.4155481783362274,3.518014623686314
TX_4,2012-06-06 15:00:00,4.35718840251019,4.4879040545854965
TX_4,2012-06-06 15:30:00,6.988511628908282,7.19816697777553
TX_4,2012-06-06 16:00:00,4.649461065216578,4.788944897173076
TX_4,2012-06-06 16:30:00,3.350015722038882,3.4505161937000484
TX_4,2012-06-06 17:00:00,3.747200843359418,3.8596168686602006
TX_4,2012-06-06 17:30:00,3.7786692270437103,3.8920293038550215
TX_4,2012-06-06 18:00:00,4.488928981979035,4.623596851438406
TX_4,2012-06-06 18:30:00,3.3200563349468624,3.419658024995268
TX_4,2012-06-06 19:00:00,3.62879008293092,3.7376537854188476
TX_4,2012-06-06 19:30:00,3.770447584300774,3.8835610118297974
TX_4,2012-06-06 20:00:00,6.0339531671942765,6.214971762210105
TX_4,2012-06-06 20:30:00,6.230601388735504,6.41751943039757
TX_4,2012-06-06 21:00:00,4.856007528074363,5.001687753916594
TX_4,2012-06-06 21:30:00,5.27503652237502,5.43328761804627
TX_4,2012-06-06 22:00:00,5.031508493206662,5.182453748002862
TX_4,2012-06-06 22:30:00,3.6724999149444493,3.7826749123927828
TX_4,2012-06-06 23:00:00,2.9451823158159627,3.0335377852904415
TX_4,2012-06-06 23:30:00,2.633944952516149,2.7129633010916336
TX_4,2012-06-07 00:00:00,2.464834910130127,2.538779957434031
TX_4,2012-06-07 00:30:00,2.5573201380855064,2.6340397422280715
TX_4,2012-06-07 01:00:00,2.4649199842911362,2.5388675838198704
TX_4,2012-06-07 01:30:00,2.2977721166582543,2.366705280158002
TX_4,2012-06-07 02:00:00,2.5065392951505543,2.581735474005071
TX_4,2012-06-07 02:30:00,2.2298288073023924,2.2967236715214643
TX_4,2012-06-07 03:00:00,2.480668658879321,2.5550887186457008
TX_4,2012-06-07 03:30:00,2.3905402565186167,2.462256464214175
TX_4,2012-06-07 04:00:00,2.598282787834614,2.6762312714696526
TX_4,2012-06-07 04:30:00,3.266978800635032,3.364988164654083
TX_4,2012-06-07 05:00:00,3.0922796846707548,3.1850480752108776
TX_4,2012-06-07 05:30:00,3.281178781444239,3.379614144887566
TX_4,2012-06-07 06:00:00,2.7909653052967216,2.8746942644556235
TX_4,2012-06-07 06:30:00,3.9530362010731417,4.071627287105336
TX_4,2012-06-07 07:00:00,3.2426489195093184,3.339928387094598
TX_4,2012-06-07 07:30:00,7.421173803624218,7.643809017732945
TX_4,2012-06-07 08:00:00,4.642810965056848,4.7820952940085535
TX_4,2012-06-07 08:30:00,3.4871339274169344,3.5917479452394425
TX_4,2012-06-07 09:00:00,5.527921286162844,5.693758924747729
TX_4,2012-06-07 09:30:00,3.5489419944804137,3.6554102543148264
TX_4,2012-06-07 10:00:00,4.159297343726665,4.2840762640384655
TX_4,2012-06-07 10:30:00,3.868803025032232,3.984867115783199
TX_4,2012-06-07 11:00:00,3.4880123650827497,3.5926527360352325
TX_4,2012-06-07 11:30:00,2.854671173991586,2.9403113092113338
TX_4,2012-06-07 12:00:00,2.839086052534527,2.9242586341105627
TX_4,2012-06-07 12:30:00,4.0237223981367976,4.1444340700809015
TX_4,2012-06-07 13:00:00,5.039175210429456,5.19035046674234
TX_4,2012-06-07 13:30:00,4.150682297142687,4.275202766056968
TX_4,2012-06-07 14:00:00,3.8094707028713146,3.923754823957454
TX_4,2012-06-07 14:30:00,4.116244106632025,4.239731429830986
TX_4,2012-06-07 15:00:00,8.153383259098895,8.397984756871862
TX_4,2012-06-07 15:30:00,8.144428115978727,8.38876095945809
TX_4,2012-06-07 16:00:00,6.458786374293334,6.652549965522134
TX_4,2012-06-07 16:30:00,6.649889369042049,6.849386050113311
TX_4,2012-06-07 17:00:00,6.806258655299129,7.010446414958103
TX_4,2012-06-07 17:30:00,5.456932323106526,5.620640292799721
TX_4,2012-06-07 18:00:00,6.5812184678847805,6.778655021921324
TX_4,2012-06-07 18:30:00,8.305413590974066,8.554575998703289
TX_4,2012-06-07 19:00:00,6.791638940263364,6.995388108471265
TX_4,2012-06-07 19:30:00,5.820658333734379,5.995278083746411
TX_4,2012-06-07 20:00:00,5.194237748901001,5.350064881368031
TX_4,2012-06-07 20:30:00,5.298023957835149,5.456964676570204
TX_4,2012-06-07 21:00:00,5.587054396303,5.754666028192091
TX_4,2012-06-07 21:30:00,6.722053859586959,6.923715475374568
TX_4,2012-06-07 22:00:00,7.607160848134839,7.835375673578884
TX_4,2012-06-07 22:30:00,4.668425250441946,4.8084780079552045
TX_4,2012-06-07 23:00:00,4.241216876871583,4.368453383177731
TX_4,2012-06-07 23:30:00,3.883996281890412,4.000516170347125
TX_4,2012-06-08 00:00:00,3.0255009697217443,3.1162659988133967
TX_4,2012-06-08 00:30:00,2.4274246027913495,2.5002473408750903
TX_4,2012-06-08 01:00:00,2.9383771197252355,3.026528433316993
TX_4,2012-06-08 01:30:00,2.80712943893832,2.89134332210647
TX_4,2012-06-08 02:00:00,2.1311232954146724,2.1950569942771128
TX_4,2012-06-08 02:30:00,2.4579956298738446,2.5317354987700598
TX_4,2012-06-08 03:00:00,2.6504179640459133,2.729930502967291
TX_4,2012-06-08 03:30:00,2.2161836664692425,2.28266917646332
TX_4,2012-06-08 04:00:00,2.5628389624601433,2.639724131333948
TX_4,2012-06-08 04:30:00,4.339012051743958,4.469182413296276
TX_4,2012-06-08 05:00:00,3.713950054428922,3.8253685560617896
TX_4,2012-06-08 05:30:00,3.296184587095568,3.395070124708435
TX_4,2012-06-08 06:00:00,3.3701297159122667,3.471233607389635
TX_4,2012-06-08 06:30:00,4.2217821386893135,4.348435602849993
TX_4,2012-06-08 07:00:00,3.195117580094319,3.290971107497149
TX_4,2012-06-08 07:30:00,9.980125680161619,10.279529450566468
TX_4,2012-06-08 08:00:00,8.624650274546363,8.883389782782755
TX_4,2012-06-08 08:30:00,6.280752688813721,6.469175269478133
TX_4,2012-06-08 09:00:00,8.393961685660866,8.645780536230692
TX_4,2012-06-08 09:30:00,8.349035707953854,8.59950677919247
TX_4,2012-06-08 10:00:00,7.147128254436772,7.361542102069875
TX_4,2012-06-08 10:30:00,8.531807271924887,8.787761490082634
TX_4,2012-06-08 11:00:00,3.268971522772442,3.367040668455615
TX_4,2012-06-08 11:30:00,5.496320925975805,5.66121055375508
TX_4,2012-06-08 12:00:00,3.863589410731097,3.97949709305303
TX_4,2012-06-08 12:30:00,3.514577440670826,3.620014763890951
TX_4,2012-06-08 13:00:00,3.962512953321593,4.081388341921241
TX_4,2012-06-08 13:30:00,3.944329739440272,4.06265963162348
TX_4,2012-06-08 14:00:00,5.867965714284997,6.044004685713547
TX_4,2012-06-08 14:30:00,6.069820511427979,6.251915126770818
TX_4,2012-06-08 15:00:00,5.685117557230566,5.855671083947483
TX_4,2012-06-08 15:30:00,5.1412391156920085,5.295476289162769
TX_4,2012-06-08 16:00:00,7.638651700477492,7.867811251491817
TX_4,2012-06-08 16:30:00,8.144218935418337,8.388545503480888
TX_4,2012-06-08 17:00:00,7.032752860627811,7.243735446446646
TX_4,2012-06-08 17:30:00,7.419369068570846,7.641950140627972
TX_4,2012-06-08 18:00:00,5.776057435471414,5.949339158535557
TX_4,2012-06-08 18:30:00,5.533367836843718,5.69936887194903
TX_4,2012-06-08 19:00:00,8.096351892260582,8.3392424490284
TX_4,2012-06-08 19:30:00,6.722798427855002,6.924482380690653
TX_4,2012-06-08 20:00:00,5.890287825024706,6.0669964597754475
TX_4,2012-06-08 20:30:00,4.4663671488325,4.600358163297475
TX_4,2012-06-08 21:00:00,4.615772205944957,4.754245372123306
TX_4,2012-06-08 21:30:00,4.202696926396312,4.328777834188202
TX_4,2012-06-08 22:00:00,3.536357051075315,3.642447762607574
TX_4,2012-06-08 22:30:00,4.035306389538147,4.156365581224291
TX_4,2012-06-08 23:00:00,3.5110600822916895,3.61639188476044
TX_4,2012-06-08 23:30:00,2.807597356803791,2.8918252775079045
TX_4,2012-06-09 00:00:00,2.7079948786943158,2.7892347250551452
TX_4,2012-06-09 00:30:00,2.5720397432441042,2.6492009355414274
TX_4,2012-06-09 01:00:00,2.1012865455199567,2.1643251418855556
TX_4,2012-06-09 01:30:00,2.362099879744004,2.4329628761363242
TX_4,2012-06-09 02:00:00,2.0930050007863676,2.1557951508099586
TX_4,2012-06-09 02:30:00,2.1755323808530664,2.2407983522786585
TX_4,2012-06-09 03:00:00,2.090476958996699,2.1531912677666
TX_4,2012-06-09 03:30:00,2.205158332436497,2.2713130824095917
TX_4,2012-06-09 04:00:00,2.064749079021889,2.1266915513925455
TX_4,2012-06-09 04:30:00,2.5056710305556464,2.580841161472316
TX_4,2012-06-09 05:00:00,2.263820926013573,2.33173555379398
TX_4,2012-06-09 05:30:00,2.1249690987864103,2.188718171750003
TX_4,2012-06-09 06:00:00,3.120404271244987,3.214016399382337
TX_4,2012-06-09 06:30:00,3.603866259460065,3.711982247243867
TX_4,2012-06-09 07:00:00,3.184887595972508,3.2804342238516835
TX_4,2012-06-09 07:30:00,4.8311773591812015,4.976112679956637
TX_4,2012-06-09 08:00:00,6.491890583162202,6.686647300657068
TX_4,2012-06-09 08:30:00,3.5944672634303485,3.702301281333259
TX_4,2012-06-09 09:00:00,2.6772642506416835,2.757582178160934
TX_4,2012-06-09 09:30:00,2.8126602079150014,2.8970400141524513
TX_4,2012-06-09 10:00:00,4.303914304232114,4.433031733359077
TX_4,2012-06-09 10:30:00,3.7646434684983414,3.877582772553292
TX_4,2012-06-09 11:00:00,4.61707906363502,4.755591435544071
TX_4,2012-06-09 11:30:00,3.2195793039289047,3.316166683046772
TX_4,2012-06-09 12:00:00,3.363427255394616,3.4643300730564546
TX_4,2012-06-09 12:30:00,6.311556756027249,6.500903458708067
TX_4,2012-06-09 13:00:00,5.084351966853002,5.236882525858592
TX_4,2012-06-09 13:30:00,5.3875552368490505,5.549181893954522
TX_4,2012-06-09 14:00:00,3.97585057104465,4.09512608817599
TX_4,2012-06-09 14:30:00,3.7622359030471544,3.875102980138569
TX_4,2012-06-09 15:00:00,4.6817286982769755,4.822180559225285
TX_4,2012-06-09 15:30:00,10.368868255351243,10.67993430301178
TX_4,2012-06-09 16:00:00,8.785517307806975,9.049082827041184
TX_4,2012-06-09 16:30:00,4.678550092907721,4.818906595694953
TX_4,2012-06-09 17:00:00,6.198211064599655,6.384157396537645
TX_4,2012-06-09 17:30:00,4.7832832091085455,4.926781705381802
TX_4,2012-06-09 18:00:00,4.7554110509926,4.898073382522378
TX_4,2012-06-09 18:30:00,6.813750242712576,7.018162749993953
TX_4,2012-06-09 19:00:00,4.43377655211401,4.56678984867743
TX_4,2012-06-09 19:30:00,4.19052398689764,4.316239706504569
TX_4,2012-06-09 20:00:00,6.292627294711223,6.48140611355256
TX_4,2012-06-09 20:30:00,3.941950123121295,4.0602086268149336
TX_4,2012-06-09 21:00:00,3.7014502173284045,3.812493723848257
TX_4,2012-06-09 21:30:00,3.473972312812927,3.578191482197315
TX_4,2012-06-09 22:00:00,3.197425813335953,3.293348587736032
TX_4,2012-06-09 22:30:00,2.6118449430547495,2.690200291346392
TX_4,2012-06-09 23:00:00,2.491712392795903,2.56646376457978
TX_4,2012-06-09 23:30:00,2.4281932641372763,2.5010390620613947
TX_4,2012-06-10 00:00:00,2.456233297498431,2.529920296423384
TX_4,2012-06-10 00:30:00,2.358490902023858,2.4292456290845736
TX_4,2012-06-10 01:00:00,2.015429486847773,2.075892371453206
TX_4,2012-06-10 01:30:00,2.1799108949407513,2.245308221788974
TX_4,2012-06-10 02:00:00,2.2875815207078665,2.3562089663291026
TX_4,2012-06-10 02:30:00,2.3215523770180195,2.3911989483285603
TX_4,2012-06-10 03:00:00,2.2768517739103324,2.3451573271276427
TX_4,2012-06-10 03:30:00,2.0034384024031175,2.063541554475211
TX_4,2012-06-10 04:00:00,2.0547827567479646,2.1164262394504036
TX_4,2012-06-10 04:30:00,2.5593410875535225,2.6361213201801283
TX_4,2012-06-10 05:00:00,3.2224067136842502,3.319078915094778
TX_4,2012-06-10 05:30:00,2.803935136624022,2.8880531907227427
TX_4,2012-06-10 06:00:00,3.0898011639965905,3.1824951989164885
TX_4,2012-06-10 06:30:00,2.934564106892454,3.0226010300992274
TX_4,2012-06-10 07:00:00,2.6000940818838876,2.6780969043404044
TX_4,2012-06-10 07:30:00,6.1789256682045,6.364293438250636
TX_4,2012-06-10 08:00:00,5.27261904955697,5.430797621043679
TX_4,2012-06-10 08:30:00,2.8705356937093103,2.95665176452059
TX_4,2012-06-10 09:00:00,4.103423115720704,4.226525809192325
TX_4,2012-06-10 09:30:00,4.127138023855291,4.25095216457095
TX_4,2012-06-10 10:00:00,6.949540160400148,7.1580263652121525
TX_4,2012-06-10 10:30:00,2.9978643091107737,3.087800238384097
TX_4,2012-06-10 11:00:00,3.264923088817819,3.3628707814823535
TX_4,2012-06-10 11:30:00,4.142103181277737,4.266366276716069
TX_4,2012-06-10 12:00:00,3.4053499830539575,3.5075104825455763
TX_4,2012-06-10 12:30:00,6.663867737502854,6.86378376962794
TX_4,2012-06-10 13:00:00,7.682460295313094,7.9129341041724865
TX_4,2012-06-10 13:30:00,7.757651350731774,7.990380891253728
TX_4,2012-06-10 14:00:00,8.253841850887355,8.501457106413975
TX_4,2012-06-10 14:30:00,5.311883770007692,5.471240283107923
TX_4,2012-06-10 15:00:00,5.9166839174394354,6.094184434962619
TX_4,2012-06-10 15:30:00,5.542312147117517,5.708581511531043
TX_4,2012-06-10 16:00:00,4.624442498354139,4.763175773304763
TX_4,2012-06-10 16:30:00,3.896824119024554,4.013728842595291
TX_4,2012-06-10 17:00:00,4.034249564215427,4.155277051141891
TX_4,2012-06-10 17:30:00,4.070193477812937,4.192299282147325
TX_4,2012-06-10 18:00:00,4.340074370365079,4.470276601476031
TX_4,2012-06-10 18:30:00,8.295866881368454,8.544742887809507
TX_4,2012-06-10 19:00:00,7.289112028874689,7.5077853897409295
TX_4,2012-06-10 19:30:00,5.085838798582951,5.23841396254044
TX_4,2012-06-10 20:00:00,5.345454442115843,5.505818075379318
TX_4,2012-06-10 20:30:00,5.751582433553803,5.924129906560417
TX_4,2012-06-10 21:00:00,5.255034086664942,5.41268510926489
TX_4,2012-06-10 21:30:00,4.939327727249141,5.087507559066616
TX_4,2012-06-10 22:00:00,4.355491285918729,4.4861560244962915
TX_4,2012-06-10 22:30:00,3.3691510413140313,3.4702255725534523
TX_4,2012-06-10 23:00:00,3.288070747791217,3.386712870224954
TX_4,2012-06-10 23:30:00,2.9252976370944292,3.013056566207262
TX_4,2012-06-11 00:00:00,2.6382257437884653,2.7173725161021194
TX_4,2012-06-11 00:30:00,2.8068310736077704,2.8910360058160034
TX_4,2012-06-11 01:00:00,2.4861067703766624,2.5606899734879622
TX_4,2012-06-11 01:30:00,2.843454569139508,2.9287582062136934
TX_4,2012-06-11 02:00:00,2.4438132993959893,2.517127698377869
TX_4,2012-06-11 02:30:00,2.6330365797351063,2.7120276771271596
TX_4,2012-06-11 03:00:00,2.461936789381254,2.5357948930626915
TX_4,2012-06-11 03:30:00,2.6070770356527375,2.68528934672232
TX_4,2012-06-11 04:00:00,2.737875433003261,2.820011695993359
TX_4,2012-06-11 04:30:00,3.749575134990174,3.8620623890398793
TX_4,2012-06-11 05:00:00,2.780202872346394,2.8636089585167857
TX_4,2012-06-11 05:30:00,2.9132073948283344,3.0006036166731844
TX_4,2012-06-11 06:00:00,4.925698918176693,5.073469885721994
TX_4,2012-06-11 06:30:00,4.87199599950724,5.018155879492457
TX_4,2012-06-11 07:00:00,4.830052954147781,4.974954542772214
TX_4,2012-06-11 07:30:00,9.895178117123917,10.192033460637635
TX_4,2012-06-11 08:00:00,7.2015786042167385,7.417625962343241
TX_4,2012-06-11 08:30:00,8.293127418678187,8.541921241238533
TX_4,2012-06-11 09:00:00,8.322019900380443,8.571680497391856
TX_4,2012-06-11 09:30:00,8.173281287152165,8.41847972576673
TX_4,2012-06-11 10:00:00,10.838906885533827,11.164074092099842
TX_4,2012-06-11 10:30:00,7.679912208760369,7.91030957502318
TX_4,2012-06-11 11:00:00,9.648001754437399,9.93744180707052
TX_4,2012-06-11 11:30:00,9.52892982290216,9.814797717589226
TX_4,2012-06-11 12:00:00,9.300636850730854,9.579655956252779
TX_4,2012-06-11 12:30:00,6.446626432178931,6.640025225144299
TX_4,2012-06-11 13:00:00,5.597216327153572,5.76513281696818
TX_4,2012-06-11 13:30:00,4.705268612022903,4.84642667038359
TX_4,2012-06-11 14:00:00,5.2152727466679245,5.3717309290679625
TX_4,2012-06-11 14:30:00,5.4732151316794395,5.637411585629823
TX_4,2012-06-11 15:00:00,8.48162925549157,8.736078133156319
TX_4,2012-06-11 15:30:00,6.810088249416386,7.0143908968988775
TX_4,2012-06-11 16:00:00,4.738959447964411,4.881128231403343
TX_4,2012-06-11 16:30:00,6.901607600174022,7.108655828179243
TX_4,2012-06-11 17:00:00,7.344540474661935,7.564876688901793
TX_4,2012-06-11 17:30:00,4.903544253360679,5.050650580961499
TX_4,2012-06-11 18:00:00,5.241334785730066,5.398574829301968
TX_4,2012-06-11 18:30:00,5.059755088752994,5.211547741415584
TX_4,2012-06-11 19:00:00,5.868197786701495,6.04424372030254
TX_4,2012-06-11 19:30:00,6.512865975241901,6.708251954499159
TX_4,2012-06-11 20:00:00,5.63338597000267,5.80238754910275
TX_4,2012-06-11 20:30:00,6.21473248594701,6.401174460525421
TX_4,2012-06-11 21:00:00,6.071290331825125,6.253429041779879
TX_4,2012-06-11 21:30:00,4.572507859728369,4.70968309552022
TX_4,2012-06-11 22:00:00,4.338528652646766,4.46868451222617
TX_4,2012-06-11 22:30:00,4.094393340538962,4.21722514075513
TX_4,2012-06-11 23:00:00,3.8085260897649684,3.9227818724579175
TX_4,2012-06-11 23:30:00,3.1403580957345025,3.234568838606538
TX_4,2012-06-12 00:00:00,3.1850186023276352,3.2805691603974645
TX_4,2012-06-12 00:30:00,3.212441335061694,3.308814575113545
TX_4,2012-06-12 01:00:00,3.2967575892383474,3.3956603169154977
TX_4,2012-06-12 01:30:00,3.1258430920515727,3.21961838481312
TX_4,2012-06-12 02:00:00,3.2831502478738637,3.3816447553100795
TX_4,2012-06-12 02:30:00,3.2165517292851966,3.3130482811637525
TX_4,2012-06-12 03:00:00,2.97058030898702,3.0596977182566305
TX_4,2012-06-12 03:30:00,3.3075099129199867,3.4067352103075863
TX_4,2012-06-12 04:00:00,3.173917339016252,3.2691348591867393
TX_4,2012-06-12 04:30:00,4.617321372167831,4.755841013332867
TX_4,2012-06-12 05:00:00,4.2490347251585865,4.376505766913344
TX_4,2012-06-12 05:30:00,4.027484078175982,4.148308600521262
TX_4,2012-06-12 06:00:00,6.786578410255213,6.9901757625628695
TX_4,2012-06-12 06:30:00,6.128527217609725,6.3123830341380165
TX_4,2012-06-12 07:00:00,4.926738808254603,5.074540972502241
TX_4,2012-06-12 07:30:00,8.992623316358374,9.262402015849126
TX_4,2012-06-12 08:00:00,5.689593387733897,5.860281189365914
TX_4,2012-06-12 08:30:00,6.841071118584562,7.046303252142099
TX_4,2012-06-12 09:00:00,6.622682682700484,6.821363163181498
TX_4,2012-06-12 09:30:00,4.316242647671877,4.445729927102033
TX_4,2012-06-12 10:00:00,3.976082602919242,4.095365081006819
TX_4,2012-06-12 10:30:00,4.532946200744018,4.668934586766339
TX_4,2012-06-12 11:00:00,5.564943559971277,5.7318918667704155
TX_4,2012-06-12 11:30:00,5.2899716796767375,5.44867083006704
TX_4,2012-06-12 12:00:00,3.910000397419684,4.027300409342274
TX_4,2012-06-12 12:30:00,4.462909134081445,4.596796408103889
TX_4,2012-06-12 13:00:00,5.245849547391482,5.403225033813227
TX_4,2012-06-12 13:30:00,4.77621124662221,4.919497584020876
TX_4,2012-06-12 14:00:00,3.6795710638216916,3.7899581957363426
TX_4,2012-06-12 14:30:00,5.2951103592172055,5.453963669993722
TX_4,2012-06-12 15:00:00,5.3518195481192175,5.512374134562794
TX_4,2012-06-12 15:30:00,7.814303846536313,8.048732961932403
TX_4,2012-06-12 16:00:00,7.640963323436425,7.870192223139519
TX_4,2012-06-12 16:30:00,5.639424607487541,5.808607345712168
TX_4,2012-06-12 17:00:00,6.840381733388527,7.0455931853901825
TX_4,2012-06-12 17:30:00,4.075016644158258,4.197267143483006
TX_4,2012-06-12 18:00:00,4.236032595945672,4.363113573824043
TX_4,2012-06-12 18:30:00,5.985847532968642,6.165422958957702
TX_4,2012-06-12 19:00:00,7.020324024303791,7.230933745032905
TX_4,2012-06-12 19:30:00,4.206227664873677,4.332414494819887
TX_4,2012-06-12 20:00:00,5.143329814609526,5.297629709047812
TX_4,2012-06-12 20:30:00,5.901789520671136,6.07884320629127
TX_4,2012-06-12 21:00:00,5.706529066052502,5.877724938034077
TX_4,2012-06-12 21:30:00,5.2629763875466065,5.420865679173005
TX_4,2012-06-12 22:00:00,5.051317200107317,5.202856716110537
TX_4,2012-06-12 22:30:00,4.983267522565398,5.13276554824236
TX_4,2012-06-12 23:00:00,4.237844315406911,4.364979644869119
TX_4,2012-06-12 23:30:00,3.6122467356773695,3.720614137747691
TX_4,2012-06-13 00:00:00,3.3396731202767973,3.4398633138851014
TX_4,2012-06-13 00:30:00,2.726406958954219,2.8081991677228455
TX_4,2012-06-13 01:00:00,2.812130105911391,2.896494009088733
TX_4,2012-06-13 01:30:00,2.674788362152739,2.755032013017321
TX_4,2012-06-13 02:00:00,2.537773497299715,2.6139067022187064
TX_4,2012-06-13 02:30:00,2.6934764959823756,2.7742807908618468
TX_4,2012-06-13 03:00:00,2.687790602046106,2.7684243201074894
TX_4,2012-06-13 03:30:00,2.888861510320695,2.975527355630316
TX_4,2012-06-13 04:00:00,2.9702057284008854,3.059311900252912
TX_4,2012-06-13 04:30:00,2.93284992878957,3.0208354266532575
TX_4,2012-06-13 05:00:00,2.477018439817586,2.5513289930121137
TX_4,2012-06-13 05:30:00,2.835586985981224,2.9206545955606606
TX_4,2012-06-13 06:00:00,3.023106906323687,3.1138001135133977
TX_4,2012-06-13 06:30:00,3.1298175429356387,3.223712069223708
TX_4,2012-06-13 07:00:00,6.679194185160286,6.879570010715095
TX_4,2012-06-13 07:30:00,3.734516046245605,3.846551527632973
TX_4,2012-06-13 08:00:00,3.8578139955342836,3.973548415400312
TX_4,2012-06-13 08:30:00,3.1715620878298725,3.2667089504647686
TX_4,2012-06-13 09:00:00,4.141285733255647,4.265524305253317
TX_4,2012-06-13 09:30:00,3.161805754887353,3.2566599275339736
TX_4,2012-06-13 10:00:00,3.109613271417007,3.2029016695595174
TX_4,2012-06-13 10:30:00,3.0964457274664925,3.1893390992904873
TX_4,2012-06-13 11:00:00,2.9677384223561942,3.05677057502688
TX_4,2012-06-13 11:30:00,3.7133020765975226,3.8247011388954486
TX_4,2012-06-13 12:00:00,3.3219563704448007,3.421615061558145
TX_4,2012-06-13 12:30:00,4.427181322573736,4.559996762250948
TX_4,2012-06-13 13:00:00,3.2401821851367947,3.3373876506908986
TX_4,2012-06-13 13:30:00,3.259364166667223,3.3571450916672396
TX_4,2012-06-13 14:00:00,3.8538702950465225,3.969486403897918
TX_4,2012-06-13 14:30:00,3.079568806350512,3.1719558705410273
TX_4,2012-06-13 15:00:00,4.44009045232668,4.57329316589648
TX_4,2012-06-13 15:30:00,7.68833096245343,7.918980891327034
TX_4,2012-06-13 16:00:00,6.243106182767274,6.430399368250293
TX_4,2012-06-13 16:30:00,4.144152417158182,4.268476989672927
TX_4,2012-06-13 17:00:00,4.463663758528967,4.597573671284836
TX_4,2012-06-13 17:30:00,4.46633984844086,4.600330043894086
TX_4,2012-06-13 18:00:00,4.7380563879659965,4.880198079604977
TX_4,2012-06-13 18:30:00,5.401394731160422,5.563436573095235
TX_4,2012-06-13 19:00:00,5.702261205333741,5.873329041493753
TX_4,2012-06-13 19:30:00,5.228250683265723,5.385098203763695
TX_4,2012-06-13 20:00:00,5.3077949885226134,5.467028838178292
TX_4,2012-06-13 20:30:00,4.519786592953591,4.655380190742199
TX_4,2012-06-13 21:00:00,4.261640733894215,4.389489955911041
TX_4,2012-06-13 21:30:00,4.251265283218355,4.378803241714905
TX_4,2012-06-13 22:00:00,4.833328473979252,4.9783283281986295
TX_4,2012-06-13 22:30:00,4.014057386258437,4.13447910784619
TX_4,2012-06-13 23:00:00,5.75959918462525,5.932387160164008
TX_4,2012-06-13 23:30:00,4.0211178522679605,4.141751387835999
TX_4,2012-06-14 00:00:00,2.9828364708744366,3.07232156500067
TX_4,2012-06-14 00:30:00,2.3579967625085168,2.4287366653837723
TX_4,2012-06-14 01:00:00,2.1548469116613083,2.2194923190111475
TX_4,2012-06-14 01:30:00,2.1621627653110216,2.227027648270352
TX_4,2012-06-14 02:00:00,2.098358148852655,2.1613088933182345
TX_4,2012-06-14 02:30:00,2.015275707234115,2.075733978451139
TX_4,2012-06-14 03:00:00,1.9950963168431475,2.054949206348442
TX_4,2012-06-14 03:30:00,2.1803959775113406,2.245807856836681
TX_4,2012-06-14 04:00:00,1.978136506614227,2.037480601812654
TX_4,2012-06-14 04:30:00,2.3349738814125893,2.405023097854967
TX_4,2012-06-14 05:00:00,1.9637803590666312,2.02269376983863
TX_4,2012-06-14 05:30:00,2.9556696506332365,3.0443397401522336
TX_4,2012-06-14 06:00:00,3.1549279683874856,3.2495758074391103
TX_4,2012-06-14 06:30:00,3.530402219725865,3.636314286317641
TX_4,2012-06-14 07:00:00,4.35158045966628,4.482127873456269
TX_4,2012-06-14 07:30:00,9.955398912740735,10.254060880122957
TX_4,2012-06-14 08:00:00,5.944563466034519,6.122900370015555
TX_4,2012-06-14 08:30:00,4.028635944659456,4.14949502299924
TX_4,2012-06-14 09:00:00,3.915211370976315,4.032667712105605
TX_4,2012-06-14 09:30:00,3.147426329285977,3.241849119164556
TX_4,2012-06-14 10:00:00,3.9132808937070593,4.030679320518272
TX_4,2012-06-14 10:30:00,3.6014128234279155,3.7094552081307532
TX_4,2012-06-14 11:00:00,3.6475600508550174,3.756986852380668
TX_4,2012-06-14 11:30:00,2.788873949095583,2.8725401675684505
TX_4,2012-06-14 12:00:00,3.1999358010052847,3.2959338750354434
TX_4,2012-06-14 12:30:00,4.061870737423376,4.183726859546077
TX_4,2012-06-14 13:00:00,2.568150621003662,2.645195139633772
TX_4,2012-06-14 13:30:00,2.555519566293139,2.632185153281933
TX_4,2012-06-14 14:00:00,2.474103343512269,2.5483264438176367
TX_4,2012-06-14 14:30:00,4.0237279118948726,4.144439749251719
TX_4,2012-06-14 15:00:00,5.611236849012232,5.779573954482599
TX_4,2012-06-14 15:30:00,8.1823005299262,8.427769545823987
TX_4,2012-06-14 16:00:00,4.909256892640502,5.0565345994197175
TX_4,2012-06-14 16:30:00,4.60641876642541,4.744611329418173
TX_4,2012-06-14 17:00:00,5.89344675063801,6.070250153157151
TX_4,2012-06-14 17:30:00,8.21613438401698,8.46261841553749
TX_4,2012-06-14 18:00:00,8.875774112077679,9.14204733544001
TX_4,2012-06-14 18:30:00,7.3957376306072575,7.617609759525475
TX_4,2012-06-14 19:00:00,6.704049447028203,6.905170930439049
TX_4,2012-06-14 19:30:00,7.496945542572813,7.721853908849997
TX_4,2012-06-14 20:00:00,5.7167306896404,5.888232610329612
TX_4,2012-06-14 20:30:00,5.019628371204449,5.170217222340583
TX_4,2012-06-14 21:00:00,4.556061105097585,4.692742938250513
TX_4,2012-06-14 21:30:00,5.27150900504322,5.429654275194517
TX_4,2012-06-14 22:00:00,4.362216081124398,4.49308256355813
TX_4,2012-06-14 22:30:00,3.910203411095603,4.0275095134284715
TX_4,2012-06-14 23:00:00,3.2043887096456034,3.3005203709349717
TX_4,2012-06-14 23:30:00,3.5700003045267006,3.6771003136625016
TX_4,2012-06-15 00:00:00,2.654801227865276,2.7344452647012343
TX_4,2012-06-15 00:30:00,2.7178942289661476,2.7994310558351323
TX_4,2012-06-15 01:00:00,2.2607752238356627,2.3285984805507325
TX_4,2012-06-15 01:30:00,2.3620650411831208,2.4329269924186145
TX_4,2012-06-15 02:00:00,2.0700757802408507,2.1321780536480763
TX_4,2012-06-15 02:30:00,2.1871158897810554,2.252729366474487
TX_4,2012-06-15 03:00:00,2.027565924700714,2.0883929024417354
TX_4,2012-06-15 03:30:00,2.292042956768794,2.360804245471858
TX_4,2012-06-15 04:00:00,2.146740648668107,2.2111428681281504
TX_4,2012-06-15 04:30:00,3.494551271193303,3.599387809329102
TX_4,2012-06-15 05:00:00,4.43130355343369,4.564242660036701
TX_4,2012-06-15 05:30:00,3.1931914135853794,3.288987155992941
TX_4,2012-06-15 06:00:00,3.8889820785489606,4.005651540905429
TX_4,2012-06-15 06:30:00,3.5750021207790055,3.6822521844023757
TX_4,2012-06-15 07:00:00,4.290830705001763,4.4195556261518165
TX_4,2012-06-15 07:30:00,7.041385103537266,7.252626656643384
TX_4,2012-06-15 08:00:00,5.523402802565279,5.689104886642237
TX_4,2012-06-15 08:30:00,3.900033347492099,4.017034347916862
TX_4,2012-06-15 09:00:00,5.714827690749324,5.886272521471804
TX_4,2012-06-15 09:30:00,6.687063732059683,6.887675644021474
TX_4,2012-06-15 10:00:00,8.500730861893668,8.75575278775048
TX_4,2012-06-15 10:30:00,7.829820369981561,8.064714981081007
TX_4,2012-06-15 11:00:00,6.135917724684414,6.319995256424947
TX_4,2012-06-15 11:30:00,4.345018375491897,4.475368926756654
TX_4,2012-06-15 12:00:00,5.212210918025613,5.368577245566382
TX_4,2012-06-15 12:30:00,7.065682947935092,7.277653436373145
TX_4,2012-06-15 13:00:00,6.858973752105651,7.064742964668821
TX_4,2012-06-15 13:30:00,3.436109286793917,3.5391925653977347
TX_4,2012-06-15 14:00:00,3.301241584710314,3.4002788322516238
TX_4,2012-06-15 14:30:00,5.157967481844408,5.31270650629974
TX_4,2012-06-15 15:00:00,7.201075891646937,7.417108168396346
TX_4,2012-06-15 15:30:00,5.886053464691126,6.0626350686318595
TX_4,2012-06-15 16:00:00,5.341382461582862,5.501623935430348
TX_4,2012-06-15 16:30:00,5.708788923503377,5.880052591208479
TX_4,2012-06-15 17:00:00,5.142497217115901,5.2967721336293785
TX_4,2012-06-15 17:30:00,5.041637765973282,5.19288689895248
TX_4,2012-06-15 18:00:00,5.063190509671946,5.215086224962104
TX_4,2012-06-15 18:30:00,5.381211108677285,5.542647441937604
TX_4,2012-06-15 19:00:00,5.038091142390531,5.1892338766622474
TX_4,2012-06-15 19:30:00,4.906506196419814,5.053701382312409
TX_4,2012-06-15 20:00:00,5.333471702596502,5.493475853674397
TX_4,2012-06-15 20:30:00,4.580099551989029,4.7175025385487
TX_4,2012-06-15 21:00:00,4.456555777228194,4.59025245054504
TX_4,2012-06-15 21:30:00,5.995978649326063,6.175858008805845
TX_4,2012-06-15 22:00:00,4.900641999655523,5.047661259645189
TX_4,2012-06-15 22:30:00,3.502188893225315,3.6072545600220742
TX_4,2012-06-15 23:00:00,4.585453441406112,4.723017044648295
TX_4,2012-06-15 23:30:00,2.6995080208967908,2.7804932615236946
TX_4,2012-06-16 00:00:00,2.3773911518103543,2.448712886364665
TX_4,2012-06-16 00:30:00,2.0440559881537514,2.105377667798364
TX_4,2012-06-16 01:00:00,2.126291897229601,2.190080654146489
TX_4,2012-06-16 01:30:00,2.1590207796553504,2.223791403045011
TX_4,2012-06-16 02:00:00,2.1833642325698346,2.24886515954693
TX_4,2012-06-16 02:30:00,1.842198290649641,1.8974642393691303
TX_4,2012-06-16 03:00:00,2.0321212325691382,2.0930848695462125
TX_4,2012-06-16 03:30:00,2.00038224768446,2.060393715114994
TX_4,2012-06-16 04:00:00,1.9822525924143681,2.041720170186799
TX_4,2012-06-16 04:30:00,2.496058044804123,2.570939786148247
TX_4,2012-06-16 05:00:00,2.361092335332532,2.431925105392508
TX_4,2012-06-16 05:30:00,2.172951005124341,2.238139535278071
TX_4,2012-06-16 06:00:00,3.376540569701522,3.4778367867925675
TX_4,2012-06-16 06:30:00,3.5170615321635315,3.6225733781284375
TX_4,2012-06-16 07:00:00,3.217353796789603,3.313874410693291
TX_4,2012-06-16 07:30:00,7.6950433468449795,7.925894647250329
TX_4,2012-06-16 08:00:00,4.666072539443969,4.806054715627289
TX_4,2012-06-16 08:30:00,3.0004538386640833,3.090467453824006
TX_4,2012-06-16 09:00:00,3.6069614713035945,3.7151703154427023
TX_4,2012-06-16 09:30:00,5.361862225571136,5.522718092338271
TX_4,2012-06-16 10:00:00,6.108860629562196,6.292126448449062
TX_4,2012-06-16 10:30:00,3.6379337793826316,3.747071792764111
TX_4,2012-06-16 11:00:00,4.004221366150257,4.124348007134765
TX_4,2012-06-16 11:30:00,2.6786970005462276,2.7590579105626145
TX_4,2012-06-16 12:00:00,4.116469078985566,4.239963151355133
TX_4,2012-06-16 12:30:00,4.489661914917438,4.624351772364961
TX_4,2012-06-16 13:00:00,5.027201702453702,5.178017753527313
TX_4,2012-06-16 13:30:00,3.1576947364227865,3.2524255785154703
TX_4,2012-06-16 14:00:00,2.8974812958304472,2.9844057347053607
TX_4,2012-06-16 14:30:00,3.1894222122276155,3.285104878594444
TX_4,2012-06-16 15:00:00,2.884717949062099,2.971259487533962
TX_4,2012-06-16 15:30:00,6.187945325592098,6.373583685359861
TX_4,2012-06-16 16:00:00,8.428282484444464,8.681130958977798
TX_4,2012-06-16 16:30:00,3.409077459567678,3.5113497833547083
TX_4,2012-06-16 17:00:00,5.824825296101726,5.999570054984778
TX_4,2012-06-16 17:30:00,5.368875010047814,5.529941260349249
TX_4,2012-06-16 18:00:00,4.381028147127834,4.512458991541669
TX_4,2012-06-16 18:30:00,5.511639394929467,5.676988576777351
TX_4,2012-06-16 19:00:00,5.859701238323406,6.035492275473108
TX_4,2012-06-16 19:30:00,3.9013191139190724,4.018358687336645
TX_4,2012-06-16 20:00:00,4.6838361493213805,4.824351233801022
TX_4,2012-06-16 20:30:00,3.6683442455390627,3.778394572905235
TX_4,2012-06-16 21:00:00,3.979194612409619,4.098570450781907
TX_4,2012-06-16 21:30:00,3.6757449077388404,3.786017254971006
TX_4,2012-06-16 22:00:00,3.8402728652913463,3.9554810512500866
TX_4,2012-06-16 22:30:00,2.378385493746452,2.4497370585588456
TX_4,2012-06-16 23:00:00,2.1403752928231228,2.2045865516078167
TX_4,2012-06-16 23:30:00,2.3272129025677466,2.397029289644779
TX_4,2012-06-17 00:00:00,2.5242334261159716,2.599960428899451
TX_4,2012-06-17 00:30:00,2.704138975425678,2.7852631446884484
TX_4,2012-06-17 01:00:00,2.3248504956015554,2.394596010469602
TX_4,2012-06-17 01:30:00,2.4296652731327697,2.502555231326753
TX_4,2012-06-17 02:00:00,2.7483872685533424,2.8308388866099428
TX_4,2012-06-17 02:30:00,2.425555975373587,2.4983226546347947
TX_4,2012-06-17 03:00:00,2.4481552734149754,2.5215999316174247
TX_4,2012-06-17 03:30:00,2.6711958811561276,2.7513317575908114
TX_4,2012-06-17 04:00:00,2.731687952381735,2.813638590953187
TX_4,2012-06-17 04:30:00,2.936716976390215,3.0248184856819216
TX_4,2012-06-17 05:00:00,2.742816590193734,2.825101087899546
TX_4,2012-06-17 05:30:00,2.5838911006525844,2.661407833672162
TX_4,2012-06-17 06:00:00,3.4945766308459216,3.5994139297712993
TX_4,2012-06-17 06:30:00,3.223229276780497,3.319926155083912
TX_4,2012-06-17 07:00:00,3.1718707199445255,3.267026841542861
TX_4,2012-06-17 07:30:00,7.258879892322006,7.476646289091667
TX_4,2012-06-17 08:00:00,4.915856868530682,5.063332574586602
TX_4,2012-06-17 08:30:00,7.523001347373634,7.7486913877948425
TX_4,2012-06-17 09:00:00,6.279598842125971,6.46798680738975
TX_4,2012-06-17 09:30:00,5.798891989020659,5.972858748691279
TX_4,2012-06-17 10:00:00,6.15713687553221,6.341850981798176
TX_4,2012-06-17 10:30:00,4.454546150894942,4.588182535421791
TX_4,2012-06-17 11:00:00,7.397858591514141,7.619794349259566
TX_4,2012-06-17 11:30:00,7.821866933538243,8.05652294154439
TX_4,2012-06-17 12:00:00,7.20289599860777,7.418982878566003
TX_4,2012-06-17 12:30:00,7.81798605587828,8.052525637554629
TX_4,2012-06-17 13:00:00,5.675523206151384,5.845788902335926
TX_4,2012-06-17 13:30:00,9.125959286367529,9.399738064958555
TX_4,2012-06-17 14:00:00,10.990317761933534,11.32002729479154
TX_4,2012-06-17 14:30:00,8.090447964412053,8.333161403344416
TX_4,2012-06-17 15:00:00,7.878882406896359,8.11524887910325
TX_4,2012-06-17 15:30:00,6.716283268725023,6.917771766786775
TX_4,2012-06-17 16:00:00,4.268099229687269,4.396142206577887
TX_4,2012-06-17 16:30:00,4.281880564678956,4.4103369816193245
TX_4,2012-06-17 17:00:00,4.331016181361627,4.460946666802476
TX_4,2012-06-17 17:30:00,6.28871577635339,6.477377249643992
TX_4,2012-06-17 18:00:00,8.785827895438173,9.049402732301319
TX_4,2012-06-17 18:30:00,5.314254760947561,5.473682403775988
TX_4,2012-06-17 19:00:00,6.193122628316916,6.378916307166423
TX_4,2012-06-17 19:30:00,4.472862918554485,4.60704880611112
TX_4,2012-06-17 20:00:00,4.353887944052481,4.484504582374055
TX_4,2012-06-17 20:30:00,4.839349324776166,4.984529804519451
TX_4,2012-06-17 21:00:00,5.1515816145047095,5.306129062939851
TX_4,2012-06-17 21:30:00,4.731918963946316,4.873876532864705
TX_4,2012-06-17 22:00:00,4.00240006051069,4.122472062326011
TX_4,2012-06-17 22:30:00,3.4430253301036613,3.5463160900067714
TX_4,2012-06-17 23:00:00,3.178567710471033,3.273924741785164
TX_4,2012-06-17 23:30:00,3.5159682932234504,3.621447342020154
TX_4,2012-06-18 00:00:00,2.307892510240873,2.377129285548099
TX_4,2012-06-18 00:30:00,2.3638055852611,2.4347197528189333
TX_4,2012-06-18 01:00:00,2.2065266525275127,2.2727224521033382
TX_4,2012-06-18 01:30:00,2.3121257767956735,2.381489550099544
TX_4,2012-06-18 02:00:00,2.1708287356855585,2.2359535977561253
TX_4,2012-06-18 02:30:00,2.3398668539407317,2.4100628595589537
TX_4,2012-06-18 03:00:00,2.2288937563457023,2.2957605690360734
TX_4,2012-06-18 03:30:00,2.4236165220558323,2.4963250177175076
TX_4,2012-06-18 04:00:00,2.3109482138029427,2.380276660217031
TX_4,2012-06-18 04:30:00,3.685618532226821,3.796187088193626
TX_4,2012-06-18 05:00:00,3.1597303092621067,3.25452221853997
TX_4,2012-06-18 05:30:00,3.998089316331842,4.118031995821797
TX_4,2012-06-18 06:00:00,4.407194727511081,4.539410569336414
TX_4,2012-06-18 06:30:00,5.410651942769553,5.572971501052639
TX_4,2012-06-18 07:00:00,4.988070776738902,5.137712900041069
TX_4,2012-06-18 07:30:00,7.861722140205734,8.097573804411907
TX_4,2012-06-18 08:00:00,9.73840439836834,10.03055653031939
TX_4,2012-06-18 08:30:00,7.025797679587247,7.236571609974864
TX_4,2012-06-18 09:00:00,6.740469563047612,6.942683649939041
TX_4,2012-06-18 09:30:00,10.733157848319532,11.055152583769118
TX_4,2012-06-18 10:00:00,7.336763878586767,7.55686679494437
TX_4,2012-06-18 10:30:00,7.1630456887881095,7.377937059451753
TX_4,2012-06-18 11:00:00,9.33036496293177,9.610275911819723
TX_4,2012-06-18 11:30:00,10.158484590515435,10.4632391282309
TX_4,2012-06-18 12:00:00,8.661264182532003,8.921102108007963
TX_4,2012-06-18 12:30:00,8.239113758452007,8.486287171205568
TX_4,2012-06-18 13:00:00,8.200477954725814,8.446492293367589
TX_4,2012-06-18 13:30:00,5.177826623266397,5.333161421964389
TX_4,2012-06-18 14:00:00,4.26224112134271,4.390108354982991
TX_4,2012-06-18 14:30:00,9.319208998595773,9.598785268553646
TX_4,2012-06-18 15:00:00,8.702086745054165,8.96314934740579
TX_4,2012-06-18 15:30:00,10.057685881587744,10.359416458035376
TX_4,2012-06-18 16:00:00,5.024763276868453,5.175506175174506
TX_4,2012-06-18 16:30:00,3.8680353851918494,3.984076446747605
TX_4,2012-06-18 17:00:00,7.1121048572499594,7.325468002967458
TX_4,2012-06-18 17:30:00,7.9679477680335,8.206986201074505
TX_4,2012-06-18 18:00:00,5.4088269678261245,5.571091776860908
TX_4,2012-06-18 18:30:00,5.742372507154488,5.914643682369123
TX_4,2012-06-18 19:00:00,5.891024909360998,6.067755656641828
TX_4,2012-06-18 19:30:00,5.0336982037148985,5.184709149826346
TX_4,2012-06-18 20:00:00,5.516333019087276,5.681823009659895
TX_4,2012-06-18 20:30:00,4.918132435157314,5.065676408212033
TX_4,2012-06-18 21:00:00,5.375996963700423,5.537276872611436
TX_4,2012-06-18 21:30:00,4.928048290087302,5.075889738789922
TX_4,2012-06-18 22:00:00,4.592199358022103,4.729965338762766
TX_4,2012-06-18 22:30:00,4.723987934246152,4.865707572273537
TX_4,2012-06-18 23:00:00,3.677998128084656,3.7883380719271957
TX_4,2012-06-18 23:30:00,2.8447108189080565,2.930052143475298
TX_4,2012-06-19 00:00:00,2.406552416155511,2.4787489886401763
TX_4,2012-06-19 00:30:00,2.3496213257283127,2.420109965500162
TX_4,2012-06-19 01:00:00,2.505902163129199,2.581079228023075
TX_4,2012-06-19 01:30:00,2.508874407591307,2.5841406398190463
TX_4,2012-06-19 02:00:00,2.3817209300681976,2.4531725579702437
TX_4,2012-06-19 02:30:00,2.1078220639054197,2.171056725822582
TX_4,2012-06-19 03:00:00,2.1452157273165082,2.2095721991360033
TX_4,2012-06-19 03:30:00,2.509632291751332,2.584921260503872
TX_4,2012-06-19 04:00:00,2.4229166500862367,2.4956041495888237
TX_4,2012-06-19 04:30:00,2.944493841727469,3.032828656979293
TX_4,2012-06-19 05:00:00,2.6981500352731573,2.779094536331352
TX_4,2012-06-19 05:30:00,4.749352090545822,4.891832653262197
TX_4,2012-06-19 06:00:00,5.034368779555334,5.185399842941994
TX_4,2012-06-19 06:30:00,4.619618895023313,4.7582074618740124
TX_4,2012-06-19 07:00:00,4.2759475595485075,4.404225986334962
TX_4,2012-06-19 07:30:00,6.944712094497882,7.1530534573328195
TX_4,2012-06-19 08:00:00,6.924058844510104,7.131780609845407
TX_4,2012-06-19 08:30:00,4.480514140428403,4.614929564641255
TX_4,2012-06-19 09:00:00,3.313994534188811,3.4134143702144755
TX_4,2012-06-19 09:30:00,4.853875547778732,4.999491814212094
TX_4,2012-06-19 10:00:00,4.6426624750666035,4.7819423493186015
TX_4,2012-06-19 10:30:00,3.70962061102176,3.820909229352413
TX_4,2012-06-19 11:00:00,4.397158474618848,4.529073228857414
TX_4,2012-06-19 11:30:00,3.491504338129388,3.5962494682732697
TX_4,2012-06-19 12:00:00,5.991282442110898,6.171020915374225
TX_4,2012-06-19 12:30:00,4.157486599045512,4.282211197016878
TX_4,2012-06-19 13:00:00,2.82895935212216,2.913828132685825
TX_4,2012-06-19 13:30:00,2.687925307843064,2.7685630670783556
TX_4,2012-06-19 14:00:00,4.988252522480529,5.137900098154946
TX_4,2012-06-19 14:30:00,3.864117726743996,3.980041258546316
TX_4,2012-06-19 15:00:00,7.588446137773649,7.8160995219068585
TX_4,2012-06-19 15:30:00,9.262567058789923,9.54044407055362
TX_4,2012-06-19 16:00:00,3.7864016612478895,3.8999937110853264
TX_4,2012-06-19 16:30:00,3.3002513198768284,3.399258859473133
TX_4,2012-06-19 17:00:00,3.9069453853866474,4.0241537469482465
TX_4,2012-06-19 17:30:00,3.8205372737206327,3.9351533919322517
TX_4,2012-06-19 18:00:00,5.668650162018085,5.838709666878628
TX_4,2012-06-19 18:30:00,5.271888373722278,5.430045024933946
TX_4,2012-06-19 19:00:00,4.956835547352703,5.105540613773284
TX_4,2012-06-19 19:30:00,4.521661913727728,4.65731177113956
TX_4,2012-06-19 20:00:00,4.202184499508157,4.3282500344934025
TX_4,2012-06-19 20:30:00,4.519815551417567,4.655410017960095
TX_4,2012-06-19 21:00:00,5.177246827635151,5.332564232464206
TX_4,2012-06-19 21:30:00,4.968555224411459,5.1176118811438025
TX_4,2012-06-19 22:00:00,4.78827971276805,4.931928104151091
TX_4,2012-06-19 22:30:00,3.883286171467231,3.9997847566112483
TX_4,2012-06-19 23:00:00,3.6598291125454185,3.7696239859217813
TX_4,2012-06-19 23:30:00,2.7000523222019397,2.781053891867998
TX_4,2012-06-20 00:00:00,2.6376459851836698,2.71677536473918
TX_4,2012-06-20 00:30:00,2.373681128182921,2.444891562028409
TX_4,2012-06-20 01:00:00,2.3418951165513993,2.4121519700479412
TX_4,2012-06-20 01:30:00,2.017107230953363,2.077620447881964
TX_4,2012-06-20 02:00:00,1.9973300982255016,2.0572500011722665
TX_4,2012-06-20 02:30:00,1.9526986551156424,2.0112796147691117
TX_4,2012-06-20 03:00:00,1.9219959633460286,1.9796558422464094
TX_4,2012-06-20 03:30:00,2.4205409636018507,2.4931571925099063
TX_4,2012-06-20 04:00:00,2.6493115062718546,2.7287908514600105
TX_4,2012-06-20 04:30:00,3.0793396569453964,3.171719846653758
TX_4,2012-06-20 05:00:00,2.950464933701654,3.0389788817127035
TX_4,2012-06-20 05:30:00,3.9842489612999983,4.103776430138998
TX_4,2012-06-20 06:00:00,2.7823437726318745,2.8658140858108307
TX_4,2012-06-20 06:30:00,3.2849640567377603,3.383512978439893
TX_4,2012-06-20 07:00:00,4.873083731569593,5.01927624351668
TX_4,2012-06-20 07:30:00,6.576992252558474,6.774302020135229
TX_4,2012-06-20 08:00:00,4.040927105807097,4.16215491898131
TX_4,2012-06-20 08:30:00,3.7178093273789354,3.8293436072003035
TX_4,2012-06-20 09:00:00,4.357195136282491,4.487910990370966
TX_4,2012-06-20 09:30:00,3.39132643247783,3.4930662254521647
TX_4,2012-06-20 10:00:00,4.831301925949359,4.976240983727839
TX_5,2012-05-21 10:30:00,0.2985375745155665,0.3074937017510335
TX_5,2012-05-21 11:00:00,0.228078710168266,0.23492107147331398
TX_5,2012-05-21 11:30:00,0.23806844859832552,0.2452105020562753
TX_5,2012-05-21 12:00:00,0.3750237149509675,0.3862744263994965
TX_5,2012-05-21 12:30:00,0.30674196828086886,0.31594422732929495
TX_5,2012-05-21 13:00:00,0.2144355161569047,0.22086858164161186
TX_5,2012-05-21 13:30:00,0.23931477185171862,0.24649421500727017
TX_5,2012-05-21 14:00:00,0.19141097697211268,0.19715330628127606
TX_5,2012-05-21 14:30:00,0.2340168120815871,0.2410373164440347
TX_5,2012-05-21 15:00:00,0.2867780476985101,0.29538138912946543
TX_5,2012-05-21 15:30:00,0.7975922433173954,0.8215200106169173
TX_5,2012-05-21 16:00:00,0.6159681228974712,0.6344471665843953
TX_5,2012-05-21 16:30:00,0.3953601363092063,0.4072209403984825
TX_5,2012-05-21 17:00:00,0.2303216622795296,0.23723131214791549
TX_5,2012-05-21 17:30:00,0.3862164494993515,0.39780294298433205
TX_5,2012-05-21 18:00:00,0.7999392806817428,0.8239374591021951
TX_5,2012-05-21 18:30:00,0.4324249072593058,0.445397654477085
TX_5,2012-05-21 19:00:00,0.2980725124709519,0.30701468784508046
TX_5,2012-05-21 19:30:00,0.2883510931992976,0.2970016259952765
TX_5,2012-05-21 20:00:00,0.2857322010354726,0.2943041670665368
TX_5,2012-05-21 20:30:00,0.3301371656090154,0.3400412805772859
TX_5,2012-05-21 21:00:00,0.2796416129969909,0.28803086138690065
TX_5,2012-05-21 21:30:00,0.8172531140421277,0.8417707074633916
TX_5,2012-05-21 22:00:00,0.4531256553140435,0.4667194249734648
TX_5,2012-05-21 22:30:00,0.2437859481356405,0.25109952657970974
TX_5,2012-05-21 23:00:00,0.1956614147779773,0.20153125722131662
TX_5,2012-05-21 23:30:00,0.2092009715277195,0.21547700067355108
TX_5,2012-05-22 00:00:00,0.1656973526045231,0.1706682731826588
TX_5,2012-05-22 00:30:00,0.23680543247148989,0.2439095954456346
TX_5,2012-05-22 01:00:00,0.1917645388533854,0.19751747501898698
TX_5,2012-05-22 01:30:00,0.206813713593654,0.2130181250014636
TX_5,2012-05-22 02:00:00,0.180623584545623,0.1860422920819917
TX_5,2012-05-22 02:30:00,0.19311261755579218,0.19890599608246595
TX_5,2012-05-22 03:00:00,0.1655981186007624,0.17056606215878528
TX_5,2012-05-22 03:30:00,0.2111066791325115,0.21743987950648686
TX_5,2012-05-22 04:00:00,0.1705045704686117,0.17561970758267006
TX_5,2012-05-22 04:30:00,0.1698388877176527,0.1749340543491823
TX_5,2012-05-22 05:00:00,0.1540959352717201,0.15871881332987173
TX_5,2012-05-22 05:30:00,0.1701298446918421,0.17523374003259737
TX_5,2012-05-22 06:00:00,0.1947256555722104,0.2005674252393767
TX_5,2012-05-22 06:30:00,0.18129571459370958,0.18673458603152088
TX_5,2012-05-22 07:00:00,0.4026218368734933,0.4147004919796981
TX_5,2012-05-22 07:30:00,0.3916506034797091,0.4034001215841004
TX_5,2012-05-22 08:00:00,0.4774081885816302,0.49173043423907914
TX_5,2012-05-22 08:30:00,0.5794091583877206,0.5967914331393522
TX_5,2012-05-22 09:00:00,0.38098671429674336,0.39241631572564567
TX_5,2012-05-22 09:30:00,0.213617219275138,0.22002573585339213
TX_5,2012-05-22 10:00:00,0.5586962380321069,0.5754571251730701
TX_5,2012-05-22 10:30:00,0.2798443554826067,0.28823968614708495
TX_5,2012-05-22 11:00:00,0.5860950759017288,0.6036779281787807
TX_5,2012-05-22 11:30:00,0.44504329473198273,0.45839459357394224
TX_5,2012-05-22 12:00:00,0.40280938188951243,0.4148936633461978
TX_5,2012-05-22 12:30:00,0.4538179650837465,0.4674325040362589
TX_5,2012-05-22 13:00:00,0.39886514620822117,0.4108311005944678
TX_5,2012-05-22 13:30:00,0.31497771926544893,0.3244270508434124
TX_5,2012-05-22 14:00:00,0.4034437357977303,0.4155470478716622
TX_5,2012-05-22 14:30:00,0.2933545833395182,0.30215522083970375
TX_5,2012-05-22 15:00:00,0.2755949032242737,0.28386275032100194
TX_5,2012-05-22 15:30:00,0.2232528684121276,0.22995045446449144
TX_5,2012-05-22 16:00:00,0.3049407035621612,0.31408892466902605
TX_5,2012-05-22 16:30:00,0.33285084035382473,0.34283636556443947
TX_5,2012-05-22 17:00:00,0.30277558753193967,0.31185885515789785
TX_5,2012-05-22 17:30:00,0.2877687516368095,0.29640181418591377
TX_5,2012-05-22 18:00:00,0.43307843711036803,0.44607079022367907
TX_5,2012-05-22 18:30:00,0.2774052539181881,0.2857274115357338
TX_5,2012-05-22 19:00:00,0.48105913994478866,0.49549091414313234
TX_5,2012-05-22 19:30:00,0.3243058831296235,0.3340350596235122
TX_5,2012-05-22 20:00:00,0.3667265781990632,0.3777283755450351
TX_5,2012-05-22 20:30:00,0.2459844899396864,0.253364024637877
TX_5,2012-05-22 21:00:00,0.32348296073519317,0.333187449557249
TX_5,2012-05-22 21:30:00,0.2864523837961591,0.2950459553100439
TX_5,2012-05-22 22:00:00,0.2536880329588918,0.26129867394765854
TX_5,2012-05-22 22:30:00,0.2117302823333535,0.21808219080335411
TX_5,2012-05-22 23:00:00,0.1848792556287186,0.19042563329758017
TX_5,2012-05-22 23:30:00,0.168506631822029,0.17356183077668985
TX_5,2012-05-23 00:00:00,0.1745263166716732,0.1797621061718234
TX_5,2012-05-23 00:30:00,0.1918243545183854,0.19757908515393696
TX_5,2012-05-23 01:00:00,0.2135902751677598,0.21999798342279261
TX_5,2012-05-23 01:30:00,0.18036707036740118,0.18577808247842323
TX_5,2012-05-23 02:00:00,0.2058062185790504,0.2119804051364219
TX_5,2012-05-23 02:30:00,0.2085611770736504,0.21481801238585993
TX_5,2012-05-23 03:00:00,0.19161571388434878,0.19736418530087926
TX_5,2012-05-23 03:30:00,0.22145071699084667,0.2280942385005721
TX_5,2012-05-23 04:00:00,0.1610186219495318,0.16584918060801773
TX_5,2012-05-23 04:30:00,0.19025275270125389,0.1959603352822915
TX_5,2012-05-23 05:00:00,0.1396019309428373,0.1437899888711224
TX_5,2012-05-23 05:30:00,0.1890579620189147,0.19472970087948213
TX_5,2012-05-23 06:00:00,0.2002905202519722,0.20629923585953136
TX_5,2012-05-23 06:30:00,0.2588971145486357,0.26666402798509475
TX_5,2012-05-23 07:00:00,0.2564161432846537,0.2641086275831933
TX_5,2012-05-23 07:30:00,0.2970982065995899,0.3060111527975776
TX_5,2012-05-23 08:00:00,0.5534404247080533,0.570043637449295
TX_5,2012-05-23 08:30:00,0.16687818154981848,0.17188452699631304
TX_5,2012-05-23 09:00:00,4.163675996872822,4.288586276779007
TX_5,2012-05-23 09:30:00,8.0742960428741,8.316524924160323
TX_5,2012-05-23 10:00:00,9.430163618018486,9.713068526559042
TX_5,2012-05-23 10:30:00,10.191385803514104,10.497127377619528
TX_5,2012-05-23 11:00:00,8.671305605436018,8.931444773599098
TX_5,2012-05-23 11:30:00,7.339953048825766,7.560151640290539
TX_5,2012-05-23 12:00:00,7.495996747284057,7.7208766497025785
TX_5,2012-05-23 12:30:00,7.753862033070848,7.986477894062974
TX_5,2012-05-23 13:00:00,6.23008906752526,6.416991739551017
TX_5,2012-05-23 13:30:00,6.885493225204339,7.09205802196047
TX_5,2012-05-23 14:00:00,8.362317410396983,8.613186932708892
TX_5,2012-05-23 14:30:00,7.408830309375844,7.631095218657119
TX_5,2012-05-23 15:00:00,7.979912888914595,8.219310275582034
TX_5,2012-05-23 15:30:00,10.130035894584786,10.43393697142233
TX_5,2012-05-23 16:00:00,6.86926522384582,7.075343180561195
TX_5,2012-05-23 16:30:00,8.61240390292152,8.870776020009165
TX_5,2012-05-23 17:00:00,8.801260928603007,9.065298756461097
TX_5,2012-05-23 17:30:00,11.296224226245842,11.635110953033218
TX_5,2012-05-23 18:00:00,13.30315839811193,13.70225315005529
TX_5,2012-05-23 18:30:00,11.237476243761407,11.57460053107425
TX_5,2012-05-23 19:00:00,11.217041372387827,11.553552613559463
TX_5,2012-05-23 19:30:00,11.867589082365495,12.22361675483646
TX_5,2012-05-23 20:00:00,10.139587256124521,10.443774873808257
TX_5,2012-05-23 20:30:00,10.35098375760918,10.661513270337457
TX_5,2012-05-23 21:00:00,10.034018750722508,10.335039313244183
TX_5,2012-05-23 21:30:00,11.450608730914258,11.794126992841687
TX_5,2012-05-23 22:00:00,11.243244740106144,11.580542082309329
TX_5,2012-05-23 22:30:00,9.200778634825173,9.476801993869929
TX_5,2012-05-23 23:00:00,6.812663382159373,7.0170432836241545
TX_5,2012-05-23 23:30:00,6.273629804169372,6.461838698294453
TX_5,2012-05-24 00:00:00,5.6783211950843056,5.848670830936835
TX_5,2012-05-24 00:30:00,5.665780232891511,5.835753639878257
TX_5,2012-05-24 01:00:00,5.264731664497497,5.422673614432423
TX_5,2012-05-24 01:30:00,4.871390367154109,5.017532078168732
TX_5,2012-05-24 02:00:00,5.027120309989438,5.177933919289121
TX_5,2012-05-24 02:30:00,4.511467591878826,4.646811619635191
TX_5,2012-05-24 03:00:00,5.310555217995361,5.469871874535222
TX_5,2012-05-24 03:30:00,4.437443242945282,4.57056654023364
TX_5,2012-05-24 04:00:00,5.8312608083691515,6.006198632620226
TX_5,2012-05-24 04:30:00,4.867825934538912,5.013860712575079
TX_5,2012-05-24 05:00:00,5.967435583405719,6.146458650907891
TX_5,2012-05-24 05:30:00,5.045935731155489,5.197313803090154
TX_5,2012-05-24 06:00:00,5.941644271530549,6.119893599676466
TX_5,2012-05-24 06:30:00,8.017796944750783,8.258330853093307
TX_5,2012-05-24 07:00:00,8.067865583697404,8.309901551208327
TX_5,2012-05-24 07:30:00,8.5225620443753,8.77823890570656
TX_5,2012-05-24 08:00:00,6.248512590503721,6.435967968218833
TX_5,2012-05-24 08:30:00,7.30360442466261,7.522712557402488
TX_5,2012-05-24 09:00:00,6.074004458610593,6.256224592368911
TX_5,2012-05-24 09:30:00,9.304929307671111,9.584077186901245
TX_5,2012-05-24 10:00:00,6.975323740489446,7.18458345270413
TX_5,2012-05-24 10:30:00,9.507106969125289,9.792320178199049
TX_5,2012-05-24 11:00:00,7.50251974310689,7.727595335400097
TX_5,2012-05-24 11:30:00,12.544008642374116,12.920328901645341
TX_5,2012-05-24 12:00:00,10.953666271561339,11.28227625970818
TX_5,2012-05-24 12:30:00,9.300019149719963,9.579019724211562
TX_5,2012-05-24 13:00:00,9.549028690832897,9.835499551557884
TX_5,2012-05-24 13:30:00,11.590685771517284,11.938406344662804
TX_5,2012-05-24 14:00:00,9.791545465017755,10.085291828968288
TX_5,2012-05-24 14:30:00,5.558222396055475,5.72496906793714
TX_5,2012-05-24 15:00:00,7.490905968127585,7.715633147171412
TX_5,2012-05-24 15:30:00,6.2333837227967335,6.420385234480635
TX_5,2012-05-24 16:00:00,7.436072878338437,7.65915506468859
TX_5,2012-05-24 16:30:00,7.358952759865228,7.579721342661185
TX_5,2012-05-24 17:00:00,7.394165063204398,7.615990015100531
TX_5,2012-05-24 17:30:00,7.011757727289232,7.222110459107909
TX_5,2012-05-24 18:00:00,9.907588463419025,10.204816117321595
TX_5,2012-05-24 18:30:00,9.493569911387686,9.778377008729317
TX_5,2012-05-24 19:00:00,8.854291934889053,9.119920692935725
TX_5,2012-05-24 19:30:00,9.94439274382541,10.242724526140174
TX_5,2012-05-24 20:00:00,8.219606338061585,8.466194528203433
TX_5,2012-05-24 20:30:00,9.356858559887339,9.63756431668396
TX_5,2012-05-24 21:00:00,10.516816034384384,10.832320515415915
TX_5,2012-05-24 21:30:00,12.495486435018297,12.870351028068846
TX_5,2012-05-24 22:00:00,8.726529802253486,8.988325696321091
TX_5,2012-05-24 22:30:00,9.75514169038833,10.047795941099979
TX_5,2012-05-24 23:00:00,7.409953602278898,7.632252210347265
TX_5,2012-05-24 23:30:00,6.100998320118993,6.284028269722564
TX_5,2012-05-25 00:00:00,5.076354876358031,5.228645522648772
TX_5,2012-05-25 00:30:00,4.30151086387435,4.430556189790581
TX_5,2012-05-25 01:00:00,5.184697370634769,5.3402382917538125
TX_5,2012-05-25 01:30:00,3.9348340142828118,4.052879034711296
TX_5,2012-05-25 02:00:00,5.432446355754153,5.595419746426778
TX_5,2012-05-25 02:30:00,3.7875095456829646,3.9011348320534536
TX_5,2012-05-25 03:00:00,5.061945912808185,5.213804290192431
TX_5,2012-05-25 03:30:00,4.29059045885461,4.419308172620249
TX_5,2012-05-25 04:00:00,4.645318633676293,4.784678192686582
TX_5,2012-05-25 04:30:00,5.02810939275841,5.178952674541163
TX_5,2012-05-25 05:00:00,4.685305780723808,4.825864954145522
TX_5,2012-05-25 05:30:00,5.408329843474822,5.570579738779067
TX_5,2012-05-25 06:00:00,5.323999957862916,5.4837199565988035
TX_5,2012-05-25 06:30:00,6.408098813939653,6.600341778357843
TX_5,2012-05-25 07:00:00,5.932552959869847,6.110529548665943
TX_5,2012-05-25 07:30:00,8.02707328298182,8.267885481471275
TX_5,2012-05-25 08:00:00,6.058816240197028,6.240580727402939
TX_5,2012-05-25 08:30:00,6.622918679076506,6.821606239448802
TX_5,2012-05-25 09:00:00,6.0518864928062674,6.233443087590456
TX_5,2012-05-25 09:30:00,8.092041041505514,8.334802272750679
TX_5,2012-05-25 10:00:00,8.292134038655146,8.5408980598148
TX_5,2012-05-25 10:30:00,6.8065781521204265,7.010775496684039
TX_5,2012-05-25 11:00:00,7.2715494518186965,7.489695935373257
TX_5,2012-05-25 11:30:00,9.057775866444375,9.329509142437706
TX_5,2012-05-25 12:00:00,15.836665521411629,16.31176548705398
TX_5,2012-05-25 12:30:00,11.742318240099316,12.094587787302295
TX_5,2012-05-25 13:00:00,9.280727835645108,9.559149670714461
TX_5,2012-05-25 13:30:00,8.335946786989421,8.586025190599104
TX_5,2012-05-25 14:00:00,6.922969783048517,7.1306588765399725
TX_5,2012-05-25 14:30:00,6.264946810455932,6.45289521476961
TX_5,2012-05-25 15:00:00,4.891063965908907,5.037795884886174
TX_5,2012-05-25 15:30:00,6.533475666613963,6.729479936612383
TX_5,2012-05-25 16:00:00,6.66957169069876,6.869658841419723
TX_5,2012-05-25 16:30:00,7.706573273992818,7.937770472212603
TX_5,2012-05-25 17:00:00,8.046014674611918,8.287395114850275
TX_5,2012-05-25 17:30:00,6.747548590400055,6.949975048112057
TX_5,2012-05-25 18:00:00,8.82739471364806,9.092216555057501
TX_5,2012-05-25 18:30:00,9.624987809011452,9.913737443281796
TX_5,2012-05-25 19:00:00,11.478918772201878,11.823286335367934
TX_5,2012-05-25 19:30:00,9.533455515168361,9.819459180623413
TX_5,2012-05-25 20:00:00,7.63977335171574,7.868966552267213
TX_5,2012-05-25 20:30:00,6.484817170228814,6.679361685335678
TX_5,2012-05-25 21:00:00,8.18415159181589,8.429676139570367
TX_5,2012-05-25 21:30:00,6.653018997979896,6.852609567919293
TX_5,2012-05-25 22:00:00,6.704516979675308,6.9056524890655675
TX_5,2012-05-25 22:30:00,5.20696413510115,5.363173059154184
TX_5,2012-05-25 23:00:00,5.246423678800546,5.403816389164562
TX_5,2012-05-25 23:30:00,7.642528676032661,7.8718045363136415
TX_5,2012-05-26 00:00:00,5.7286109000563705,5.900469227058061
TX_5,2012-05-26 00:30:00,5.913377734553265,6.090779066589863
TX_5,2012-05-26 01:00:00,4.851578020168096,4.997125360773139
TX_5,2012-05-26 01:30:00,5.713476560818916,5.884880857643483
TX_5,2012-05-26 02:00:00,4.237242940608606,4.364360228826865
TX_5,2012-05-26 02:30:00,5.482724914030477,5.647206661451392
TX_5,2012-05-26 03:00:00,4.6220068150478495,4.7606670194992855
TX_5,2012-05-26 03:30:00,4.867375017457642,5.013396267981371
TX_5,2012-05-26 04:00:00,4.146819248229389,4.2712238256762705
TX_5,2012-05-26 04:30:00,4.2362026595332285,4.363288739319225
TX_5,2012-05-26 05:00:00,4.882612148900327,5.029090513367336
TX_5,2012-05-26 05:30:00,4.247202513885593,4.374618589302162
TX_5,2012-05-26 06:00:00,5.2105271613136495,5.366842976153059
TX_5,2012-05-26 06:30:00,4.984754338462819,5.134296968616704
TX_5,2012-05-26 07:00:00,7.1555215757973,7.370187223071219
TX_5,2012-05-26 07:30:00,8.64798864257774,8.907428301855072
TX_5,2012-05-26 08:00:00,5.896431296235601,6.073324235122669
TX_5,2012-05-26 08:30:00,5.853378795873309,6.0289801597495085
TX_5,2012-05-26 09:00:00,7.125010980665617,7.3387613100855855
TX_5,2012-05-26 09:30:00,5.7333065347775225,5.9053057308208485
TX_5,2012-05-26 10:00:00,7.820463465057411,8.055077369009133
TX_5,2012-05-26 10:30:00,6.780393617010491,6.9838054255208055
TX_5,2012-05-26 11:00:00,6.576042055240043,6.773323316897244
TX_5,2012-05-26 11:30:00,7.0595133615180385,7.27129876236358
TX_5,2012-05-26 12:00:00,5.520044047438422,5.685645368861574
TX_5,2012-05-26 12:30:00,8.082931277232182,8.325419215549148
TX_5,2012-05-26 13:00:00,5.890492132980956,6.067206896970385
TX_5,2012-05-26 13:30:00,7.417995266806763,7.640535124810966
TX_5,2012-05-26 14:00:00,5.222581052112471,5.379258483675845
TX_5,2012-05-26 14:30:00,6.794714362030569,6.998555792891486
TX_5,2012-05-26 15:00:00,5.550755675866402,5.717278346142394
TX_5,2012-05-26 15:30:00,5.380053554650453,5.541455161289966
TX_5,2012-05-26 16:00:00,5.775076022877786,5.94832830356412
TX_5,2012-05-26 16:30:00,5.432667298186966,5.595647317132575
TX_5,2012-05-26 17:00:00,6.809155410542618,7.013430072858897
TX_5,2012-05-26 17:30:00,6.809812465270629,7.014106839228748
TX_5,2012-05-26 18:00:00,7.823811204250846,8.05852554037837
TX_5,2012-05-26 18:30:00,6.232604747327669,6.4195828897475
TX_5,2012-05-26 19:00:00,7.896537002619436,8.133433112698018
TX_5,2012-05-26 19:30:00,7.916694005093336,8.154194825246137
TX_5,2012-05-26 20:00:00,9.662327710172793,9.952197541477977
TX_5,2012-05-26 20:30:00,9.493857109887681,9.778672823184312
TX_5,2012-05-26 21:00:00,9.297685704463118,9.576616275597011
TX_5,2012-05-26 21:30:00,10.059659327923367,10.361449107761068
TX_5,2012-05-26 22:00:00,9.288967374876927,9.567636396123236
TX_5,2012-05-26 22:30:00,6.95571237307715,7.164383744269465
TX_5,2012-05-26 23:00:00,5.351446069291699,5.51198945137045
TX_5,2012-05-26 23:30:00,6.075322908005706,6.257582595245878
TX_5,2012-05-27 00:00:00,5.2278616755112495,5.384697525776587
TX_5,2012-05-27 00:30:00,5.507212218688619,5.6724285852492775
TX_5,2012-05-27 01:00:00,5.094021609435306,5.246842257718366
TX_5,2012-05-27 01:30:00,4.488770974416477,4.623434103648972
TX_5,2012-05-27 02:00:00,4.092464749197663,4.215238691673592
TX_5,2012-05-27 02:30:00,3.947044407015072,4.065455739225524
TX_5,2012-05-27 03:00:00,4.364872788390458,4.495818972042172
TX_5,2012-05-27 03:30:00,3.5120175958569404,3.6173781237326486
TX_5,2012-05-27 04:00:00,4.063275147424087,4.18517340184681
TX_5,2012-05-27 04:30:00,3.2751111662043852,3.3733645011905167
TX_5,2012-05-27 05:00:00,4.840808300136398,4.98603254914049
TX_5,2012-05-27 05:30:00,3.9135652902255824,4.03097224893235
TX_5,2012-05-27 06:00:00,5.098316354353547,5.251265844984154
TX_5,2012-05-27 06:30:00,4.60611783053728,4.744301365453398
TX_5,2012-05-27 07:00:00,5.118166439539657,5.271711432725846
TX_5,2012-05-27 07:30:00,4.870146324755861,5.016250714498537
TX_5,2012-05-27 08:00:00,5.415729898904141,5.578201795871266
TX_5,2012-05-27 08:30:00,6.202167801079702,6.388232835112094
TX_5,2012-05-27 09:00:00,6.138711242593228,6.322872579871025
TX_5,2012-05-27 09:30:00,7.807906902508755,8.042144109584017
TX_5,2012-05-27 10:00:00,7.098396573065021,7.311348470256972
TX_5,2012-05-27 10:30:00,8.598992739681696,8.856962521872147
TX_5,2012-05-27 11:00:00,7.7637209411002415,7.996632569333249
TX_5,2012-05-27 11:30:00,7.619783794236561,7.848377308063658
TX_5,2012-05-27 12:00:00,7.721912288878706,7.953569657545068
TX_5,2012-05-27 12:30:00,7.906717974737088,8.1439195139792
TX_5,2012-05-27 13:00:00,6.847152604689766,7.052567182830459
TX_5,2012-05-27 13:30:00,6.760519487459965,6.963335072083765
TX_5,2012-05-27 14:00:00,8.183746877418672,8.429259283741233
TX_5,2012-05-27 14:30:00,7.559383770079194,7.786165283181569
TX_5,2012-05-27 15:00:00,8.158186403286226,8.402931995384813
TX_5,2012-05-27 15:30:00,6.04279679053054,6.224080694246456
TX_5,2012-05-27 16:00:00,6.804377388026346,7.008508709667137
TX_5,2012-05-27 16:30:00,5.517051053826486,5.68256258544128
TX_5,2012-05-27 17:00:00,7.200423198177446,7.4164358941227695
TX_5,2012-05-27 17:30:00,5.938215220956351,6.116361677585041
TX_5,2012-05-27 18:00:00,6.129411200149048,6.31329353615352
TX_5,2012-05-27 18:30:00,8.13501815446469,8.379068699098632
TX_5,2012-05-27 19:00:00,6.813014890925018,7.017405337652769
TX_5,2012-05-27 19:30:00,6.004976734790583,6.1851260368343
TX_5,2012-05-27 20:00:00,5.855866265031004,6.031542252981934
TX_5,2012-05-27 20:30:00,7.352647893430619,7.5732273302335384
TX_5,2012-05-27 21:00:00,6.210802258038562,6.397126325779719
TX_5,2012-05-27 21:30:00,11.167918475360436,11.502956029621249
TX_5,2012-05-27 22:00:00,9.717204674966382,10.008720815215375
TX_5,2012-05-27 22:30:00,8.803124920013852,9.067218667614268
TX_5,2012-05-27 23:00:00,8.05188320352554,8.293439699631307
TX_5,2012-05-27 23:30:00,5.48192904785743,5.646386919293153
TX_5,2012-05-28 00:00:00,5.908785639834773,6.086049209029816
TX_5,2012-05-28 00:30:00,4.4499255247183065,4.583423290459856
TX_5,2012-05-28 01:00:00,5.063873976753378,5.21579019605598
TX_5,2012-05-28 01:30:00,3.5685694577979987,3.6756265415319387
TX_5,2012-05-28 02:00:00,4.639889127542563,4.77908580136884
TX_5,2012-05-28 02:30:00,3.6904316676172937,3.8011446176458126
TX_5,2012-05-28 03:00:00,4.482629514211618,4.617108399637967
TX_5,2012-05-28 03:30:00,3.177335163278254,3.2726552181766015
TX_5,2012-05-28 04:00:00,4.479653737082182,4.614043349194647
TX_5,2012-05-28 04:30:00,3.931376858422608,4.049318164175286
TX_5,2012-05-28 05:00:00,4.58220019566087,4.719666201530696
TX_5,2012-05-28 05:30:00,5.2383226589124785,5.395472338679853
TX_5,2012-05-28 06:00:00,4.8304395241016715,4.975352709824722
TX_5,2012-05-28 06:30:00,6.392054309509042,6.583815938794314
TX_5,2012-05-28 07:00:00,6.719246534839468,6.920823930884652
TX_5,2012-05-28 07:30:00,6.5055766169867075,6.700743915496309
TX_5,2012-05-28 08:00:00,7.3062580697426025,7.525445811834881
TX_5,2012-05-28 08:30:00,6.796811037612485,7.00071536874086
TX_5,2012-05-28 09:00:00,8.564497050140202,8.821431961644409
TX_5,2012-05-28 09:30:00,9.39471133317534,9.676552673170601
TX_5,2012-05-28 10:00:00,6.844813910889044,7.050158328215715
TX_5,2012-05-28 10:30:00,7.474768954565984,7.699012023202964
TX_5,2012-05-28 11:00:00,8.416798480528932,8.6693024349448
TX_5,2012-05-28 11:30:00,13.54070047290821,13.946921487095457
TX_5,2012-05-28 12:00:00,8.764916974168107,9.02786448339315
TX_5,2012-05-28 12:30:00,4.502748667852124,4.637831127887688
TX_5,2012-05-28 13:00:00,6.090539785092967,6.273255978645756
TX_5,2012-05-28 13:30:00,9.758865534815452,10.051631500859916
TX_5,2012-05-28 14:00:00,13.896880663506716,14.313787083411917
TX_5,2012-05-28 14:30:00,12.238522986335976,12.605678675926056
TX_5,2012-05-28 15:00:00,9.018078668026682,9.288621028067483
TX_5,2012-05-28 15:30:00,5.849413580722286,6.024895988143954
TX_5,2012-05-28 16:00:00,7.390696658521896,7.612417558277553
TX_5,2012-05-28 16:30:00,6.018209371998382,6.198755653158334
TX_5,2012-05-28 17:00:00,6.5100671571054685,6.705369171818632
TX_5,2012-05-28 17:30:00,7.244860833634295,7.462206658643324
TX_5,2012-05-28 18:00:00,5.969606262765645,6.148694450648615
TX_5,2012-05-28 18:30:00,6.780480839124088,6.983895264297811
TX_5,2012-05-28 19:00:00,7.235819249838598,7.452893827333757
TX_5,2012-05-28 19:30:00,8.643863790973803,8.903179704703017
TX_5,2012-05-28 20:00:00,7.1324028566246005,7.346374942323338
TX_5,2012-05-28 20:30:00,8.9988400893458,9.268805292026174
TX_5,2012-05-28 21:00:00,8.143117114515876,8.387410627951352
TX_5,2012-05-28 21:30:00,7.934038209631648,8.172059355920597
TX_5,2012-05-28 22:00:00,6.156173063604401,6.340858255512533
TX_5,2012-05-28 22:30:00,7.645676467523676,7.875046761549386
TX_5,2012-05-28 23:00:00,8.211745700693369,8.45809807171417
TX_5,2012-05-28 23:30:00,6.651621299511428,6.851169938496771
TX_5,2012-05-29 00:00:00,4.987926411572016,5.137564203919177
TX_5,2012-05-29 00:30:00,4.423108624176111,4.555801882901394
TX_5,2012-05-29 01:00:00,4.648650855632134,4.788110381301098
TX_5,2012-05-29 01:30:00,4.1022688318487495,4.225336896804212
TX_5,2012-05-29 02:00:00,4.716386670774754,4.857878270897997
TX_5,2012-05-29 02:30:00,3.2256233290455416,3.3223920289169078
TX_5,2012-05-29 03:00:00,4.289705443708807,4.418396607020071
TX_5,2012-05-29 03:30:00,3.3821263939838633,3.4835901858033793
TX_5,2012-05-29 04:00:00,4.3736333154103395,4.50484231487265
TX_5,2012-05-29 04:30:00,4.107689040373373,4.2309197115845745
TX_5,2012-05-29 05:00:00,4.428376102537913,4.561227385614051
TX_5,2012-05-29 05:30:00,4.4994185654394965,4.634401122402681
TX_5,2012-05-29 06:00:00,5.749950050163261,5.922448551668159
TX_5,2012-05-29 06:30:00,7.047559893277535,7.2589866900758615
TX_5,2012-05-29 07:00:00,6.088827399101794,6.271492221074848
TX_5,2012-05-29 07:30:00,8.168299229143116,8.41334820601741
TX_5,2012-05-29 08:00:00,5.5101454788695,5.675449843235585
TX_5,2012-05-29 08:30:00,9.035066297877428,9.306118286813751
TX_5,2012-05-29 09:00:00,10.894154083935732,11.220978706453804
TX_5,2012-05-29 09:30:00,8.27735615748599,8.52567684221057
TX_5,2012-05-29 10:00:00,7.410552368622089,7.632868939680752
TX_5,2012-05-29 10:30:00,14.494897568715,14.92974449577645
TX_5,2012-05-29 11:00:00,10.373115224410974,10.684308681143303
TX_5,2012-05-29 11:30:00,12.306408300363849,12.675600549374764
TX_5,2012-05-29 12:00:00,12.874180450821518,13.260405864346163
TX_5,2012-05-29 12:30:00,11.82159119812636,12.17623893407015
TX_5,2012-05-29 13:00:00,15.035437626246917,15.486500755034326
TX_5,2012-05-29 13:30:00,6.462256553611084,6.656124250219417
TX_5,2012-05-29 14:00:00,7.448634676526648,7.672093716822448
TX_5,2012-05-29 14:30:00,6.640869463061707,6.840095546953558
TX_5,2012-05-29 15:00:00,5.884546522654176,6.061082918333802
TX_5,2012-05-29 15:30:00,6.17903792802444,6.364409065865173
TX_5,2012-05-29 16:00:00,6.965993610578467,7.174973418895822
TX_5,2012-05-29 16:30:00,7.00202622366718,7.2120870103771955
TX_5,2012-05-29 17:00:00,7.669364895815355,7.899445842689816
TX_5,2012-05-29 17:30:00,8.088487422904402,8.331142045591534
TX_5,2012-05-29 18:00:00,7.563240120824447,7.79013732444918
TX_5,2012-05-29 18:30:00,8.673313405226548,8.933512807383345
TX_5,2012-05-29 19:00:00,7.812290002945931,8.046658703034309
TX_5,2012-05-29 19:30:00,8.140836983274628,8.385062092772868
TX_5,2012-05-29 20:00:00,8.152412279311918,8.396984647691275
TX_5,2012-05-29 20:30:00,8.30876726878427,8.5580302868478
TX_5,2012-05-29 21:00:00,8.544408316557021,8.800740566053733
TX_5,2012-05-29 21:30:00,6.828318118669094,7.033167662229167
TX_5,2012-05-29 22:00:00,7.549863782585125,7.776359696062679
TX_5,2012-05-29 22:30:00,5.8889581452908235,6.065626889649549
TX_5,2012-05-29 23:00:00,6.672794554662648,6.872978391302528
TX_5,2012-05-29 23:30:00,5.032967442219093,5.183956465485665
TX_5,2012-05-30 00:00:00,5.619291949751896,5.787870708244453
TX_5,2012-05-30 00:30:00,4.8866992058413725,5.033300182016614
TX_5,2012-05-30 01:00:00,5.3788898581275015,5.540256553871327
TX_5,2012-05-30 01:30:00,3.9950019215688473,4.114851979215913
TX_5,2012-05-30 02:00:00,3.863310587593732,3.9792099052215444
TX_5,2012-05-30 02:30:00,4.2341759790316535,4.361201258402604
TX_5,2012-05-30 03:00:00,3.7073441876292135,3.81856451325809
TX_5,2012-05-30 03:30:00,4.13560063048891,4.259668649403578
TX_5,2012-05-30 04:00:00,3.4690046673430626,3.5730748073633545
TX_5,2012-05-30 04:30:00,5.70586157698609,5.877037424295673
TX_5,2012-05-30 05:00:00,3.9547273854004144,4.073369206962427
TX_5,2012-05-30 05:30:00,5.466300134759212,5.630289138801989
TX_5,2012-05-30 06:00:00,6.120672686423521,6.304292867016226
TX_5,2012-05-30 06:30:00,7.307690256252407,7.526920963939979
TX_5,2012-05-30 07:00:00,7.628219441483872,7.857066024728389
TX_5,2012-05-30 07:30:00,6.262093364368052,6.449956165299094
TX_5,2012-05-30 08:00:00,5.562715050601088,5.72959650211912
TX_5,2012-05-30 08:30:00,5.141101983346456,5.295335042846849
TX_5,2012-05-30 09:00:00,5.726738924380685,5.898541092112105
TX_5,2012-05-30 09:30:00,10.545469098548244,10.861833171504692
TX_5,2012-05-30 10:00:00,7.700148111979804,7.931152555339198
TX_5,2012-05-30 10:30:00,5.370907113686219,5.532034327096806
TX_5,2012-05-30 11:00:00,5.592802157075131,5.760586221787386
TX_5,2012-05-30 11:30:00,7.773045198581544,8.00623655453899
TX_5,2012-05-30 12:00:00,7.738860717368342,7.971026538889393
TX_5,2012-05-30 12:30:00,5.88533906240541,6.061899234277572
TX_5,2012-05-30 13:00:00,6.653517743535996,6.853123275842076
TX_5,2012-05-30 13:30:00,4.405093502574944,4.537246307652192
TX_5,2012-05-30 14:00:00,5.477668494253795,5.641998549081409
TX_5,2012-05-30 14:30:00,5.997780273916486,6.17771368213398
TX_5,2012-05-30 15:00:00,5.199047505948046,5.355018931126488
TX_5,2012-05-30 15:30:00,8.219071855878262,8.46564401155461
TX_5,2012-05-30 16:00:00,7.309345513545947,7.528625878952325
TX_5,2012-05-30 16:30:00,6.692456102787973,6.893229785871612
TX_5,2012-05-30 17:00:00,6.853286637572744,7.058885236699926
TX_5,2012-05-30 17:30:00,6.98762642685794,7.1972552196636785
TX_5,2012-05-30 18:00:00,6.581065400809421,6.778497362833703
TX_5,2012-05-30 18:30:00,8.884335691585225,9.150865762332781
TX_5,2012-05-30 19:00:00,6.158065160855234,6.342807115680891
TX_5,2012-05-30 19:30:00,7.95130116835402,8.189840203404641
TX_5,2012-05-30 20:00:00,9.23719935764195,9.514315338371208
TX_5,2012-05-30 20:30:00,7.886942709319124,8.123550990598698
TX_5,2012-05-30 21:00:00,8.95298097450104,9.221570403736072
TX_5,2012-05-30 21:30:00,9.20171112210843,9.477762455771682
TX_5,2012-05-30 22:00:00,8.009234489919491,8.249511524617075
TX_5,2012-05-30 22:30:00,6.477770009796981,6.67210311009089
TX_5,2012-05-30 23:00:00,7.42572431765282,7.648496047182405
TX_5,2012-05-30 23:30:00,4.518799605968938,4.654363594148006
TX_5,2012-05-31 00:00:00,4.706149740769661,4.8473342329927505
TX_5,2012-05-31 00:30:00,3.1544632712512555,3.249097169388793
TX_5,2012-05-31 01:00:00,4.7709240179743215,4.914051738513551
TX_5,2012-05-31 01:30:00,3.731344684960077,3.8432850255088793
TX_5,2012-05-31 02:00:00,4.0198335648464845,4.140428571791879
TX_5,2012-05-31 02:30:00,3.8565701338153153,3.972267237829775
TX_5,2012-05-31 03:00:00,4.543654759107717,4.679964401880949
TX_5,2012-05-31 03:30:00,4.630449245015687,4.769362722366158
TX_5,2012-05-31 04:00:00,4.153492995956434,4.278097785835127
TX_5,2012-05-31 04:30:00,5.312600631641351,5.471978650590592
TX_5,2012-05-31 05:00:00,4.573938962658821,4.711157131538586
TX_5,2012-05-31 05:30:00,5.4510421907700515,5.6145734564931535
TX_5,2012-05-31 06:00:00,5.630659626234343,5.799579415021373
TX_5,2012-05-31 06:30:00,7.168292210571309,7.383340976888449
TX_5,2012-05-31 07:00:00,5.359984554803499,5.520784091447604
TX_5,2012-05-31 07:30:00,7.469000082424646,7.693070084897386
TX_5,2012-05-31 08:00:00,7.227168333345928,7.443983383346305
TX_5,2012-05-31 08:30:00,15.902543699254073,16.379620010231697
TX_5,2012-05-31 09:00:00,9.681746575602142,9.972198972870206
TX_5,2012-05-31 09:30:00,6.537147781208984,6.733262214645253
TX_5,2012-05-31 10:00:00,7.263811797481718,7.4817261514061695
TX_5,2012-05-31 10:30:00,9.877454752802471,10.173778395386545
TX_5,2012-05-31 11:00:00,14.35399306440423,14.784612856336357
TX_5,2012-05-31 11:30:00,9.192585822445075,9.468363397118427
TX_5,2012-05-31 12:00:00,7.826982777284976,8.061792260603525
TX_5,2012-05-31 12:30:00,5.5785960414010916,5.745953922643125
TX_5,2012-05-31 13:00:00,8.19356245517039,8.439369328825503
TX_5,2012-05-31 13:30:00,12.106405788307534,12.46959796195676
TX_5,2012-05-31 14:00:00,9.210616619023934,9.486935117594653
TX_5,2012-05-31 14:30:00,8.772378381218926,9.035549732655495
TX_5,2012-05-31 15:00:00,5.61041554208604,5.778728008348621
TX_5,2012-05-31 15:30:00,8.489533281176156,8.74421927961144
TX_5,2012-05-31 16:00:00,4.895940879445979,5.042819105829358
TX_5,2012-05-31 16:30:00,6.461595082719719,6.655442935201311
TX_5,2012-05-31 17:00:00,6.5894112591997125,6.787093596975704
TX_5,2012-05-31 17:30:00,7.511770026268461,7.737123127056514
TX_5,2012-05-31 18:00:00,5.65698076096246,5.826690183791334
TX_5,2012-05-31 18:30:00,6.61785988794328,6.816395684581579
TX_5,2012-05-31 19:00:00,9.10449616104688,9.377631045878287
TX_5,2012-05-31 19:30:00,8.945611974972342,9.213980334221512
TX_5,2012-05-31 20:00:00,8.750331932289809,9.012841890258503
TX_5,2012-05-31 20:30:00,10.230250350300157,10.537157860809161
TX_5,2012-05-31 21:00:00,6.810790420111961,7.01511413271532
TX_5,2012-05-31 21:30:00,8.814131843023365,9.078555798314065
TX_5,2012-05-31 22:00:00,9.332222398008376,9.612189069948627
TX_5,2012-05-31 22:30:00,7.581664953673264,7.809114902283462
TX_5,2012-05-31 23:00:00,7.263692504070729,7.481603279192851
TX_5,2012-05-31 23:30:00,5.470751654521012,5.634874204156643
TX_5,2012-06-01 00:00:00,6.108598316395624,6.291856265887493
TX_5,2012-06-01 00:30:00,5.541149309012452,5.707383788282826
TX_5,2012-06-01 01:00:00,5.766870438979878,5.939876552149275
TX_5,2012-06-01 01:30:00,5.005730365003392,5.155902275953494
TX_5,2012-06-01 02:00:00,4.503737609913619,4.638849738211028
TX_5,2012-06-01 02:30:00,3.6745032637510375,3.784738361663569
TX_5,2012-06-01 03:00:00,3.8536197865580526,3.969228380154794
TX_5,2012-06-01 03:30:00,3.7791013466474324,3.8924743870468554
TX_5,2012-06-01 04:00:00,3.404535439410974,3.5066715025933033
TX_5,2012-06-01 04:30:00,4.642610207895465,4.781888514132329
TX_5,2012-06-01 05:00:00,3.861224287433558,3.9770610160565645
TX_5,2012-06-01 05:30:00,4.654177593375664,4.793802921176934
TX_5,2012-06-01 06:00:00,3.902575127749498,4.019652381581984
TX_5,2012-06-01 06:30:00,6.561730912704944,6.758582840086093
TX_5,2012-06-01 07:00:00,4.706688104390082,4.847888747521785
TX_5,2012-06-01 07:30:00,7.32320339432819,7.542899496158036
TX_5,2012-06-01 08:00:00,14.569720341525976,15.006811951771756
TX_5,2012-06-01 08:30:00,12.48396485389567,12.85848379951254
TX_5,2012-06-01 09:00:00,8.11791507177811,8.361452523931455
TX_5,2012-06-01 09:30:00,5.047678673617542,5.199109033826068
TX_5,2012-06-01 10:00:00,7.5418149798105825,7.7680694292049
TX_5,2012-06-01 10:30:00,6.402575404512609,6.594652666647987
TX_5,2012-06-01 11:00:00,7.600014687507015,7.828015128132225
TX_5,2012-06-01 11:30:00,5.627314417273186,5.7961338497913815
TX_5,2012-06-01 12:00:00,7.094088886455341,7.306911553049002
TX_5,2012-06-01 12:30:00,6.50259636459609,6.697674255533973
TX_5,2012-06-01 13:00:00,7.193322505794201,7.409122180968027
TX_5,2012-06-01 13:30:00,4.891889839121488,5.0386465342951325
TX_5,2012-06-01 14:00:00,5.309408315938538,5.468690565416694
TX_5,2012-06-01 14:30:00,4.9163619119771,5.063852769336413
TX_5,2012-06-01 15:00:00,5.575242222924786,5.7424994896125305
TX_5,2012-06-01 15:30:00,5.813602562874781,5.988010639761025
TX_5,2012-06-01 16:00:00,8.326536407033759,8.576332499244772
TX_5,2012-06-01 16:30:00,7.655890045164084,7.885566746519007
TX_5,2012-06-01 17:00:00,9.146675478482907,9.421075742837393
TX_5,2012-06-01 17:30:00,9.144927231021706,9.419275047952357
TX_5,2012-06-01 18:00:00,9.74750191062941,10.039926967948292
TX_5,2012-06-01 18:30:00,12.773327851239067,13.15652768677624
TX_5,2012-06-01 19:00:00,12.288124330383425,12.656768060294928
TX_5,2012-06-01 19:30:00,13.018092811820349,13.40863559617496
TX_5,2012-06-01 20:00:00,11.186829454760579,11.522434338403396
TX_5,2012-06-01 20:30:00,13.936744074371976,14.354846396603136
TX_5,2012-06-01 21:00:00,14.085882148302218,14.508458612751285
TX_5,2012-06-01 21:30:00,12.280300561415576,12.648709578258043
TX_5,2012-06-01 22:00:00,8.447410920105883,8.70083324770906
TX_5,2012-06-01 22:30:00,8.410854859387292,8.663180505168912
TX_5,2012-06-01 23:00:00,7.886270754605866,8.122858877244042
TX_5,2012-06-01 23:30:00,5.687974727580135,5.858613969407539
TX_5,2012-06-02 00:00:00,5.124110582352711,5.2778338998232925
TX_5,2012-06-02 00:30:00,3.8796088874765244,3.99599715410082
TX_5,2012-06-02 01:00:00,4.551681251393757,4.68823168893557
TX_5,2012-06-02 01:30:00,3.8862987883829225,4.00288775203441
TX_5,2012-06-02 02:00:00,4.5977516863191985,4.735684236908774
TX_5,2012-06-02 02:30:00,3.551544057021635,3.658090378732284
TX_5,2012-06-02 03:00:00,4.633183412302737,4.7721789146718185
TX_5,2012-06-02 03:30:00,3.6453314901546547,3.7546914348592946
TX_5,2012-06-02 04:00:00,4.4496717406276804,4.583161892846511
TX_5,2012-06-02 04:30:00,3.9396796951701547,4.057870086025259
TX_5,2012-06-02 05:00:00,4.562244491723674,4.699111826475384
TX_5,2012-06-02 05:30:00,4.247329131069826,4.374749005001921
TX_5,2012-06-02 06:00:00,12.65344721154299,13.03305062788928
TX_5,2012-06-02 06:30:00,13.526498952789336,13.932293921373017
TX_5,2012-06-02 07:00:00,11.42231439538954,11.764983827251227
TX_5,2012-06-02 07:30:00,8.437676339443643,8.690806629626952
TX_5,2012-06-02 08:00:00,6.126136947083471,6.309921055495975
TX_5,2012-06-02 08:30:00,7.34353478260691,7.5638408260851175
TX_5,2012-06-02 09:00:00,7.087615826790218,7.300244301593925
TX_5,2012-06-02 09:30:00,8.314521441918023,8.563957085175565
TX_5,2012-06-02 10:00:00,6.492810819316492,6.6875951438959875
TX_5,2012-06-02 10:30:00,7.205936400271201,7.422114492279338
TX_5,2012-06-02 11:00:00,7.428359717357258,7.651210508877976
TX_5,2012-06-02 11:30:00,6.818570713940279,7.023127835358487
TX_5,2012-06-02 12:00:00,6.986876873164673,7.196483179359613
TX_5,2012-06-02 12:30:00,7.286736621670355,7.505338720320466
TX_5,2012-06-02 13:00:00,7.512651409261663,7.738030951539513
TX_5,2012-06-02 13:30:00,5.46639837354257,5.630390324748848
TX_5,2012-06-02 14:00:00,6.171793262579667,6.356947060457058
TX_5,2012-06-02 14:30:00,5.35877214877693,5.5195353132402385
TX_5,2012-06-02 15:00:00,6.1906491755186055,6.376368650784164
TX_5,2012-06-02 15:30:00,4.22233719832406,4.3490073142737815
TX_5,2012-06-02 16:00:00,4.833767112546342,4.978780125922732
TX_5,2012-06-02 16:30:00,4.468707685336911,4.602768915897019
TX_5,2012-06-02 17:00:00,5.261534778499471,5.419380821854456
TX_5,2012-06-02 17:30:00,5.7189250366218385,5.890492787720494
TX_5,2012-06-02 18:00:00,6.669502431376657,6.869587504317956
TX_5,2012-06-02 18:30:00,10.665866022201953,10.985842002868011
TX_5,2012-06-02 19:00:00,9.623590954268234,9.912298682896282
TX_5,2012-06-02 19:30:00,8.930965573258607,9.198894540456365
TX_5,2012-06-02 20:00:00,7.96423386379222,8.203160879705987
TX_5,2012-06-02 20:30:00,10.602131521698302,10.920195467349252
TX_5,2012-06-02 21:00:00,8.794236510470201,9.058063605784307
TX_5,2012-06-02 21:30:00,11.285665390928834,11.624235352656699
TX_5,2012-06-02 22:00:00,9.746223177304714,10.038609872623855
TX_5,2012-06-02 22:30:00,10.106587432380925,10.409785055352353
TX_5,2012-06-02 23:00:00,9.568589294215625,9.855646973042095
TX_5,2012-06-02 23:30:00,8.841214081487125,9.10645050393174
TX_5,2012-06-03 00:00:00,9.610622782855748,9.89894146634142
TX_5,2012-06-03 00:30:00,7.822472763995693,8.057146946915564
TX_5,2012-06-03 01:00:00,8.320374328040684,8.569985557881905
TX_5,2012-06-03 01:30:00,5.348469054366343,5.508923125997334
TX_5,2012-06-03 02:00:00,4.854640650106048,5.00027986960923
TX_5,2012-06-03 02:30:00,3.7851362926310848,3.8986903814100176
TX_5,2012-06-03 03:00:00,4.783555230611507,4.9270618875298515
TX_5,2012-06-03 03:30:00,3.730370142070191,3.8422812463322966
TX_5,2012-06-03 04:00:00,4.7289346102963785,4.87080264860527
TX_5,2012-06-03 04:30:00,3.5556368267623015,3.6623059315651707
TX_5,2012-06-03 05:00:00,5.010523118594032,5.160838812151853
TX_5,2012-06-03 05:30:00,4.842803614285662,4.988087722714233
TX_5,2012-06-03 06:00:00,5.605745741829956,5.7739181140848554
TX_5,2012-06-03 06:30:00,5.528499426795623,5.694354409599492
TX_5,2012-06-03 07:00:00,5.330627356645204,5.49054617734456
TX_5,2012-06-03 07:30:00,6.467853825707919,6.661889440479157
TX_5,2012-06-03 08:00:00,6.568186101130809,6.765231684164734
TX_5,2012-06-03 08:30:00,7.908958831103232,8.14622759603633
TX_5,2012-06-03 09:00:00,6.659427241589513,6.859210058837198
TX_5,2012-06-03 09:30:00,7.9703284768502956,8.209438331155805
TX_5,2012-06-03 10:00:00,7.070329877481311,7.28243977380575
TX_5,2012-06-03 10:30:00,7.7676439162996145,8.000673233788604
TX_5,2012-06-03 11:00:00,7.590608069971634,7.818326312070783
TX_5,2012-06-03 11:30:00,8.359087308285762,8.609859927534336
TX_5,2012-06-03 12:00:00,9.598393895432784,9.886345712295768
TX_5,2012-06-03 12:30:00,10.614449841965893,10.93288333722487
TX_5,2012-06-03 13:00:00,11.820426011202308,12.175038791538377
TX_5,2012-06-03 13:30:00,8.434878398471971,8.68792475042613
TX_5,2012-06-03 14:00:00,7.676109491280611,7.90639277601903
TX_5,2012-06-03 14:30:00,6.599843715780022,6.797839027253422
TX_5,2012-06-03 15:00:00,8.46290006643065,8.71678706842357
TX_5,2012-06-03 15:30:00,7.705373331110076,7.936534531043378
TX_5,2012-06-03 16:00:00,9.920157759976775,10.217762492776078
TX_5,2012-06-03 16:30:00,8.663904739534708,8.92382188172075
TX_5,2012-06-03 17:00:00,8.824207760450568,9.088933993264085
TX_5,2012-06-03 17:30:00,11.096395478265771,11.429287342613744
TX_5,2012-06-03 18:00:00,9.257301819187305,9.535020873762925
TX_5,2012-06-03 18:30:00,9.952855343225869,10.251441003522645
TX_5,2012-06-03 19:00:00,9.332852781413147,9.612838364855541
TX_5,2012-06-03 19:30:00,9.886723504193863,10.18332520931968
TX_5,2012-06-03 20:00:00,10.385687282963957,10.697257901452875
TX_5,2012-06-03 20:30:00,9.586668130640366,9.874268174559576
TX_5,2012-06-03 21:00:00,8.916057484937214,9.18353920948533
TX_5,2012-06-03 21:30:00,11.257717999901422,11.595449539898464
TX_5,2012-06-03 22:00:00,9.044452353270776,9.3157859238689
TX_5,2012-06-03 22:30:00,8.396751694913657,8.648654245761067
TX_5,2012-06-03 23:00:00,7.33723922537516,7.557356402136414
TX_5,2012-06-03 23:30:00,6.860237255115861,7.066044372769337
TX_5,2012-06-04 00:00:00,8.43612918158224,8.689213057029708
TX_5,2012-06-04 00:30:00,9.92989325719765,10.22779005491358
TX_5,2012-06-04 01:00:00,8.36405056138157,8.614972078223017
TX_5,2012-06-04 01:30:00,7.20150470560194,7.417549846769999
TX_5,2012-06-04 02:00:00,8.229771139630136,8.47666427381904
TX_5,2012-06-04 02:30:00,7.818913601026585,8.053481009057382
TX_5,2012-06-04 03:00:00,6.19001693011263,6.375717438016009
TX_5,2012-06-04 03:30:00,4.454392862507524,4.58802464838275
TX_5,2012-06-04 04:00:00,4.636694302218037,4.775795131284578
TX_5,2012-06-04 04:30:00,3.8284018029455034,3.9432538570338687
TX_5,2012-06-04 05:00:00,4.905890662882651,5.053067382769131
TX_5,2012-06-04 05:30:00,4.174289546906664,4.299518233313864
TX_5,2012-06-04 06:00:00,4.883306964348072,5.029806173278514
TX_5,2012-06-04 06:30:00,6.146149132746701,6.3305336067291025
TX_5,2012-06-04 07:00:00,4.834839822499455,4.979885017174438
TX_5,2012-06-04 07:30:00,5.634978397965168,5.804027749904123
TX_5,2012-06-04 08:00:00,4.767758490107139,4.910791244810353
TX_5,2012-06-04 08:30:00,6.72365442970735,6.925364062598571
TX_5,2012-06-04 09:00:00,6.034776118920494,6.215819402488108
TX_5,2012-06-04 09:30:00,7.790885917237951,8.02461249475509
TX_5,2012-06-04 10:00:00,5.491993881666804,5.656753698116809
TX_5,2012-06-04 10:30:00,6.618065942831277,6.816607921116216
TX_5,2012-06-04 11:00:00,7.567526157009453,7.794551941719737
TX_5,2012-06-04 11:30:00,7.191473081539511,7.4072172739856965
TX_5,2012-06-04 12:00:00,7.672108342083654,7.902271592346164
TX_5,2012-06-04 12:30:00,9.816896655260866,10.111403554918692
TX_5,2012-06-04 13:00:00,9.35155830869547,9.632105057956334
TX_5,2012-06-04 13:30:00,8.784456189324755,9.047989875004498
TX_5,2012-06-04 14:00:00,10.177123270881662,10.482436969008113
TX_5,2012-06-04 14:30:00,8.647364927205057,8.906785875021209
TX_5,2012-06-04 15:00:00,7.9019152724372566,8.138972730610375
TX_5,2012-06-04 15:30:00,7.203273313681961,7.41937151309242
TX_5,2012-06-04 16:00:00,10.561928816113669,10.878786680597079
TX_5,2012-06-04 16:30:00,6.497841889247729,6.692777145925161
TX_5,2012-06-04 17:00:00,8.477051950485926,8.731363509000504
TX_5,2012-06-04 17:30:00,8.560658305960395,8.817478055139206
TX_5,2012-06-04 18:00:00,9.20426157701375,9.480389424324162
TX_5,2012-06-04 18:30:00,8.6455342068435,8.904900233048805
TX_5,2012-06-04 19:00:00,7.710739088136844,7.9420612607809495
TX_5,2012-06-04 19:30:00,7.899784596850416,8.136778134755929
TX_5,2012-06-04 20:00:00,8.354701226802563,8.60534226360664
TX_5,2012-06-04 20:30:00,9.154938336555619,9.429586486652287
TX_5,2012-06-04 21:00:00,9.94949248835228,10.247977263002849
TX_5,2012-06-04 21:30:00,10.364604038602169,10.675542159760234
TX_5,2012-06-04 22:00:00,8.007599544027808,8.247827530348642
TX_5,2012-06-04 22:30:00,8.214037872551053,8.460459008727584
TX_5,2012-06-04 23:00:00,6.641233497745738,6.84047050267811
TX_5,2012-06-04 23:30:00,6.886998011403221,7.093607951745318
TX_5,2012-06-05 00:00:00,5.695388634699767,5.86625029374076
TX_5,2012-06-05 00:30:00,5.466210815465315,5.630197139929274
TX_5,2012-06-05 01:00:00,5.375410166535026,5.5366724715310776
TX_5,2012-06-05 01:30:00,4.8242051931700205,4.968931348965121
TX_5,2012-06-05 02:00:00,5.674929624392261,5.845177513124029
TX_5,2012-06-05 02:30:00,4.207587449669291,4.3338150731593705
TX_5,2012-06-05 03:00:00,5.840435562542475,6.01564862941875
TX_5,2012-06-05 03:30:00,4.011606173579691,4.131954358787081
TX_5,2012-06-05 04:00:00,5.013543664163334,5.163949974088235
TX_5,2012-06-05 04:30:00,4.988992693578895,5.138662474386262
TX_5,2012-06-05 05:00:00,6.036519358166515,6.2176149389115105
TX_5,2012-06-05 05:30:00,4.661347321591667,4.801187741239417
TX_5,2012-06-05 06:00:00,5.082682275618315,5.235162743886865
TX_5,2012-06-05 06:30:00,5.948029853036649,6.1264707486277485
TX_5,2012-06-05 07:00:00,5.093506011542994,5.2463111918892835
TX_5,2012-06-05 07:30:00,5.4735803789921205,5.637787790361884
TX_5,2012-06-05 08:00:00,5.97720100072372,6.156517030745431
TX_5,2012-06-05 08:30:00,7.85171649330921,8.087267988108486
TX_5,2012-06-05 09:00:00,6.252250086642349,6.43981758924162
TX_5,2012-06-05 09:30:00,7.113790675563926,7.327204395830845
TX_5,2012-06-05 10:00:00,7.176738291173054,7.3920404399082456
TX_5,2012-06-05 10:30:00,7.550401588527357,7.7769136361831785
TX_5,2012-06-05 11:00:00,7.072696918777058,7.284877826340369
TX_5,2012-06-05 11:30:00,7.334457172492234,7.554490887667002
TX_5,2012-06-05 12:00:00,6.862605140851094,7.068483295076627
TX_5,2012-06-05 12:30:00,7.80092990363241,8.034957800741383
TX_5,2012-06-05 13:00:00,9.055114854586185,9.32676830022377
TX_5,2012-06-05 13:30:00,9.92534884167721,10.223109306927526
TX_5,2012-06-05 14:00:00,7.578744456400672,7.806106790092692
TX_5,2012-06-05 14:30:00,6.303674275803779,6.492784504077893
TX_5,2012-06-05 15:00:00,10.020734893850475,10.32135694066599
TX_5,2012-06-05 15:30:00,6.57400711983074,6.771227333425663
TX_5,2012-06-05 16:00:00,8.0196748127256,8.26026505710737
TX_5,2012-06-05 16:30:00,7.07955877962104,7.291945543009672
TX_5,2012-06-05 17:00:00,8.573431211688577,8.830634148039234
TX_5,2012-06-05 17:30:00,7.620475860388521,7.849090136200177
TX_5,2012-06-05 18:00:00,8.205344715406998,8.451505056869207
TX_5,2012-06-05 18:30:00,9.008848802528378,9.27911426660423
TX_5,2012-06-05 19:00:00,9.489624937396984,9.774313685518894
TX_5,2012-06-05 19:30:00,8.899743650424691,9.166735959937432
TX_5,2012-06-05 20:00:00,7.938456770057612,8.176610473159341
TX_5,2012-06-05 20:30:00,10.446668243109295,10.760068290402574
TX_5,2012-06-05 21:00:00,9.041039108826313,9.312270282091102
TX_5,2012-06-05 21:30:00,12.670535615554094,13.050651684020718
TX_5,2012-06-05 22:00:00,11.076755423380153,11.409058086081558
TX_5,2012-06-05 22:30:00,9.86528337414995,10.161241875374449
TX_5,2012-06-05 23:00:00,8.339290278479115,8.58946898683349
TX_5,2012-06-05 23:30:00,7.285021746975537,7.503572399384804
TX_5,2012-06-06 00:00:00,6.517621717612037,6.713150369140398
TX_5,2012-06-06 00:30:00,5.31098507713331,5.4703146294473095
TX_5,2012-06-06 01:00:00,5.43413790282098,5.59716203990561
TX_5,2012-06-06 01:30:00,4.14290096513481,4.267187994088855
TX_5,2012-06-06 02:00:00,4.891660799946783,5.038410623945187
TX_5,2012-06-06 02:30:00,3.5274385601580613,3.6332617169628034
TX_5,2012-06-06 03:00:00,4.451847997396769,4.585403437318671
TX_5,2012-06-06 03:30:00,3.3512500195784805,3.451787520165835
TX_5,2012-06-06 04:00:00,4.788844938935316,4.9325102871033755
TX_5,2012-06-06 04:30:00,3.982061353255147,4.101523193852802
TX_5,2012-06-06 05:00:00,4.47227750549237,4.606445830657141
TX_5,2012-06-06 05:30:00,5.369278299341258,5.530356648321496
TX_5,2012-06-06 06:00:00,4.552100811597077,4.68866383594499
TX_5,2012-06-06 06:30:00,5.843525265186413,6.018831023142005
TX_5,2012-06-06 07:00:00,6.414460674873771,6.606894495119985
TX_5,2012-06-06 07:30:00,6.784657376379689,6.9881970976710805
TX_5,2012-06-06 08:00:00,5.52714187820611,5.692956134552293
TX_5,2012-06-06 08:30:00,10.036642690240226,10.337741970947434
TX_5,2012-06-06 09:00:00,7.540225995993955,7.766432775873774
TX_5,2012-06-06 09:30:00,9.285796313152266,9.564370202546835
TX_5,2012-06-06 10:00:00,9.044999472406905,9.316349456579113
TX_5,2012-06-06 10:30:00,15.130346591221455,15.5842569889581
TX_5,2012-06-06 11:00:00,7.812778507529953,8.047161862755852
TX_5,2012-06-06 11:30:00,9.34655452408319,9.626951159805687
TX_5,2012-06-06 12:00:00,8.430835149517966,8.683760204003505
TX_5,2012-06-06 12:30:00,6.972046418390797,7.181207810942522
TX_5,2012-06-06 13:00:00,6.544560663166926,6.740897483061935
TX_5,2012-06-06 13:30:00,6.321360109692296,6.511000912983064
TX_5,2012-06-06 14:00:00,6.51141371513323,6.706756126587227
TX_5,2012-06-06 14:30:00,4.962564697143969,5.111441638058288
TX_5,2012-06-06 15:00:00,9.345300619144576,9.625659637718913
TX_5,2012-06-06 15:30:00,6.69096342710238,6.891692329915451
TX_5,2012-06-06 16:00:00,9.254118177721201,9.531741723052837
TX_5,2012-06-06 16:30:00,7.422978115933367,7.645667459411369
TX_5,2012-06-06 17:00:00,6.320978117267689,6.51060746078572
TX_5,2012-06-06 17:30:00,6.005393292637465,6.185555091416589
TX_5,2012-06-06 18:00:00,6.907255417995647,7.114473080535516
TX_5,2012-06-06 18:30:00,7.079726976093737,7.29211878537655
TX_5,2012-06-06 19:00:00,6.667759355731828,6.867792136403783
TX_5,2012-06-06 19:30:00,8.75979802375524,9.022591964467898
TX_5,2012-06-06 20:00:00,9.91177268123038,10.20912586166729
TX_5,2012-06-06 20:30:00,10.784505286521707,11.108040445117359
TX_5,2012-06-06 21:00:00,9.347268042215639,9.627686083482109
TX_5,2012-06-06 21:30:00,11.02195839201271,11.352617143773092
TX_5,2012-06-06 22:00:00,10.228785941786596,10.535649520040193
TX_5,2012-06-06 22:30:00,8.85324407841012,9.118841400762424
TX_5,2012-06-06 23:00:00,8.676218375857568,8.936504927133296
TX_5,2012-06-06 23:30:00,7.600190677538326,7.828196397864477
TX_5,2012-06-07 00:00:00,7.845290879074476,8.08064960544671
TX_5,2012-06-07 00:30:00,5.0960499186390535,5.248931416198225
TX_5,2012-06-07 01:00:00,5.404982609504906,5.5671320877900525
TX_5,2012-06-07 01:30:00,3.438688887074653,3.5418495536868924
TX_5,2012-06-07 02:00:00,4.386118817578735,4.517702382106097
TX_5,2012-06-07 02:30:00,3.404238485318602,3.5063656398781604
TX_5,2012-06-07 03:00:00,4.367635857737496,4.498664933469621
TX_5,2012-06-07 03:30:00,3.2356102170903207,3.3326785236030303
TX_5,2012-06-07 04:00:00,3.961211388093271,4.080047729736069
TX_5,2012-06-07 04:30:00,4.301969188039818,4.4310282636810125
TX_5,2012-06-07 05:00:00,4.347981640695582,4.478421089916449
TX_5,2012-06-07 05:30:00,4.350653183798231,4.481172779312178
TX_5,2012-06-07 06:00:00,4.012425263887466,4.13279802180409
TX_5,2012-06-07 06:30:00,5.511700671919943,5.677051692077542
TX_5,2012-06-07 07:00:00,5.285827633973168,5.444402462992363
TX_5,2012-06-07 07:30:00,7.440916094859265,7.664143577705043
TX_5,2012-06-07 08:00:00,6.508611359436845,6.7038697002199505
TX_5,2012-06-07 08:30:00,6.4742725521614775,6.668500728726322
TX_5,2012-06-07 09:00:00,6.646150236834801,6.8455347439398455
TX_5,2012-06-07 09:30:00,7.894702687290284,8.131543767908992
TX_5,2012-06-07 10:00:00,8.541441618915805,8.797684867483278
TX_5,2012-06-07 10:30:00,8.591804159149012,8.849558283923482
TX_5,2012-06-07 11:00:00,11.222150138257716,11.558814642405448
TX_5,2012-06-07 11:30:00,18.335471592083007,18.885535739845498
TX_5,2012-06-07 12:00:00,7.989289129649335,8.228967803538815
TX_5,2012-06-07 12:30:00,7.27251683932699,7.490692344506799
TX_5,2012-06-07 13:00:00,9.321683824597477,9.601334339335402
TX_5,2012-06-07 13:30:00,7.55078955485818,7.777313241503926
TX_5,2012-06-07 14:00:00,8.980416922401066,9.249829430073097
TX_5,2012-06-07 14:30:00,8.32537270582427,8.575133886998998
TX_5,2012-06-07 15:00:00,10.046133691559282,10.34751770230606
TX_5,2012-06-07 15:30:00,13.138899378358262,13.53306635970901
TX_5,2012-06-07 16:00:00,10.51888977883104,10.834456472195972
TX_5,2012-06-07 16:30:00,8.797391746883546,9.061313499290053
TX_5,2012-06-07 17:00:00,6.831495075052781,7.0364399273043645
TX_5,2012-06-07 17:30:00,8.203004975322166,8.44909512458183
TX_5,2012-06-07 18:00:00,6.597407639933061,6.795329869131053
TX_5,2012-06-07 18:30:00,9.301117995573534,9.580151535440741
TX_5,2012-06-07 19:00:00,9.631082638963925,9.920015118132843
TX_5,2012-06-07 19:30:00,11.53873545912537,11.88489752289913
TX_5,2012-06-07 20:00:00,10.380329438959889,10.691739322128685
TX_5,2012-06-07 20:30:00,12.278708865428085,12.647070131390928
TX_5,2012-06-07 21:00:00,12.721577172322093,13.103224487491756
TX_5,2012-06-07 21:30:00,13.149114704310682,13.543588145440003
TX_5,2012-06-07 22:00:00,12.807847613364743,13.192083041765686
TX_5,2012-06-07 22:30:00,12.792396896124709,13.17616880300845
TX_5,2012-06-07 23:00:00,10.45035745381938,10.763868177433963
TX_5,2012-06-07 23:30:00,9.768873701414785,10.061939912457229
TX_5,2012-06-08 00:00:00,8.784787290250764,9.048330908958286
TX_5,2012-06-08 00:30:00,4.537044970576987,4.6731563196942965
TX_5,2012-06-08 01:00:00,5.980236063376304,6.1596431452775935
TX_5,2012-06-08 01:30:00,6.167543072841964,6.352569365027223
TX_5,2012-06-08 02:00:00,4.95829141400918,5.107040156429456
TX_5,2012-06-08 02:30:00,3.30731339613852,3.406532798022676
TX_5,2012-06-08 03:00:00,4.497545301627248,4.632471660676066
TX_5,2012-06-08 03:30:00,3.589012616213001,3.696682994699391
TX_5,2012-06-08 04:00:00,4.143152097979736,4.267446660919128
TX_5,2012-06-08 04:30:00,5.343294834844569,5.503593679889906
TX_5,2012-06-08 05:00:00,4.686415824295588,4.827008299024455
TX_5,2012-06-08 05:30:00,5.402764099097913,5.564847022070851
TX_5,2012-06-08 06:00:00,4.349246967726741,4.4797243767585435
TX_5,2012-06-08 06:30:00,6.128433470868978,6.312286474995047
TX_5,2012-06-08 07:00:00,5.153882026153829,5.3084984869384435
TX_5,2012-06-08 07:30:00,8.398239470967914,8.65018665509695
TX_5,2012-06-08 08:00:00,6.334267574730981,6.52429560197291
TX_5,2012-06-08 08:30:00,9.533071777684778,9.819063931015322
TX_5,2012-06-08 09:00:00,10.630336493739021,10.949246588551192
TX_5,2012-06-08 09:30:00,11.179151295802985,11.514525834677075
TX_5,2012-06-08 10:00:00,9.225029009497703,9.501779879782635
TX_5,2012-06-08 10:30:00,11.29067452600172,11.629394761781771
TX_5,2012-06-08 11:00:00,10.16383105164281,10.468745983192093
TX_5,2012-06-08 11:30:00,8.083041300015726,8.325532539016198
TX_5,2012-06-08 12:00:00,9.465268756079526,9.749226818761912
TX_5,2012-06-08 12:30:00,14.876807414097291,15.32311163652021
TX_5,2012-06-08 13:00:00,10.871003885586962,11.197134002154572
TX_5,2012-06-08 13:30:00,13.132062177704828,13.526024043035973
TX_5,2012-06-08 14:00:00,11.658176217332722,12.007921503852703
TX_5,2012-06-08 14:30:00,9.199557534675357,9.475544260715617
TX_5,2012-06-08 15:00:00,9.162116140122302,9.436979624325971
TX_5,2012-06-08 15:30:00,8.149926451428561,8.394424244971418
TX_5,2012-06-08 16:00:00,10.588626349589928,10.906285140077626
TX_5,2012-06-08 16:30:00,8.684321797210988,8.944851451127317
TX_5,2012-06-08 17:00:00,7.6559556441552585,7.885634313479916
TX_5,2012-06-08 17:30:00,8.774524026362533,9.037759747153409
TX_5,2012-06-08 18:00:00,8.647334537976198,8.906754574115483
TX_5,2012-06-08 18:30:00,10.177041185763446,10.48235242133635
TX_5,2012-06-08 19:00:00,10.37339066363742,10.684592383546542
TX_5,2012-06-08 19:30:00,10.770997930133301,11.094127868037301
TX_5,2012-06-08 20:00:00,9.742174867451384,10.034440113474925
TX_5,2012-06-08 20:30:00,10.076596981671212,10.378894891121348
TX_5,2012-06-08 21:00:00,9.32985905069542,9.609754822216283
TX_5,2012-06-08 21:30:00,10.99751076813748,11.327436091181605
TX_5,2012-06-08 22:00:00,8.826927621801165,9.0917354504552
TX_5,2012-06-08 22:30:00,8.950741187445754,9.219263423069126
TX_5,2012-06-08 23:00:00,5.559043034953756,5.725814326002369
TX_5,2012-06-08 23:30:00,5.762718856459055,5.935600422152827
TX_5,2012-06-09 00:00:00,5.49150856395693,5.656253820875638
TX_5,2012-06-09 00:30:00,4.979537403298221,5.128923525397168
TX_5,2012-06-09 01:00:00,4.648528853416452,4.7879847190189455
TX_5,2012-06-09 01:30:00,5.427093423914377,5.5899062266318085
TX_5,2012-06-09 02:00:00,4.865635886672259,5.011604963272427
TX_5,2012-06-09 02:30:00,3.859419105319098,3.975201678478671
TX_5,2012-06-09 03:00:00,4.873395638238923,5.0195975073860915
TX_5,2012-06-09 03:30:00,3.4993381537669963,3.604318298380006
TX_5,2012-06-09 04:00:00,4.535490525042961,4.67155524079425
TX_5,2012-06-09 04:30:00,4.295493193168195,4.424357988963241
TX_5,2012-06-09 05:00:00,5.5322047071061595,5.698170848319345
TX_5,2012-06-09 05:30:00,4.581766611179105,4.719219609514478
TX_5,2012-06-09 06:00:00,5.364823658576316,5.525768368333606
TX_5,2012-06-09 06:30:00,6.124970223697936,6.3087193304088744
TX_5,2012-06-09 07:00:00,6.27570907257272,6.463980344749902
TX_5,2012-06-09 07:30:00,5.878892305702308,6.055259074873378
TX_5,2012-06-09 08:00:00,6.127552470569417,6.3113790446864995
TX_5,2012-06-09 08:30:00,5.9081475050522485,6.085391930203816
TX_5,2012-06-09 09:00:00,6.281316869129897,6.4697563752037945
TX_5,2012-06-09 09:30:00,6.50976370703969,6.7050566182508815
TX_5,2012-06-09 10:00:00,9.124144746130373,9.397869088514284
TX_5,2012-06-09 10:30:00,6.889311505187977,7.095990850343616
TX_5,2012-06-09 11:00:00,8.841472515173288,9.106716690628488
TX_5,2012-06-09 11:30:00,6.87007290219557,7.0761750892614375
TX_5,2012-06-09 12:00:00,6.096138177566242,6.27902232289323
TX_5,2012-06-09 12:30:00,7.136803568775808,7.350907675839083
TX_5,2012-06-09 13:00:00,7.0642801660216055,7.276208571002254
TX_5,2012-06-09 13:30:00,6.7976279033354965,7.001556740435562
TX_5,2012-06-09 14:00:00,8.218162406803762,8.464707279007875
TX_5,2012-06-09 14:30:00,6.76228957358823,6.965158260795877
TX_5,2012-06-09 15:00:00,5.899453506656682,6.076437111856383
TX_5,2012-06-09 15:30:00,8.408043340759521,8.660284640982306
TX_5,2012-06-09 16:00:00,6.335574705988895,6.5256419471685625
TX_5,2012-06-09 16:30:00,7.217429560309305,7.4339524471185845
TX_5,2012-06-09 17:00:00,8.19435808316363,8.44018882565854
TX_5,2012-06-09 17:30:00,9.840057411555591,10.13525913390226
TX_5,2012-06-09 18:00:00,6.515524569265691,6.710990306343661
TX_5,2012-06-09 18:30:00,6.88897393293345,7.095643150921453
TX_5,2012-06-09 19:00:00,8.116593488905194,8.36009129357235
TX_5,2012-06-09 19:30:00,6.50309526138337,6.698188119224872
TX_5,2012-06-09 20:00:00,7.669601686836247,7.899689737441334
TX_5,2012-06-09 20:30:00,6.887601370253588,7.094229411361196
TX_5,2012-06-09 21:00:00,7.672741731610183,7.902923983558489
TX_5,2012-06-09 21:30:00,7.369080436798044,7.590152849901986
TX_5,2012-06-09 22:00:00,9.431017224685544,9.71394774142611
TX_5,2012-06-09 22:30:00,8.621954356206736,8.880612986892938
TX_5,2012-06-09 23:00:00,6.7062743210663625,6.907462550698353
TX_5,2012-06-09 23:30:00,6.450535031554143,6.644051082500767
TX_5,2012-06-10 00:00:00,5.628739612686506,5.797601801067102
TX_5,2012-06-10 00:30:00,6.273200778528353,6.461396801884204
TX_5,2012-06-10 01:00:00,4.717828125508194,4.85936296927344
TX_5,2012-06-10 01:30:00,4.686377433847978,4.826968756863418
TX_5,2012-06-10 02:00:00,4.419938682862264,4.552536843348132
TX_5,2012-06-10 02:30:00,5.301362910936928,5.460403798265036
TX_5,2012-06-10 03:00:00,3.9845874830465076,4.104125107537903
TX_5,2012-06-10 03:30:00,3.665300387636204,3.77525939926529
TX_5,2012-06-10 04:00:00,4.513725372535711,4.649137133711782
TX_5,2012-06-10 04:30:00,4.279486786779922,4.4078713903833195
TX_5,2012-06-10 05:00:00,5.622173007863124,5.790838198099017
TX_5,2012-06-10 05:30:00,4.463363289747463,4.597264188439887
TX_5,2012-06-10 06:00:00,5.758585718246943,5.931343289794351
TX_5,2012-06-10 06:30:00,5.152033062019052,5.306594053879624
TX_5,2012-06-10 07:00:00,5.765556730807074,5.938523432731286
TX_5,2012-06-10 07:30:00,5.821295230604138,5.9959340875222615
TX_5,2012-06-10 08:00:00,6.393680072675231,6.585490474855488
TX_5,2012-06-10 08:30:00,6.842702759562539,7.047983842349415
TX_5,2012-06-10 09:00:00,7.5411242826628015,7.767358011142686
TX_5,2012-06-10 09:30:00,7.862662145383197,8.098542009744694
TX_5,2012-06-10 10:00:00,7.35116354168562,7.571698447936188
TX_5,2012-06-10 10:30:00,8.521560703005628,8.777207524095797
TX_5,2012-06-10 11:00:00,6.838473971210497,7.043628190346812
TX_5,2012-06-10 11:30:00,9.31738239351331,9.596903865318708
TX_5,2012-06-10 12:00:00,7.952299615488839,8.190868603953504
TX_5,2012-06-10 12:30:00,7.671588414653693,7.901736067093304
TX_5,2012-06-10 13:00:00,8.652998952316109,8.912588920885593
TX_5,2012-06-10 13:30:00,8.89618042919862,9.16306584207458
TX_5,2012-06-10 14:00:00,7.383198526688002,7.604694482488642
TX_5,2012-06-10 14:30:00,7.017466084233291,7.22799006676029
TX_5,2012-06-10 15:00:00,7.42625244288099,7.649040016167421
TX_5,2012-06-10 15:30:00,10.657528178194234,10.97725402354006
TX_5,2012-06-10 16:00:00,7.175256907792889,7.390514615026675
TX_5,2012-06-10 16:30:00,9.015604394786287,9.286072526629876
TX_5,2012-06-10 17:00:00,9.86818862459195,10.164234283329709
TX_5,2012-06-10 17:30:00,8.593649251878187,8.851458729434533
TX_5,2012-06-10 18:00:00,8.748612937591458,9.011071325719202
TX_5,2012-06-10 18:30:00,10.119950156565427,10.423548661262389
TX_5,2012-06-10 19:00:00,10.426982616303894,10.73979209479301
TX_5,2012-06-10 19:30:00,9.085296171095296,9.357855056228155
TX_5,2012-06-10 20:00:00,8.747904400295846,9.010341532304722
TX_5,2012-06-10 20:30:00,7.3067584692430945,7.525961223320388
TX_5,2012-06-10 21:00:00,9.004725502093612,9.27486726715642
TX_5,2012-06-10 21:30:00,8.884145098165904,9.15066945111088
TX_5,2012-06-10 22:00:00,7.99098841732092,8.230718069840547
TX_5,2012-06-10 22:30:00,8.588076944124644,8.845719252448383
TX_5,2012-06-10 23:00:00,5.9001617306410035,6.077166582560234
TX_5,2012-06-10 23:30:00,6.970280198657391,7.179388604617112
TX_5,2012-06-11 00:00:00,4.618835439149314,4.757400502323794
TX_5,2012-06-11 00:30:00,5.341531560227818,5.501777507034652
TX_5,2012-06-11 01:00:00,4.34809559354894,4.478538461355408
TX_5,2012-06-11 01:30:00,4.225177203687623,4.351932519798251
TX_5,2012-06-11 02:00:00,4.532295450512729,4.668264314028111
TX_5,2012-06-11 02:30:00,3.8776684170230924,3.993998469533785
TX_5,2012-06-11 03:00:00,5.102874442053596,5.255960675315205
TX_5,2012-06-11 03:30:00,3.619297654738279,3.727876584380428
TX_5,2012-06-11 04:00:00,4.801512935083707,4.945558323136218
TX_5,2012-06-11 04:30:00,4.987365957550763,5.136986936277285
TX_5,2012-06-11 05:00:00,5.320581728679693,5.480199180540084
TX_5,2012-06-11 05:30:00,5.549005012481053,5.715475162855484
TX_5,2012-06-11 06:00:00,6.550665361077575,6.747185321909903
TX_5,2012-06-11 06:30:00,8.07900091258758,8.321370939965208
TX_5,2012-06-11 07:00:00,5.992839201147057,6.172624377181469
TX_5,2012-06-11 07:30:00,13.34069565339777,13.740916522999703
TX_5,2012-06-11 08:00:00,10.028307150228748,10.329156364735612
TX_5,2012-06-11 08:30:00,11.272057662030857,11.610219391891784
TX_5,2012-06-11 09:00:00,14.230406435501779,14.657318628566832
TX_5,2012-06-11 09:30:00,11.991289177945534,12.3510278532839
TX_5,2012-06-11 10:00:00,14.784732818242375,15.228274802789647
TX_5,2012-06-11 10:30:00,13.7035624226456,14.114669295324969
TX_5,2012-06-11 11:00:00,16.105075254906048,16.588227512553228
TX_5,2012-06-11 11:30:00,13.5925767755175,14.000354078783026
TX_5,2012-06-11 12:00:00,20.06479560512176,20.666739473275413
TX_5,2012-06-11 12:30:00,17.246186081275294,17.763571663713552
TX_5,2012-06-11 13:00:00,19.905394111685798,20.502555935036373
TX_5,2012-06-11 13:30:00,13.311009992503728,13.71034029227884
TX_5,2012-06-11 14:00:00,9.781505495784806,10.07495066065835
TX_5,2012-06-11 14:30:00,11.160030025985142,11.494830926764697
TX_5,2012-06-11 15:00:00,13.840457988585031,14.255671728242582
TX_5,2012-06-11 15:30:00,12.396935317124779,12.768843376638523
TX_5,2012-06-11 16:00:00,8.513344931035654,8.768745278966724
TX_5,2012-06-11 16:30:00,11.21007402244383,11.546376243117146
TX_5,2012-06-11 17:00:00,10.92105539822257,11.248687060169248
TX_5,2012-06-11 17:30:00,11.301898981339283,11.640955950779462
TX_5,2012-06-11 18:00:00,11.703281699070335,12.054380150042444
TX_5,2012-06-11 18:30:00,11.862419429632874,12.21829201252186
TX_5,2012-06-11 19:00:00,13.000252958182381,13.390260546927854
TX_5,2012-06-11 19:30:00,12.421638291761637,12.794287440514486
TX_5,2012-06-11 20:00:00,13.053283033816093,13.444881524830576
TX_5,2012-06-11 20:30:00,11.744108911512713,12.096432178858095
TX_5,2012-06-11 21:00:00,13.508925020804435,13.914192771428569
TX_5,2012-06-11 21:30:00,11.253745853256076,11.591358228853759
TX_5,2012-06-11 22:00:00,10.14411746708036,10.44844099109277
TX_5,2012-06-11 22:30:00,6.551612159538992,6.748160524325162
TX_5,2012-06-11 23:00:00,8.45760395082349,8.711332069348195
TX_5,2012-06-11 23:30:00,6.056506376243722,6.238201567531034
TX_5,2012-06-12 00:00:00,5.892805945341658,6.069590123701908
TX_5,2012-06-12 00:30:00,5.655512696996875,5.825178077906782
TX_5,2012-06-12 01:00:00,4.189571879483362,4.315259035867863
TX_5,2012-06-12 01:30:00,5.066189856715173,5.2181755524166284
TX_5,2012-06-12 02:00:00,4.30266592678384,4.4317459045873555
TX_5,2012-06-12 02:30:00,5.0534587630874075,5.20506252598003
TX_5,2012-06-12 03:00:00,4.104388505532306,4.227520160698275
TX_5,2012-06-12 03:30:00,4.731045691256703,4.872977061994405
TX_5,2012-06-12 04:00:00,4.504001082593672,4.639121115071482
TX_5,2012-06-12 04:30:00,5.716324130246651,5.887813854154051
TX_5,2012-06-12 05:00:00,6.162977540383542,6.347866866595049
TX_5,2012-06-12 05:30:00,5.4728645542815295,5.637050490909975
TX_5,2012-06-12 06:00:00,8.078694166423317,8.321054991416016
TX_5,2012-06-12 06:30:00,8.346829456300956,8.597234339989985
TX_5,2012-06-12 07:00:00,10.131454929279124,10.435398577157498
TX_5,2012-06-12 07:30:00,10.553821439588368,10.87043608277602
TX_5,2012-06-12 08:00:00,9.903860154178679,10.200975958804039
TX_5,2012-06-12 08:30:00,11.157924770630965,11.492662513749893
TX_5,2012-06-12 09:00:00,10.22384365878938,10.530558968553063
TX_5,2012-06-12 09:30:00,11.71636651824555,12.067857513792918
TX_5,2012-06-12 10:00:00,16.818961628280697,17.32353047712912
TX_5,2012-06-12 10:30:00,15.90509379965237,16.382246613641943
TX_5,2012-06-12 11:00:00,10.944110320489608,11.272433630104297
TX_5,2012-06-12 11:30:00,11.737993333121679,12.09013313311533
TX_5,2012-06-12 12:00:00,15.156226061599105,15.610912843447078
TX_5,2012-06-12 12:30:00,13.053202960789903,13.4447990496136
TX_5,2012-06-12 13:00:00,10.947256936099267,11.275674644182246
TX_5,2012-06-12 13:30:00,11.584194749345482,11.931720591825847
TX_5,2012-06-12 14:00:00,7.9499591581041305,8.188457932847255
TX_5,2012-06-12 14:30:00,8.29547217023758,8.544336335344708
TX_5,2012-06-12 15:00:00,8.37486601622803,8.62611199671487
TX_5,2012-06-12 15:30:00,9.406790577074945,9.688994294387193
TX_5,2012-06-12 16:00:00,11.743666275545198,12.095976263811554
TX_5,2012-06-12 16:30:00,8.527283274086857,8.783101772309463
TX_5,2012-06-12 17:00:00,8.545048042294217,8.801399483563044
TX_5,2012-06-12 17:30:00,7.87208774990514,8.108250382402295
TX_5,2012-06-12 18:00:00,9.000006658143029,9.27000685788732
TX_5,2012-06-12 18:30:00,9.662791129602194,9.95267486349026
TX_5,2012-06-12 19:00:00,12.083360215898876,12.445861022375842
TX_5,2012-06-12 19:30:00,10.084257351074328,10.386785071606559
TX_5,2012-06-12 20:00:00,12.239566525452506,12.606753521216081
TX_5,2012-06-12 20:30:00,15.32025051747125,15.779858032995387
TX_5,2012-06-12 21:00:00,10.680317646351815,11.00072717574237
TX_5,2012-06-12 21:30:00,9.208968951662754,9.485238020212638
TX_5,2012-06-12 22:00:00,9.197832250904835,9.47376721843198
TX_5,2012-06-12 22:30:00,10.935757467063285,11.263830191075183
TX_5,2012-06-12 23:00:00,7.473874875029163,7.698091121280038
TX_5,2012-06-12 23:30:00,4.859925134003906,5.005722888024024
TX_5,2012-06-13 00:00:00,5.198734795899303,5.354696839776282
TX_5,2012-06-13 00:30:00,4.7109764879282405,4.852305782566088
TX_5,2012-06-13 01:00:00,4.682063893841034,4.822525810656265
TX_5,2012-06-13 01:30:00,3.7815033737020554,3.894948474913117
TX_5,2012-06-13 02:00:00,4.927324804505564,5.075144548640731
TX_5,2012-06-13 02:30:00,3.8269230640362704,3.9417307559573587
TX_5,2012-06-13 03:00:00,4.776268017373625,4.919556057894834
TX_5,2012-06-13 03:30:00,3.932327190989405,4.050297006719087
TX_5,2012-06-13 04:00:00,4.65460885674815,4.794247122450595
TX_5,2012-06-13 04:30:00,4.89191878559817,5.038676349166115
TX_5,2012-06-13 05:00:00,4.2942720129249325,4.4231001733126805
TX_5,2012-06-13 05:30:00,4.632412705214175,4.7713850863706
TX_5,2012-06-13 06:00:00,4.151060569750446,4.27559238684296
TX_5,2012-06-13 06:30:00,5.99577604361935,6.175649324927931
TX_5,2012-06-13 07:00:00,6.951081185276837,7.159613620835142
TX_5,2012-06-13 07:30:00,5.7886763630311195,5.962336653922053
TX_5,2012-06-13 08:00:00,4.759974850945296,4.902774096473655
TX_5,2012-06-13 08:30:00,5.963380806604491,6.142282230802626
TX_5,2012-06-13 09:00:00,9.172046403099294,9.447207795192273
TX_5,2012-06-13 09:30:00,6.942053434447047,7.150315037480459
TX_5,2012-06-13 10:00:00,5.837582784472037,6.012710268006198
TX_5,2012-06-13 10:30:00,6.738907987601481,6.9410752272295255
TX_5,2012-06-13 11:00:00,6.260604266154098,6.448422394138721
TX_5,2012-06-13 11:30:00,5.510348703455649,5.675659164559319
TX_5,2012-06-13 12:00:00,7.393176804257305,7.614972108385024
TX_5,2012-06-13 12:30:00,6.302998428636362,6.492088381495453
TX_5,2012-06-13 13:00:00,5.051408061496612,5.2029503033415105
TX_5,2012-06-13 13:30:00,4.696659496676154,4.837559281576438
TX_5,2012-06-13 14:00:00,5.5892511931873194,5.756928728982939
TX_5,2012-06-13 14:30:00,4.203471472954336,4.329575617142966
TX_5,2012-06-13 15:00:00,5.218413827838327,5.374966242673477
TX_5,2012-06-13 15:30:00,7.920528222099514,8.1581440687625
TX_5,2012-06-13 16:00:00,6.543844200569865,6.740159526586961
TX_5,2012-06-13 16:30:00,5.730937451407234,5.902865574949451
TX_5,2012-06-13 17:00:00,6.443470167975679,6.63677427301495
TX_5,2012-06-13 17:30:00,5.907472553911131,6.0846967305284645
TX_5,2012-06-13 18:00:00,5.25951368217145,5.417299092636593
TX_5,2012-06-13 18:30:00,6.383451945605444,6.574955503973607
TX_5,2012-06-13 19:00:00,6.010319079344107,6.19062865172443
TX_5,2012-06-13 19:30:00,5.889869114067742,6.066565187489775
TX_5,2012-06-13 20:00:00,6.05889781377438,6.240664748187612
TX_5,2012-06-13 20:30:00,6.131473770914098,6.31541798404152
TX_5,2012-06-13 21:00:00,6.94221797970928,7.150484519100559
TX_5,2012-06-13 21:30:00,6.603955826946047,6.802074501754428
TX_5,2012-06-13 22:00:00,6.562876335180904,6.7597626252363305
TX_5,2012-06-13 22:30:00,4.600921096976253,4.738948729885541
TX_5,2012-06-13 23:00:00,4.511798524561743,4.647152480298596
TX_5,2012-06-13 23:30:00,3.4056841932192636,3.5078547190158416
TX_5,2012-06-14 00:00:00,4.393031088234761,4.524822020881804
TX_5,2012-06-14 00:30:00,3.502175889460434,3.607241166144247
TX_5,2012-06-14 01:00:00,3.8560469202171377,3.971728327823652
TX_5,2012-06-14 01:30:00,3.635271919231791,3.744330076808745
TX_5,2012-06-14 02:00:00,3.6328475216230465,3.741832947271738
TX_5,2012-06-14 02:30:00,3.4555521060760586,3.5592186692583403
TX_5,2012-06-14 03:00:00,3.542706592527438,3.6489877903032615
TX_5,2012-06-14 03:30:00,3.6967208481361324,3.8076224735802167
TX_5,2012-06-14 04:00:00,3.53138541582729,3.637326978302109
TX_5,2012-06-14 04:30:00,3.436769569267614,3.539872656345642
TX_5,2012-06-14 05:00:00,3.323711096601155,3.4234224294991895
TX_5,2012-06-14 05:30:00,3.926336816993516,4.044126921503322
TX_5,2012-06-14 06:00:00,4.752349760855536,4.894920253681202
TX_5,2012-06-14 06:30:00,4.8269973238979595,4.971807243614898
TX_5,2012-06-14 07:00:00,5.493306637532339,5.65810583665831
TX_5,2012-06-14 07:30:00,6.986182841855659,7.195768327111329
TX_5,2012-06-14 08:00:00,5.255983796377695,5.413663310269026
TX_5,2012-06-14 08:30:00,4.3136270596126804,4.443035871401061
TX_5,2012-06-14 09:00:00,6.226587622363074,6.413385251033967
TX_5,2012-06-14 09:30:00,4.489859229729656,4.624555006621546
TX_5,2012-06-14 10:00:00,4.367037163593258,4.498048278501056
TX_5,2012-06-14 10:30:00,5.957428544781999,6.136151401125459
TX_5,2012-06-14 11:00:00,10.677774647567299,10.998107886994317
TX_5,2012-06-14 11:30:00,6.832754008125647,7.037736628369417
TX_5,2012-06-14 12:00:00,7.104596012579274,7.317733892956653
TX_5,2012-06-14 12:30:00,7.484281281371832,7.708809719812987
TX_5,2012-06-14 13:00:00,9.069070246548703,9.341142353945164
TX_5,2012-06-14 13:30:00,13.138001460962343,13.532141504791214
TX_5,2012-06-14 14:00:00,9.768748478115814,10.061810932459288
TX_5,2012-06-14 14:30:00,4.599922921867667,4.737920609523697
TX_5,2012-06-14 15:00:00,5.901935708501571,6.078993779756618
TX_5,2012-06-14 15:30:00,7.040926870866616,7.252154676992615
TX_5,2012-06-14 16:00:00,4.952282405556373,5.100850877723064
TX_5,2012-06-14 16:30:00,5.0728952389149295,5.225082096082377
TX_5,2012-06-14 17:00:00,5.163969867456388,5.31888896348008
TX_5,2012-06-14 17:30:00,5.774258965140818,5.947486734095042
TX_5,2012-06-14 18:00:00,7.355005479259766,7.5756556436375595
TX_5,2012-06-14 18:30:00,8.658501933602484,8.918256991610559
TX_5,2012-06-14 19:00:00,10.88148100230792,11.207925432377158
TX_5,2012-06-14 19:30:00,12.220613099268764,12.587231492246827
TX_5,2012-06-14 20:00:00,9.678579102598974,9.968936475676943
TX_5,2012-06-14 20:30:00,11.079331458638475,11.411711402397628
TX_5,2012-06-14 21:00:00,10.029956148926733,10.330854833394534
TX_5,2012-06-14 21:30:00,8.587141315593584,8.844755555061392
TX_5,2012-06-14 22:00:00,6.788645735056446,6.992305107108139
TX_5,2012-06-14 22:30:00,4.7415236643448715,4.883769374275218
TX_5,2012-06-14 23:00:00,3.6773600429573094,3.787680844246029
TX_5,2012-06-14 23:30:00,3.2015863622342207,3.2976339531012475
TX_5,2012-06-15 00:00:00,2.7188114421918237,2.8003757854575784
TX_5,2012-06-15 00:30:00,3.3103398071748975,3.4096500013901445
TX_5,2012-06-15 01:00:00,3.528204773715792,3.634050916927266
TX_5,2012-06-15 01:30:00,3.388648575821901,3.490308033096558
TX_5,2012-06-15 02:00:00,3.1855570503330015,3.281123761842992
TX_5,2012-06-15 02:30:00,3.525752435655258,3.631525008724916
TX_5,2012-06-15 03:00:00,3.0755817282336197,3.1678491800806285
TX_5,2012-06-15 03:30:00,4.013894679950876,4.134311520349402
TX_5,2012-06-15 04:00:00,2.842435635789689,2.9277087048633796
TX_5,2012-06-15 04:30:00,4.9255013967389765,5.073266438641146
TX_5,2012-06-15 05:00:00,4.158658755115472,4.283418517768936
TX_5,2012-06-15 05:30:00,4.957709127077462,5.1064404008897855
TX_5,2012-06-15 06:00:00,5.599329582055937,5.767309469517615
TX_5,2012-06-15 06:30:00,7.740366581680401,7.972577579130813
TX_5,2012-06-15 07:00:00,6.043459898517616,6.224763695473145
TX_5,2012-06-15 07:30:00,6.93357693074504,7.141584238667391
TX_5,2012-06-15 08:00:00,15.355584595599852,15.816252133467849
TX_5,2012-06-15 08:30:00,8.39856832952513,8.650525379410883
TX_5,2012-06-15 09:00:00,8.35510395726125,8.605757075979087
TX_5,2012-06-15 09:30:00,7.4840133185994375,7.708533718157421
TX_5,2012-06-15 10:00:00,8.7748333319464,9.038078331904792
TX_5,2012-06-15 10:30:00,15.708461655860813,16.179715505536638
TX_5,2012-06-15 11:00:00,11.672582370250899,12.022759841358425
TX_5,2012-06-15 11:30:00,14.018077053602568,14.438619365210645
TX_5,2012-06-15 12:00:00,16.62034900187286,17.118959471929045
TX_5,2012-06-15 12:30:00,17.483393708674786,18.00789551993503
TX_5,2012-06-15 13:00:00,18.621274573071528,19.179912810263673
TX_5,2012-06-15 13:30:00,15.487932759297294,15.952570742076214
TX_5,2012-06-15 14:00:00,13.050185024166552,13.441690574891549
TX_5,2012-06-15 14:30:00,8.860229122351628,9.126035996022177
TX_5,2012-06-15 15:00:00,8.850195590486921,9.11570145820153
TX_5,2012-06-15 15:30:00,7.258521017189387,7.476276647705069
TX_5,2012-06-15 16:00:00,8.577440173350865,8.834763378551392
TX_5,2012-06-15 16:30:00,7.388725882247552,7.610387658714979
TX_5,2012-06-15 17:00:00,7.296774304157483,7.515677533282208
TX_5,2012-06-15 17:30:00,6.612637495079492,6.811016619931877
TX_5,2012-06-15 18:00:00,8.350115229771056,8.600618686664188
TX_5,2012-06-15 18:30:00,8.778642888143027,9.042002174787319
TX_5,2012-06-15 19:00:00,8.533490892489176,8.789495619263851
TX_5,2012-06-15 19:30:00,8.314858395183046,8.564304147038538
TX_5,2012-06-15 20:00:00,7.416812193063865,7.639316558855781
TX_5,2012-06-15 20:30:00,7.035613038776343,7.246681429939633
TX_5,2012-06-15 21:00:00,6.1684666200912925,6.353520618694032
TX_5,2012-06-15 21:30:00,8.360458924916578,8.611272692664077
TX_5,2012-06-15 22:00:00,8.741150054757405,9.003384556400128
TX_5,2012-06-15 22:30:00,7.193412726625544,7.409215108424311
TX_5,2012-06-15 23:00:00,6.002768592438702,6.182851650211863
TX_5,2012-06-15 23:30:00,6.451917197889427,6.64547471382611
TX_5,2012-06-16 00:00:00,6.471015899148182,6.665146376122628
TX_5,2012-06-16 00:30:00,4.5620999015839505,4.6989628986314695
TX_5,2012-06-16 01:00:00,5.343718539222644,5.504030095399324
TX_5,2012-06-16 01:30:00,3.7686995492717723,3.8817605357499256
TX_5,2012-06-16 02:00:00,4.119021914311843,4.2425925717411985
TX_5,2012-06-16 02:30:00,3.3716591060435395,3.472808879224846
TX_5,2012-06-16 03:00:00,3.852898884316026,3.9684858508455068
TX_5,2012-06-16 03:30:00,3.3637969353546517,3.4647108434152916
TX_5,2012-06-16 04:00:00,3.546729832798483,3.6531317277824376
TX_5,2012-06-16 04:30:00,4.059080280864894,4.180852689290841
TX_5,2012-06-16 05:00:00,4.25827002276242,4.386018123445293
TX_5,2012-06-16 05:30:00,4.584212673167655,4.721739053362684
TX_5,2012-06-16 06:00:00,4.136074099342133,4.2601563223223975
TX_5,2012-06-16 06:30:00,5.495776498728885,5.660649793690752
TX_5,2012-06-16 07:00:00,5.102441752560158,5.255515005136963
TX_5,2012-06-16 07:30:00,6.094866580014025,6.277712577414446
TX_5,2012-06-16 08:00:00,4.698123092605107,4.8390667853832605
TX_5,2012-06-16 08:30:00,7.198131589739183,7.4140755374313585
TX_5,2012-06-16 09:00:00,5.015998435209197,5.166478388265474
TX_5,2012-06-16 09:30:00,5.550575048168721,5.717092299613783
TX_5,2012-06-16 10:00:00,6.455092521804139,6.648745297458263
TX_5,2012-06-16 10:30:00,6.017401839468492,6.197923894652546
TX_5,2012-06-16 11:00:00,5.375602922181157,5.536871009846592
TX_5,2012-06-16 11:30:00,4.5654804223326435,4.702444835002623
TX_5,2012-06-16 12:00:00,5.175936614780424,5.3312147132238366
TX_5,2012-06-16 12:30:00,5.062030907027154,5.213891834237969
TX_5,2012-06-16 13:00:00,6.442975818349285,6.636265092899763
TX_5,2012-06-16 13:30:00,6.290709102490216,6.479430375564923
TX_5,2012-06-16 14:00:00,5.626075763463292,5.794858036367191
TX_5,2012-06-16 14:30:00,6.76994329856915,6.973041597526225
TX_5,2012-06-16 15:00:00,5.536732897801757,5.70283488473581
TX_5,2012-06-16 15:30:00,11.538388421594297,11.884540074242127
TX_5,2012-06-16 16:00:00,6.97047773354015,7.1795920655463545
TX_5,2012-06-16 16:30:00,4.924746065250806,5.072488447208331
TX_5,2012-06-16 17:00:00,6.900308232899901,7.107317479886898
TX_5,2012-06-16 17:30:00,5.999957558381048,6.17995628513248
TX_5,2012-06-16 18:00:00,5.504189494277928,5.669315179106266
TX_5,2012-06-16 18:30:00,4.8259714855072,4.970750630072416
TX_5,2012-06-16 19:00:00,5.584988903289395,5.752538570388078
TX_5,2012-06-16 19:30:00,4.57271568878604,4.709897159449621
TX_5,2012-06-16 20:00:00,8.398005467539587,8.649945631565775
TX_5,2012-06-16 20:30:00,7.961882474909677,8.200738949156968
TX_5,2012-06-16 21:00:00,7.804371007303757,8.03850213752287
TX_5,2012-06-16 21:30:00,6.470899531993541,6.665026517953347
TX_5,2012-06-16 22:00:00,5.374817309060763,5.536061828332586
TX_5,2012-06-16 22:30:00,5.515208634964741,5.680664894013683
TX_5,2012-06-16 23:00:00,4.592062692371779,4.729824573142932
TX_5,2012-06-16 23:30:00,5.087717135065432,5.240348649117395
TX_5,2012-06-17 00:00:00,4.255435814689683,4.383098889130374
TX_5,2012-06-17 00:30:00,6.057569769337767,6.2392968624179
TX_5,2012-06-17 01:00:00,5.005427219812193,5.15559003640656
TX_5,2012-06-17 01:30:00,5.430839832863178,5.593765027849074
TX_5,2012-06-17 02:00:00,4.612545944970836,4.750922323319961
TX_5,2012-06-17 02:30:00,5.122524670828262,5.27620041095311
TX_5,2012-06-17 03:00:00,4.726753512572379,4.8685561179495505
TX_5,2012-06-17 03:30:00,4.9663459281880495,5.115336306033691
TX_5,2012-06-17 04:00:00,5.417711063657787,5.580242395567521
TX_5,2012-06-17 04:30:00,5.047614232866028,5.199042659852009
TX_5,2012-06-17 05:00:00,6.188308352783905,6.373957603367423
TX_5,2012-06-17 05:30:00,5.1007534814690105,5.253776085913081
TX_5,2012-06-17 06:00:00,5.644290478675946,5.813619193036224
TX_5,2012-06-17 06:30:00,4.823936110911859,4.968654194239215
TX_5,2012-06-17 07:00:00,7.997129593734254,8.237043481546282
TX_5,2012-06-17 07:30:00,7.264244507632171,7.482171842861136
TX_5,2012-06-17 08:00:00,6.8913219296310375,7.098061587519969
TX_5,2012-06-17 08:30:00,8.07017164037941,8.312276789590793
TX_5,2012-06-17 09:00:00,7.755838202383764,7.988513348455277
TX_5,2012-06-17 09:30:00,7.221333009660693,7.437972999950514
TX_5,2012-06-17 10:00:00,6.496920571620503,6.691828188769119
TX_5,2012-06-17 10:30:00,7.428007792478623,7.650848026252982
TX_5,2012-06-17 11:00:00,5.619011612967994,5.787581961357034
TX_5,2012-06-17 11:30:00,8.078225659655166,8.320572429444821
TX_5,2012-06-17 12:00:00,6.986305086254399,7.1958942388420315
TX_5,2012-06-17 12:30:00,8.28433274163727,8.532862723886389
TX_5,2012-06-17 13:00:00,10.368476699282882,10.679531000261369
TX_5,2012-06-17 13:30:00,9.217243497658052,9.493760802587794
TX_5,2012-06-17 14:00:00,8.137951925493839,8.382090483258654
TX_5,2012-06-17 14:30:00,7.797922805015148,8.031860489165602
TX_5,2012-06-17 15:00:00,8.308528267330729,8.557784115350652
TX_5,2012-06-17 15:30:00,6.766002914208308,6.968983001634557
TX_5,2012-06-17 16:00:00,8.760766261501109,9.023589249346143
TX_5,2012-06-17 16:30:00,5.812407845873154,5.986780081249349
TX_5,2012-06-17 17:00:00,6.437954154888241,6.631092779534889
TX_5,2012-06-17 17:30:00,6.918735888957347,7.126297965626067
TX_5,2012-06-17 18:00:00,7.150393119058157,7.364904912629902
TX_5,2012-06-17 18:30:00,9.612857678764595,9.901243409127533
TX_5,2012-06-17 19:00:00,11.371955743341605,11.713114415641854
TX_5,2012-06-17 19:30:00,9.540257323477794,9.826465043182129
TX_5,2012-06-17 20:00:00,8.970839088403395,9.239964261055496
TX_5,2012-06-17 20:30:00,10.285929316114974,10.594507195598423
TX_5,2012-06-17 21:00:00,9.843830077359021,10.139144979679791
TX_5,2012-06-17 21:30:00,8.706957837147236,8.968166572261653
TX_5,2012-06-17 22:00:00,7.909063407322547,8.146335309542224
TX_5,2012-06-17 22:30:00,7.810218348685405,8.044524899145967
TX_5,2012-06-17 23:00:00,8.784149893699652,9.047674390510641
TX_5,2012-06-17 23:30:00,6.020004170486245,6.200604295600832
TX_5,2012-06-18 00:00:00,7.198731645877484,7.414693595253809
TX_5,2012-06-18 00:30:00,5.253456143935268,5.411059828253326
TX_5,2012-06-18 01:00:00,6.011242533421508,6.191579809424153
TX_5,2012-06-18 01:30:00,4.898343739710285,5.045294051901593
TX_5,2012-06-18 02:00:00,4.504272215881972,4.639400382358431
TX_5,2012-06-18 02:30:00,4.329335207020393,4.459215263231005
TX_5,2012-06-18 03:00:00,3.378544611154548,3.479900949489185
TX_5,2012-06-18 03:30:00,4.218968702534344,4.345537763610374
TX_5,2012-06-18 04:00:00,3.1604278259405643,3.255240660718781
TX_5,2012-06-18 04:30:00,5.3976439934860085,5.559573313290589
TX_5,2012-06-18 05:00:00,4.773765279277074,4.916978237655386
TX_5,2012-06-18 05:30:00,5.353246400778086,5.513843792801429
TX_5,2012-06-18 06:00:00,5.5206738722994055,5.6862940884683875
TX_5,2012-06-18 06:30:00,6.046394097496812,6.2277859204217165
TX_5,2012-06-18 07:00:00,5.934150461984824,6.112174975844369
TX_5,2012-06-18 07:30:00,6.538301756257401,6.734450808945123
TX_5,2012-06-18 08:00:00,7.924099226616241,8.16182220341473
TX_5,2012-06-18 08:30:00,6.098061712364463,6.281003563735397
TX_5,2012-06-18 09:00:00,9.691342483836577,9.982082758351675
TX_5,2012-06-18 09:30:00,15.212627090634005,15.669005903353025
TX_5,2012-06-18 10:00:00,11.54729400717523,11.893712827390488
TX_5,2012-06-18 10:30:00,10.064694144527868,10.366634968863705
TX_5,2012-06-18 11:00:00,9.10388768621401,9.37700431680043
TX_5,2012-06-18 11:30:00,10.436354398452892,10.749445030406479
TX_5,2012-06-18 12:00:00,8.888294021799657,9.154942842453647
TX_5,2012-06-18 12:30:00,15.752284767887852,16.224853310924487
TX_5,2012-06-18 13:00:00,13.04362343275958,13.434932135742367
TX_5,2012-06-18 13:30:00,9.39589119298528,9.67776792877484
TX_5,2012-06-18 14:00:00,7.592454884203502,7.820228530729607
TX_5,2012-06-18 14:30:00,9.8616401937657,10.15748939957867
TX_5,2012-06-18 15:00:00,8.662538286761542,8.922414435364388
TX_5,2012-06-18 15:30:00,11.842507777237195,12.19778301055431
TX_5,2012-06-18 16:00:00,8.08350325767042,8.326008355400534
TX_5,2012-06-18 16:30:00,10.157349384664768,10.462069866204711
TX_5,2012-06-18 17:00:00,7.723769766055104,7.955482859036757
TX_5,2012-06-18 17:30:00,7.776779137247535,8.010082511364962
TX_5,2012-06-18 18:00:00,7.7579620911408815,7.990700953875108
TX_5,2012-06-18 18:30:00,7.229102006087122,7.445975066269736
TX_5,2012-06-18 19:00:00,8.929976433501508,9.197875726506554
TX_5,2012-06-18 19:30:00,8.109615787687519,8.352904261318145
TX_5,2012-06-18 20:00:00,8.277490899727995,8.525815626719835
TX_5,2012-06-18 20:30:00,8.270206438295677,8.518312631444548
TX_5,2012-06-18 21:00:00,9.617828420738046,9.906363273360189
TX_5,2012-06-18 21:30:00,10.05746580803025,10.359189782271157
TX_5,2012-06-18 22:00:00,10.514221792121923,10.829648445885582
TX_5,2012-06-18 22:30:00,8.992079245804051,9.261841623178173
TX_5,2012-06-18 23:00:00,7.241773544412938,7.459026750745326
TX_5,2012-06-18 23:30:00,7.497552769585418,7.722479352672981
TX_5,2012-06-19 00:00:00,5.039043218843452,5.190214515408756
TX_5,2012-06-19 00:30:00,5.766095279951252,5.93907813834979
TX_5,2012-06-19 01:00:00,4.827441146243945,4.972264380631263
TX_5,2012-06-19 01:30:00,4.379941261934481,4.511339499792515
TX_5,2012-06-19 02:00:00,4.849624772617132,4.995113515795646
TX_5,2012-06-19 02:30:00,4.048965364158695,4.170434325083456
TX_5,2012-06-19 03:00:00,4.9000298382659535,5.047030733413933
TX_5,2012-06-19 03:30:00,4.117142579637829,4.240656857026964
TX_5,2012-06-19 04:00:00,5.05450161949304,5.206136668077831
TX_5,2012-06-19 04:30:00,4.378162053632864,4.50950691524185
TX_5,2012-06-19 05:00:00,5.656362628624987,5.826053507483737
TX_5,2012-06-19 05:30:00,5.684131226762373,5.854655163565244
TX_5,2012-06-19 06:00:00,5.988539387416633,6.168195569039132
TX_5,2012-06-19 06:30:00,6.746443943266949,6.948837261564957
TX_5,2012-06-19 07:00:00,7.881687953165696,8.118138591760667
TX_5,2012-06-19 07:30:00,8.73897799795918,9.001147337897956
TX_5,2012-06-19 08:00:00,10.661047504171169,10.980878929296304
TX_5,2012-06-19 08:30:00,9.00328961797734,9.27338830651666
TX_5,2012-06-19 09:00:00,7.346361606053402,7.566752454235004
TX_5,2012-06-19 09:30:00,13.10832741718026,13.501577239695667
TX_5,2012-06-19 10:00:00,13.122830711888081,13.516515633244724
TX_5,2012-06-19 10:30:00,14.290490004269039,14.71920470439711
TX_5,2012-06-19 11:00:00,15.341158430946747,15.801393183875149
TX_5,2012-06-19 11:30:00,13.275164208723991,13.67341913498571
TX_5,2012-06-19 12:00:00,11.204521338258472,11.540656978406226
TX_5,2012-06-19 12:30:00,12.592671147916098,12.970451282353581
TX_5,2012-06-19 13:00:00,14.18658337591115,14.612180877188484
TX_5,2012-06-19 13:30:00,10.058902081628952,10.360669144077821
TX_5,2012-06-19 14:00:00,8.784494672599003,9.048029512776973
TX_5,2012-06-19 14:30:00,6.786953194275309,6.990561790103569
TX_5,2012-06-19 15:00:00,8.140601373572519,8.384819414779695
TX_5,2012-06-19 15:30:00,8.59642662543675,8.854319424199852
TX_5,2012-06-19 16:00:00,8.463462890053249,8.717366776754846
TX_5,2012-06-19 16:30:00,9.244084972007123,9.521407521167337
TX_5,2012-06-19 17:00:00,8.362317261629403,8.613186779478285
TX_5,2012-06-19 17:30:00,8.701109633428437,8.96214292243129
TX_5,2012-06-19 18:00:00,9.084285957519414,9.356814536244997
TX_5,2012-06-19 18:30:00,9.457437141261716,9.741160255499567
TX_5,2012-06-19 19:00:00,11.303239161995807,11.642336336855681
TX_5,2012-06-19 19:30:00,11.500292404201474,11.845301176327519
TX_5,2012-06-19 20:00:00,11.080182065543044,11.412587527509336
TX_5,2012-06-19 20:30:00,10.1312602888111,10.435198097475434
TX_5,2012-06-19 21:00:00,11.72551470167756,12.077280142727886
TX_5,2012-06-19 21:30:00,9.164150990646597,9.439075520365995
TX_5,2012-06-19 22:00:00,9.72948519930692,10.021369755286127
TX_5,2012-06-19 22:30:00,7.841168563207131,8.076403620103346
TX_5,2012-06-19 23:00:00,7.6680058380501785,7.898046013191684
TX_5,2012-06-19 23:30:00,5.24368807916303,5.4009987215379205
TX_5,2012-06-20 00:00:00,5.907243035859578,6.084460326935365
TX_5,2012-06-20 00:30:00,5.506091460328971,5.67127420413884
TX_5,2012-06-20 01:00:00,5.095270994823544,5.24812912466825
TX_5,2012-06-20 01:30:00,3.938916744624399,4.0570842469631305
TX_5,2012-06-20 02:00:00,3.4885547224462874,3.593211364119676
TX_5,2012-06-20 02:30:00,5.247435246084924,5.404858303467472
TX_5,2012-06-20 03:00:00,2.8943055017381645,2.9811346667903096
TX_5,2012-06-20 03:30:00,4.380040234043036,4.511441441064327
TX_5,2012-06-20 04:00:00,3.1210784109226046,3.2147107632502827
TX_5,2012-06-20 04:30:00,4.093337533446732,4.216137659450134
TX_5,2012-06-20 05:00:00,4.390523714134299,4.522239425558328
TX_5,2012-06-20 05:30:00,4.817890455794302,4.962427169468131
TX_5,2012-06-20 06:00:00,4.866206604302416,5.012192802431489
TX_5,2012-06-20 06:30:00,5.083027996744547,5.235518836646883
TX_5,2012-06-20 07:00:00,7.904494243534411,8.141629070840443
TX_5,2012-06-20 07:30:00,7.99155997238823,8.231306771559877
TX_5,2012-06-20 08:00:00,7.01178908918287,7.222142761858357
TX_5,2012-06-20 08:30:00,6.195802979078885,6.381677068451252
TX_5,2012-06-20 09:00:00,10.114735697508817,10.41817776843408
TX_5,2012-06-20 09:30:00,12.485141198399571,12.859695434351558
TX_5,2012-06-20 10:00:00,8.345333883305535,8.595693899804703
TX_6,2012-05-21 10:30:00,0.9188831722209887,0.9464496673876184
TX_6,2012-05-21 11:00:00,0.4558562694338914,0.4695319575169082
TX_6,2012-05-21 11:30:00,0.49201232788679816,0.5067726977234022
TX_6,2012-05-21 12:00:00,0.603671759289307,0.6217819120679863
TX_6,2012-05-21 12:30:00,0.6790347377441731,0.6994057798764983
TX_6,2012-05-21 13:00:00,0.9616891929852669,0.9905398687748249
TX_6,2012-05-21 13:30:00,0.7423636037070944,0.7646345118183073
TX_6,2012-05-21 14:00:00,0.6884669972525571,0.7091210071701338
TX_6,2012-05-21 14:30:00,0.7146271930434335,0.7360660088347365
TX_6,2012-05-21 15:00:00,0.45886007630736647,0.4726258785965875
TX_6,2012-05-21 15:30:00,0.8387581333224895,0.8639208773221642
TX_6,2012-05-21 16:00:00,0.8358577603277677,0.8609334931376008
TX_6,2012-05-21 16:30:00,0.7270574370851861,0.7488691601977417
TX_6,2012-05-21 17:00:00,0.6475250375537192,0.6669507886803308
TX_6,2012-05-21 17:30:00,1.1621857198724734,1.1970512914686477
TX_6,2012-05-21 18:00:00,2.1804325243360685,2.245845500066151
TX_6,2012-05-21 18:30:00,1.8328591423612524,1.88784491663209
TX_6,2012-05-21 19:00:00,1.274106389705747,1.3123295813969194
TX_6,2012-05-21 19:30:00,0.9533696845393183,0.9819707750754978
TX_6,2012-05-21 20:00:00,0.9565510413059807,0.9852475725451602
TX_6,2012-05-21 20:30:00,1.0534478637821403,1.0850512996956045
TX_6,2012-05-21 21:00:00,0.9815020471820658,1.010947108597528
TX_6,2012-05-21 21:30:00,1.505350440570721,1.5505109537878428
TX_6,2012-05-21 22:00:00,1.1713028610135892,1.2064419468439969
TX_6,2012-05-21 22:30:00,0.6314286484408567,0.6503715078940824
TX_6,2012-05-21 23:00:00,1.1980325226950277,1.2339734983758786
TX_6,2012-05-21 23:30:00,0.4937492294280732,0.5085617063109155
TX_6,2012-05-22 00:00:00,0.575401825260794,0.5926638800186178
TX_6,2012-05-22 00:30:00,0.4744171964444285,0.48864971233776133
TX_6,2012-05-22 01:00:00,0.5440385570519297,0.5603597137634876
TX_6,2012-05-22 01:30:00,0.5430927405893514,0.559385522807032
TX_6,2012-05-22 02:00:00,0.46743581672726603,0.48145889122908403
TX_6,2012-05-22 02:30:00,0.5610717295031393,0.5779038813882336
TX_6,2012-05-22 03:00:00,0.47203719697050683,0.48619831287962206
TX_6,2012-05-22 03:30:00,0.5216833872559451,0.5373338888736234
TX_6,2012-05-22 04:00:00,0.4052731876573399,0.4174313832870601
TX_6,2012-05-22 04:30:00,0.5180944737291933,0.5336373079410691
TX_6,2012-05-22 05:00:00,0.3413136211343948,0.3515530297684266
TX_6,2012-05-22 05:30:00,0.3760481336208863,0.38732957762951287
TX_6,2012-05-22 06:00:00,0.3595860862195722,0.3703736688061594
TX_6,2012-05-22 06:30:00,0.3709288004229837,0.3820566644356732
TX_6,2012-05-22 07:00:00,0.8645884587535646,0.8905261125161715
TX_6,2012-05-22 07:30:00,0.9548943027633598,0.9835411318462607
TX_6,2012-05-22 08:00:00,0.5242497764726256,0.5399772697668044
TX_6,2012-05-22 08:30:00,1.3808648150479907,1.4222907594994305
TX_6,2012-05-22 09:00:00,0.7652636840995741,0.7882215946225614
TX_6,2012-05-22 09:30:00,0.5042000722681947,0.5193260744362406
TX_6,2012-05-22 10:00:00,0.5490139024958625,0.5654843195707383
TX_6,2012-05-22 10:30:00,0.6160156025104742,0.6344960705857884
TX_6,2012-05-22 11:00:00,1.2308621241921458,1.2677879879179101
TX_6,2012-05-22 11:30:00,0.9874245835649375,1.0170473210718856
TX_6,2012-05-22 12:00:00,0.7216658767428514,0.743315853045137
TX_6,2012-05-22 12:30:00,0.6328149948565367,0.6517994447022328
TX_6,2012-05-22 13:00:00,0.6435858439336363,0.6628934192516454
TX_6,2012-05-22 13:30:00,0.6437131576053972,0.6630245523335591
TX_6,2012-05-22 14:00:00,0.670352641057859,0.6904632202895947
TX_6,2012-05-22 14:30:00,0.450730384798952,0.4642522963429206
TX_6,2012-05-22 15:00:00,0.49397835068535323,0.5087977012059138
TX_6,2012-05-22 15:30:00,0.4469283648992838,0.46033621584626233
TX_6,2012-05-22 16:00:00,0.7843808646299815,0.8079122905688809
TX_6,2012-05-22 16:30:00,0.5953265064741563,0.6131863016683811
TX_6,2012-05-22 17:00:00,0.8835784509688033,0.9100858044978674
TX_6,2012-05-22 17:30:00,0.8378530465638356,0.8629886379607508
TX_6,2012-05-22 18:00:00,1.8281187378023023,1.8829622999363713
TX_6,2012-05-22 18:30:00,0.9317042245075638,0.9596553512427908
TX_6,2012-05-22 19:00:00,0.6434840308911359,0.66278855181787
TX_6,2012-05-22 19:30:00,0.7736111148635052,0.7968194483094104
TX_6,2012-05-22 20:00:00,1.0509503309318629,1.0824788408598187
TX_6,2012-05-22 20:30:00,0.8556014160447987,0.8812694585261427
TX_6,2012-05-22 21:00:00,0.9067559075430525,0.933958584769344
TX_6,2012-05-22 21:30:00,0.6414041620685009,0.6606462869305559
TX_6,2012-05-22 22:00:00,0.566131287559814,0.5831152261866085
TX_6,2012-05-22 22:30:00,0.4919391909370205,0.5066973666651311
TX_6,2012-05-22 23:00:00,0.5986336716787255,0.6165926818290873
TX_6,2012-05-22 23:30:00,0.4199814900739714,0.43258093477619053
TX_6,2012-05-23 00:00:00,0.6306277609887552,0.6495465938184178
TX_6,2012-05-23 00:30:00,0.3208460951328185,0.33047147798680304
TX_6,2012-05-23 01:00:00,0.428474046775581,0.4413282681788484
TX_6,2012-05-23 01:30:00,0.3158159454647941,0.3252904238287379
TX_6,2012-05-23 02:00:00,0.5167204742828131,0.5322220885112975
TX_6,2012-05-23 02:30:00,0.4219605232983116,0.4346193389972609
TX_6,2012-05-23 03:00:00,0.499187071543235,0.5141626836895321
TX_6,2012-05-23 03:30:00,0.4002013729578623,0.4122074141465982
TX_6,2012-05-23 04:00:00,0.2974829739724947,0.3064074631916695
TX_6,2012-05-23 04:30:00,0.6007828972276497,0.6188063841444792
TX_6,2012-05-23 05:00:00,0.5244951525890007,0.5402300071666707
TX_6,2012-05-23 05:30:00,0.8150110462235263,0.8394613776102321
TX_6,2012-05-23 06:00:00,1.0795599067157993,1.1119467039172732
TX_6,2012-05-23 06:30:00,1.014100133903327,1.044523137920427
TX_6,2012-05-23 07:00:00,0.6391774897357587,0.6583528144278314
TX_6,2012-05-23 07:30:00,1.0767958027035585,1.1090996767846653
TX_6,2012-05-23 08:00:00,1.2564076814896106,1.2940999119342989
TX_6,2012-05-23 08:30:00,1.3957252472355426,1.437597004652609
TX_6,2012-05-23 09:00:00,2.270731649198751,2.338853598674713
TX_6,2012-05-23 09:30:00,4.104979082035433,4.228128454496496
TX_6,2012-05-23 10:00:00,6.872519835942911,7.078695431021198
TX_6,2012-05-23 10:30:00,6.551170167505895,6.747705272531072
TX_6,2012-05-23 11:00:00,6.2088832558062865,6.395149753480475
TX_6,2012-05-23 11:30:00,5.175845261196852,5.331120619032758
TX_6,2012-05-23 12:00:00,5.6912336161704715,5.861970624655585
TX_6,2012-05-23 12:30:00,5.912974490316325,6.0903637250258145
TX_6,2012-05-23 13:00:00,5.33735355607504,5.497474162757291
TX_6,2012-05-23 13:30:00,6.272903766695798,6.461090879696672
TX_6,2012-05-23 14:00:00,5.139146960839101,5.293321369664274
TX_6,2012-05-23 14:30:00,4.975871638541266,5.125147787697504
TX_6,2012-05-23 15:00:00,5.675589264019925,5.845856941940522
TX_6,2012-05-23 15:30:00,4.641437802580282,4.78068093665769
TX_6,2012-05-23 16:00:00,4.632110795230131,4.771074119087035
TX_6,2012-05-23 16:30:00,5.802717813880322,5.976799348296732
TX_6,2012-05-23 17:00:00,6.669234186113796,6.86931121169721
TX_6,2012-05-23 17:30:00,5.956928423622027,6.135636276330688
TX_6,2012-05-23 18:00:00,5.848229197984071,6.0236760739235935
TX_6,2012-05-23 18:30:00,7.1321150338405195,7.3460784848557354
TX_6,2012-05-23 19:00:00,8.242747878741245,8.490030315103482
TX_6,2012-05-23 19:30:00,7.5033349308687844,7.728434978794848
TX_6,2012-05-23 20:00:00,6.842347722293983,7.0476181539628024
TX_6,2012-05-23 20:30:00,8.148986400754763,8.393455992777406
TX_6,2012-05-23 21:00:00,6.757686451354818,6.960417044895463
TX_6,2012-05-23 21:30:00,6.952161062083811,7.160725893946326
TX_6,2012-05-23 22:00:00,8.472618887086284,8.726797453698873
TX_6,2012-05-23 22:30:00,5.574870926253949,5.742117054041567
TX_6,2012-05-23 23:00:00,4.229226156655477,4.356102941355141
TX_6,2012-05-23 23:30:00,3.806233705968025,3.920420717147066
TX_6,2012-05-24 00:00:00,3.5456874151881848,3.6520580376438305
TX_6,2012-05-24 00:30:00,3.5270417845644193,3.632853038101352
TX_6,2012-05-24 01:00:00,3.1318888704596173,3.225845536573406
TX_6,2012-05-24 01:30:00,3.1643179695568273,3.2592475086435324
TX_6,2012-05-24 02:00:00,3.0364324033394587,3.1275253754396424
TX_6,2012-05-24 02:30:00,3.125749490427112,3.2195219751399256
TX_6,2012-05-24 03:00:00,4.300827640603402,4.429852469821505
TX_6,2012-05-24 03:30:00,2.7422611516844637,2.8245289862349976
TX_6,2012-05-24 04:00:00,3.0255878444639768,3.116355479797896
TX_6,2012-05-24 04:30:00,2.7154387649457825,2.7969019278941563
TX_6,2012-05-24 05:00:00,5.279193483171502,5.437569287666648
TX_6,2012-05-24 05:30:00,3.653724697443291,3.76333643836659
TX_6,2012-05-24 06:00:00,3.68044293716276,3.790856225277643
TX_6,2012-05-24 06:30:00,5.206372229919079,5.362563396816652
TX_6,2012-05-24 07:00:00,6.242870539724726,6.430156655916468
TX_6,2012-05-24 07:30:00,5.844281055407992,6.019609487070231
TX_6,2012-05-24 08:00:00,5.346944075788818,5.507352398062483
TX_6,2012-05-24 08:30:00,4.574115569519387,4.7113390366049686
TX_6,2012-05-24 09:00:00,4.002585780704301,4.1226633541254305
TX_6,2012-05-24 09:30:00,4.293454371382627,4.4222580025241065
TX_6,2012-05-24 10:00:00,4.632942582586584,4.771930860064182
TX_6,2012-05-24 10:30:00,5.966684674504276,6.145685214739404
TX_6,2012-05-24 11:00:00,4.90309499574899,5.05018784562146
TX_6,2012-05-24 11:30:00,3.9823762244845726,4.10184751121911
TX_6,2012-05-24 12:00:00,4.298131916820536,4.427075874325152
TX_6,2012-05-24 12:30:00,4.592203598364001,4.729969706314921
TX_6,2012-05-24 13:00:00,4.87828939601656,5.024638077897056
TX_6,2012-05-24 13:30:00,4.282229261653102,4.410696139502695
TX_6,2012-05-24 14:00:00,4.195565881922771,4.3214328583804535
TX_6,2012-05-24 14:30:00,3.5800131836659275,3.6874135791759053
TX_6,2012-05-24 15:00:00,4.546051221315941,4.68243275795542
TX_6,2012-05-24 15:30:00,6.3281204287406085,6.517964041602827
TX_6,2012-05-24 16:00:00,6.326451917215761,6.516245474732234
TX_6,2012-05-24 16:30:00,5.4229454546600255,5.585633818299827
TX_6,2012-05-24 17:00:00,6.439194006023787,6.632369826204501
TX_6,2012-05-24 17:30:00,5.5993043485798735,5.76728347903727
TX_6,2012-05-24 18:00:00,8.03776198707544,8.278894846687702
TX_6,2012-05-24 18:30:00,6.713382257249834,6.91478372496733
TX_6,2012-05-24 19:00:00,7.110625708806911,7.323944480071118
TX_6,2012-05-24 19:30:00,5.942730780149579,6.121012703554066
TX_6,2012-05-24 20:00:00,6.867327701971495,7.07334753303064
TX_6,2012-05-24 20:30:00,7.591834422098495,7.81958945476145
TX_6,2012-05-24 21:00:00,7.906236379554388,8.14342347094102
TX_6,2012-05-24 21:30:00,6.782062436650938,6.985524309750467
TX_6,2012-05-24 22:00:00,5.815850069657552,5.990325571747278
TX_6,2012-05-24 22:30:00,5.690356967309179,5.861067676328455
TX_6,2012-05-24 23:00:00,4.363253888868226,4.494151505534274
TX_6,2012-05-24 23:30:00,4.519797983999668,4.655391923519658
TX_6,2012-05-25 00:00:00,3.406459220274115,3.5086529968823386
TX_6,2012-05-25 00:30:00,3.0490976119825217,3.1405705403419972
TX_6,2012-05-25 01:00:00,3.831421781464122,3.946364434908046
TX_6,2012-05-25 01:30:00,3.6712317759714685,3.781368729250613
TX_6,2012-05-25 02:00:00,3.9321703010208875,4.050135410051515
TX_6,2012-05-25 02:30:00,4.482964971132238,4.617453920266205
TX_6,2012-05-25 03:00:00,3.6463582920625317,3.7557490408244076
TX_6,2012-05-25 03:30:00,2.6501075337752886,2.7296107597885473
TX_6,2012-05-25 04:00:00,2.858709536816557,2.944470822921054
TX_6,2012-05-25 04:30:00,2.9851126494092233,3.0746660288915
TX_6,2012-05-25 05:00:00,3.441164464620526,3.544399398559142
TX_6,2012-05-25 05:30:00,4.689138235757204,4.82981238282992
TX_6,2012-05-25 06:00:00,4.500941367813111,4.635969608847504
TX_6,2012-05-25 06:30:00,4.679737787735836,4.820129921367911
TX_6,2012-05-25 07:00:00,4.203425327955872,4.329528087794548
TX_6,2012-05-25 07:30:00,6.142288426303123,6.326557079092217
TX_6,2012-05-25 08:00:00,5.128025503773507,5.281866268886713
TX_6,2012-05-25 08:30:00,3.7954767091728425,3.9093410104480277
TX_6,2012-05-25 09:00:00,3.5975222666718727,3.705447934672029
TX_6,2012-05-25 09:30:00,3.2367668433975565,3.333869848699483
TX_6,2012-05-25 10:00:00,4.40582846115642,4.538003314991113
TX_6,2012-05-25 10:30:00,3.790896931809692,3.904623839763983
TX_6,2012-05-25 11:00:00,4.426985928424093,4.559795506276816
TX_6,2012-05-25 11:30:00,4.03480577390558,4.155849947122747
TX_6,2012-05-25 12:00:00,7.468696657899067,7.69275755763604
TX_6,2012-05-25 12:30:00,5.245783761983004,5.403157274842495
TX_6,2012-05-25 13:00:00,4.572762456736725,4.709945330438827
TX_6,2012-05-25 13:30:00,4.483432018607971,4.61793497916621
TX_6,2012-05-25 14:00:00,4.3415674096544565,4.4718144319440905
TX_6,2012-05-25 14:30:00,3.9905555535960926,4.110272220203975
TX_6,2012-05-25 15:00:00,3.617232253179541,3.725749220774927
TX_6,2012-05-25 15:30:00,4.73628007060529,4.878368472723449
TX_6,2012-05-25 16:00:00,6.29900293975138,6.487973027943921
TX_6,2012-05-25 16:30:00,5.047767793093109,5.199200826885902
TX_6,2012-05-25 17:00:00,7.417701454876459,7.640232498522753
TX_6,2012-05-25 17:30:00,8.99745531512415,9.267378974577873
TX_6,2012-05-25 18:00:00,9.959076401563292,10.25784869361019
TX_6,2012-05-25 18:30:00,8.036236099648162,8.277323182637607
TX_6,2012-05-25 19:00:00,7.929008441362486,8.16687869460336
TX_6,2012-05-25 19:30:00,7.203381036039808,7.419482467121003
TX_6,2012-05-25 20:00:00,6.886055989369999,7.092637669051099
TX_6,2012-05-25 20:30:00,5.969914104945405,6.149011528093768
TX_6,2012-05-25 21:00:00,7.312802677677979,7.532186758008319
TX_6,2012-05-25 21:30:00,6.415049519382798,6.607501004964282
TX_6,2012-05-25 22:00:00,6.437802117631557,6.6309361811605045
TX_6,2012-05-25 22:30:00,5.1095698130562015,5.262856907447888
TX_6,2012-05-25 23:00:00,5.050104165021024,5.201607289971655
TX_6,2012-05-25 23:30:00,4.11287401663268,4.236260237131661
TX_6,2012-05-26 00:00:00,4.2168359550454895,4.343341033696854
TX_6,2012-05-26 00:30:00,3.0222375578107616,3.1129046845450845
TX_6,2012-05-26 01:00:00,2.3383013562914963,2.4084503969802413
TX_6,2012-05-26 01:30:00,3.624852007486582,3.73359756771118
TX_6,2012-05-26 02:00:00,2.5058545882005463,2.581030225846563
TX_6,2012-05-26 02:30:00,3.7483476096863053,3.8607980379768945
TX_6,2012-05-26 03:00:00,2.8917810320109116,2.978534462971239
TX_6,2012-05-26 03:30:00,3.010085370736574,3.100387931858671
TX_6,2012-05-26 04:00:00,2.791586177307057,2.875333762626269
TX_6,2012-05-26 04:30:00,2.5889336970354324,2.6666017079464956
TX_6,2012-05-26 05:00:00,2.944179843057022,3.0325052383487328
TX_6,2012-05-26 05:30:00,3.08508948230902,3.1776421667782904
TX_6,2012-05-26 06:00:00,3.0052490181808134,3.095406488726238
TX_6,2012-05-26 06:30:00,4.227112176781223,4.35392554208466
TX_6,2012-05-26 07:00:00,6.15868997528328,6.343450674541779
TX_6,2012-05-26 07:30:00,5.424350680440097,5.5870812008533
TX_6,2012-05-26 08:00:00,5.1671729700646845,5.322188159166625
TX_6,2012-05-26 08:30:00,5.768045310035944,5.941086669337023
TX_6,2012-05-26 09:00:00,6.209119868258751,6.3953934643065145
TX_6,2012-05-26 09:30:00,5.573630978592346,5.740839907950117
TX_6,2012-05-26 10:00:00,5.73176532464314,5.9037182843824345
TX_6,2012-05-26 10:30:00,5.780947444172274,5.9543758674974425
TX_6,2012-05-26 11:00:00,5.266540658778738,5.4245368785421
TX_6,2012-05-26 11:30:00,5.541045886718504,5.7072772633200595
TX_6,2012-05-26 12:00:00,5.818999225599489,5.993569202367474
TX_6,2012-05-26 12:30:00,6.472130114078771,6.6662940175011345
TX_6,2012-05-26 13:00:00,4.277968687189889,4.406307747805586
TX_6,2012-05-26 13:30:00,6.809939578021259,7.014237765361897
TX_6,2012-05-26 14:00:00,4.518764702118213,4.65432764318176
TX_6,2012-05-26 14:30:00,5.174925443359693,5.330173206660484
TX_6,2012-05-26 15:00:00,4.573154450136687,4.7103490836407875
TX_6,2012-05-26 15:30:00,4.912813027944679,5.060197418783019
TX_6,2012-05-26 16:00:00,6.135367176789553,6.31942819209324
TX_6,2012-05-26 16:30:00,4.275715199628746,4.403986655617609
TX_6,2012-05-26 17:00:00,4.644237480884456,4.78356460531099
TX_6,2012-05-26 17:30:00,6.271397066236714,6.459538978223816
TX_6,2012-05-26 18:00:00,4.839494705439253,4.984679546602431
TX_6,2012-05-26 18:30:00,3.562028362798636,3.6688892136825952
TX_6,2012-05-26 19:00:00,6.401667272948214,6.59371729113666
TX_6,2012-05-26 19:30:00,6.13662955119287,6.320728437728657
TX_6,2012-05-26 20:00:00,7.263991051249289,7.481910782786768
TX_6,2012-05-26 20:30:00,6.157506225465929,6.342231412229907
TX_6,2012-05-26 21:00:00,5.571203804654976,5.738339918794625
TX_6,2012-05-26 21:30:00,5.788671663027571,5.962331812918399
TX_6,2012-05-26 22:00:00,5.3543841441150395,5.515015668438491
TX_6,2012-05-26 22:30:00,4.6029106257263,4.740997944498089
TX_6,2012-05-26 23:00:00,4.892414236395205,5.039186663487062
TX_6,2012-05-26 23:30:00,3.9244813405622097,4.042215780779076
TX_6,2012-05-27 00:00:00,3.711482867405334,3.822827353427494
TX_6,2012-05-27 00:30:00,3.278560951926926,3.376917780484734
TX_6,2012-05-27 01:00:00,3.972892718309704,4.092079499858995
TX_6,2012-05-27 01:30:00,3.8151705943925887,3.9296257122243663
TX_6,2012-05-27 02:00:00,3.952378387313155,4.0709497389325495
TX_6,2012-05-27 02:30:00,3.665700315874869,3.7756713253511154
TX_6,2012-05-27 03:00:00,3.2252844840347707,3.322043018555814
TX_6,2012-05-27 03:30:00,2.7127670880432504,2.794150100684548
TX_6,2012-05-27 04:00:00,2.9311668312848935,3.0191018362234403
TX_6,2012-05-27 04:30:00,2.6476669731332954,2.727096982327294
TX_6,2012-05-27 05:00:00,2.989537792516532,3.079223926292028
TX_6,2012-05-27 05:30:00,3.574826693863528,3.682071494679434
TX_6,2012-05-27 06:00:00,4.118184596579598,4.2417301344769855
TX_6,2012-05-27 06:30:00,3.276774482888256,3.375077717374904
TX_6,2012-05-27 07:00:00,4.514277772643174,4.649706105822469
TX_6,2012-05-27 07:30:00,4.3945955735098385,4.526433440715134
TX_6,2012-05-27 08:00:00,5.280956208370509,5.439384894621624
TX_6,2012-05-27 08:30:00,5.145831217611101,5.300206154139434
TX_6,2012-05-27 09:00:00,4.6361922336337695,4.775278000642783
TX_6,2012-05-27 09:30:00,6.148884948703602,6.33335149716471
TX_6,2012-05-27 10:00:00,7.4986008151869,7.723558839642507
TX_6,2012-05-27 10:30:00,6.341730364103023,6.531982275026114
TX_6,2012-05-27 11:00:00,5.1094987888273495,5.262783752492171
TX_6,2012-05-27 11:30:00,5.830884575014976,6.005811112265426
TX_6,2012-05-27 12:00:00,5.370474299479258,5.531588528463636
TX_6,2012-05-27 12:30:00,6.893120214904968,7.099913821352118
TX_6,2012-05-27 13:00:00,5.32140711515985,5.481049328614646
TX_6,2012-05-27 13:30:00,5.157124064803972,5.311837786748091
TX_6,2012-05-27 14:00:00,5.271973484754814,5.430132689297459
TX_6,2012-05-27 14:30:00,5.562308895590656,5.729178162458376
TX_6,2012-05-27 15:00:00,5.327103985859791,5.486917105435585
TX_6,2012-05-27 15:30:00,4.556191017729366,4.692876748261247
TX_6,2012-05-27 16:00:00,6.803725061958967,7.007836813817736
TX_6,2012-05-27 16:30:00,6.362915958091728,6.55380343683448
TX_6,2012-05-27 17:00:00,7.957888424797326,8.196625077541245
TX_6,2012-05-27 17:30:00,7.490982625738703,7.715712104510865
TX_6,2012-05-27 18:00:00,7.20455550237625,7.4206921674475375
TX_6,2012-05-27 18:30:00,7.070880391754841,7.283006803507487
TX_6,2012-05-27 19:00:00,5.25830502433558,5.416054175065647
TX_6,2012-05-27 19:30:00,5.09228528033033,5.24505383874024
TX_6,2012-05-27 20:00:00,5.268280733655743,5.426329155665416
TX_6,2012-05-27 20:30:00,5.848245207428836,6.023692563651702
TX_6,2012-05-27 21:00:00,6.365285364020878,6.556243924941505
TX_6,2012-05-27 21:30:00,8.284697135934787,8.53323805001283
TX_6,2012-05-27 22:00:00,6.414114272281287,6.606537700449726
TX_6,2012-05-27 22:30:00,5.024270542973127,5.174998659262322
TX_6,2012-05-27 23:00:00,4.383483226290772,4.5149877230794955
TX_6,2012-05-27 23:30:00,3.9614254414668766,4.080268204710883
TX_6,2012-05-28 00:00:00,3.787254348358421,3.9008719788091737
TX_6,2012-05-28 00:30:00,3.053500886580237,3.145105913177644
TX_6,2012-05-28 01:00:00,2.993056281405269,3.0828479698474274
TX_6,2012-05-28 01:30:00,3.134049083806286,3.228070556320475
TX_6,2012-05-28 02:00:00,3.2690212815240285,3.3670919199697495
TX_6,2012-05-28 02:30:00,3.6442124965030938,3.7535388713981868
TX_6,2012-05-28 03:00:00,4.229435189778043,4.3563182454713845
TX_6,2012-05-28 03:30:00,2.831896068334008,2.9168529503840284
TX_6,2012-05-28 04:00:00,4.29478255727576,4.423626033994033
TX_6,2012-05-28 04:30:00,2.7719905899844526,2.8551503076839864
TX_6,2012-05-28 05:00:00,3.2773838102933026,3.3757053246021016
TX_6,2012-05-28 05:30:00,4.1530116972083215,4.277602048124571
TX_6,2012-05-28 06:00:00,4.216734478227526,4.343236512574352
TX_6,2012-05-28 06:30:00,3.863548054544672,3.9794544961810123
TX_6,2012-05-28 07:00:00,4.8476985625428615,4.993129519419147
TX_6,2012-05-28 07:30:00,5.409340285579057,5.571620494146429
TX_6,2012-05-28 08:00:00,4.993717458406873,5.143528982159079
TX_6,2012-05-28 08:30:00,5.35103377457727,5.511564787814589
TX_6,2012-05-28 09:00:00,4.750886989641858,4.893413599331113
TX_6,2012-05-28 09:30:00,3.780967349806175,3.8943963703003606
TX_6,2012-05-28 10:00:00,4.548616009143766,4.685074489418079
TX_6,2012-05-28 10:30:00,3.9439656154420133,4.0622845839052735
TX_6,2012-05-28 11:00:00,3.82327821734052,3.937976563860736
TX_6,2012-05-28 11:30:00,2.969033585993031,3.058104593572822
TX_6,2012-05-28 12:00:00,4.49584802883454,4.630723469699576
TX_6,2012-05-28 12:30:00,3.2390004956183494,3.3361705104869
TX_6,2012-05-28 13:00:00,3.6372128258821466,3.7463292106586112
TX_6,2012-05-28 13:30:00,4.21600193985325,4.342481998048847
TX_6,2012-05-28 14:00:00,4.643675385512216,4.782985647077583
TX_6,2012-05-28 14:30:00,4.787068664756082,4.930680724698765
TX_6,2012-05-28 15:00:00,3.896041431731568,4.012922674683515
TX_6,2012-05-28 15:30:00,4.028189887727384,4.149035584359206
TX_6,2012-05-28 16:00:00,6.429107842904848,6.621981078191994
TX_6,2012-05-28 16:30:00,4.507950054891631,4.64318855653838
TX_6,2012-05-28 17:00:00,6.878619708368943,7.084978299620011
TX_6,2012-05-28 17:30:00,8.654196411041436,8.91382230337268
TX_6,2012-05-28 18:00:00,6.4491725567168965,6.6426477334184035
TX_6,2012-05-28 18:30:00,6.569592940897132,6.766680729124046
TX_6,2012-05-28 19:00:00,8.129411211533672,8.373293547879681
TX_6,2012-05-28 19:30:00,8.803931702099286,9.068049653162264
TX_6,2012-05-28 20:00:00,8.169376311584214,8.41445760093174
TX_6,2012-05-28 20:30:00,8.76339053177849,9.026292247731845
TX_6,2012-05-28 21:00:00,8.424466053688892,8.67720003529956
TX_6,2012-05-28 21:30:00,7.442678221616972,7.665958568265481
TX_6,2012-05-28 22:00:00,6.346734011511062,6.537136031856394
TX_6,2012-05-28 22:30:00,5.237797511967356,5.394931437326377
TX_6,2012-05-28 23:00:00,4.218240657283848,4.344787877002363
TX_6,2012-05-28 23:30:00,3.9806071006835273,4.100025313704033
TX_6,2012-05-29 00:00:00,3.681246979172526,3.791684388547702
TX_6,2012-05-29 00:30:00,3.352569711601346,3.453146802949387
TX_6,2012-05-29 01:00:00,3.5124794330623863,3.617853816054258
TX_6,2012-05-29 01:30:00,3.2491821247826036,3.3466575885260816
TX_6,2012-05-29 02:00:00,3.998686542442918,4.118647138716206
TX_6,2012-05-29 02:30:00,3.2816414821584865,3.380090726623241
TX_6,2012-05-29 03:00:00,3.6422043255356216,3.7514704553016904
TX_6,2012-05-29 03:30:00,2.578986059211664,2.656355640988014
TX_6,2012-05-29 04:00:00,3.1187077787249526,3.2122690120867015
TX_6,2012-05-29 04:30:00,2.8487586890443013,2.9342214497156305
TX_6,2012-05-29 05:00:00,2.9684283991333666,3.057481251107368
TX_6,2012-05-29 05:30:00,3.628949100471119,3.737817573485253
TX_6,2012-05-29 06:00:00,4.897859104309744,5.0447948774390365
TX_6,2012-05-29 06:30:00,5.224679811897936,5.381420206254874
TX_6,2012-05-29 07:00:00,4.505803077382891,4.640977169704378
TX_6,2012-05-29 07:30:00,5.166023861605281,5.32100457745344
TX_6,2012-05-29 08:00:00,4.929412570758405,5.077294947881158
TX_6,2012-05-29 08:30:00,4.758862852369959,4.901628737941058
TX_6,2012-05-29 09:00:00,6.610626182792627,6.808944968276406
TX_6,2012-05-29 09:30:00,5.574131157082436,5.74135509179491
TX_6,2012-05-29 10:00:00,5.9496056218891535,6.128093790545829
TX_6,2012-05-29 10:30:00,5.689277564328365,5.859955891258216
TX_6,2012-05-29 11:00:00,4.880187897484788,5.026593534409332
TX_6,2012-05-29 11:30:00,5.3785556341701914,5.5399123031952975
TX_6,2012-05-29 12:00:00,5.0023097400649155,5.152379032266863
TX_6,2012-05-29 12:30:00,4.409365076003275,4.541646028283373
TX_6,2012-05-29 13:00:00,4.235123361278461,4.362177062116815
TX_6,2012-05-29 13:30:00,3.9431616551361968,4.061456504790283
TX_6,2012-05-29 14:00:00,3.6610573779041617,3.7708890992412867
TX_6,2012-05-29 14:30:00,4.035779987298894,4.156853386917861
TX_6,2012-05-29 15:00:00,5.1080057958418195,5.261245969717074
TX_6,2012-05-29 15:30:00,4.981570837805473,5.131017962939637
TX_6,2012-05-29 16:00:00,4.533282708270848,4.669281189518974
TX_6,2012-05-29 16:30:00,5.952405500561183,6.130977665578019
TX_6,2012-05-29 17:00:00,4.799173753655673,4.943148966265343
TX_6,2012-05-29 17:30:00,5.530245391232678,5.696152752969659
TX_6,2012-05-29 18:00:00,5.149909428104262,5.30440671094739
TX_6,2012-05-29 18:30:00,5.819228747190369,5.99380560960608
TX_6,2012-05-29 19:00:00,4.975609881647651,5.124878178097081
TX_6,2012-05-29 19:30:00,6.290602556269337,6.479320632957418
TX_6,2012-05-29 20:00:00,7.582114557650564,7.8095779943800805
TX_6,2012-05-29 20:30:00,6.914414974536635,7.121847423772734
TX_6,2012-05-29 21:00:00,7.871851084503859,8.108006617038976
TX_6,2012-05-29 21:30:00,6.869116881892825,7.07519038834961
TX_6,2012-05-29 22:00:00,7.436932214077608,7.660040180499936
TX_6,2012-05-29 22:30:00,5.673721902148557,5.843933559213014
TX_6,2012-05-29 23:00:00,4.849675510426794,4.995165775739598
TX_6,2012-05-29 23:30:00,4.179139828474648,4.304514023328887
TX_6,2012-05-30 00:00:00,4.18980021728514,4.315494223803694
TX_6,2012-05-30 00:30:00,3.1388140118268315,3.2329784321816364
TX_6,2012-05-30 01:00:00,3.190729501588133,3.286451386635777
TX_6,2012-05-30 01:30:00,2.5792212362824505,2.656597873370924
TX_6,2012-05-30 02:00:00,2.8025080947308685,2.8865833375727945
TX_6,2012-05-30 02:30:00,3.438930320290186,3.5420982298988917
TX_6,2012-05-30 03:00:00,2.8601321592020734,2.945936123978136
TX_6,2012-05-30 03:30:00,2.6483736168082386,2.727824825312486
TX_6,2012-05-30 04:00:00,2.83129142078696,2.916230163410569
TX_6,2012-05-30 04:30:00,3.458308551611924,3.5620578081602816
TX_6,2012-05-30 05:00:00,2.81394072814483,2.898358949989175
TX_6,2012-05-30 05:30:00,4.994554930138658,5.144391578042818
TX_6,2012-05-30 06:00:00,4.852055828629248,4.997617503488126
TX_6,2012-05-30 06:30:00,4.122204035545487,4.245870156611852
TX_6,2012-05-30 07:00:00,4.63286419489717,4.7718501207440855
TX_6,2012-05-30 07:30:00,4.856446788692584,5.0021401923533615
TX_6,2012-05-30 08:00:00,5.1468039482071575,5.3012080666533725
TX_6,2012-05-30 08:30:00,4.035393369258798,4.156455170336562
TX_6,2012-05-30 09:00:00,4.299536448754256,4.428522542216884
TX_6,2012-05-30 09:30:00,5.0998962012757385,5.2528930873140105
TX_6,2012-05-30 10:00:00,4.848557173826874,4.994013889041681
TX_6,2012-05-30 10:30:00,3.505840329603192,3.6110155394912877
TX_6,2012-05-30 11:00:00,3.4632473549981455,3.56714477564809
TX_6,2012-05-30 11:30:00,5.236831425428123,5.393936368190968
TX_6,2012-05-30 12:00:00,5.873964816530776,6.0501837610267
TX_6,2012-05-30 12:30:00,4.417431643637556,4.549954592946683
TX_6,2012-05-30 13:00:00,5.103707838665849,5.256819073825825
TX_6,2012-05-30 13:30:00,4.471770392964978,4.605923504753927
TX_6,2012-05-30 14:00:00,4.462673902610093,4.596554119688396
TX_6,2012-05-30 14:30:00,4.498627215891263,4.633586032368001
TX_6,2012-05-30 15:00:00,4.233539109223339,4.3605452825000395
TX_6,2012-05-30 15:30:00,4.355552485188485,4.48621905974414
TX_6,2012-05-30 16:00:00,7.427706339905389,7.650537530102551
TX_6,2012-05-30 16:30:00,7.681691597246656,7.912142345164057
TX_6,2012-05-30 17:00:00,8.309028044946977,8.558298886295386
TX_6,2012-05-30 17:30:00,7.949935677022683,8.188433747333363
TX_6,2012-05-30 18:00:00,7.884563933815645,8.121100851830114
TX_6,2012-05-30 18:30:00,7.329696124541631,7.54958700827788
TX_6,2012-05-30 19:00:00,6.382663260836092,6.574143158661175
TX_6,2012-05-30 19:30:00,6.434400701639097,6.62743272268827
TX_6,2012-05-30 20:00:00,8.811007240427271,9.075337457640089
TX_6,2012-05-30 20:30:00,8.413909542342711,8.666326828612993
TX_6,2012-05-30 21:00:00,8.983464818365098,9.252968762916051
TX_6,2012-05-30 21:30:00,7.1507467843280805,7.3652691878579235
TX_6,2012-05-30 22:00:00,6.063311465137479,6.245210809091604
TX_6,2012-05-30 22:30:00,5.524538137679213,5.6902742818095895
TX_6,2012-05-30 23:00:00,5.594212238007651,5.762038605147881
TX_6,2012-05-30 23:30:00,3.4285798722124756,3.53143726837885
TX_6,2012-05-31 00:00:00,3.261320035779237,3.359159636852614
TX_6,2012-05-31 00:30:00,2.4282884995931178,2.5011371545809116
TX_6,2012-05-31 01:00:00,3.59434014243961,3.7021703467127987
TX_6,2012-05-31 01:30:00,3.172678725463887,3.2678590872278037
TX_6,2012-05-31 02:00:00,2.870951295695925,2.9570798345668026
TX_6,2012-05-31 02:30:00,3.166279085532773,3.2612674580987564
TX_6,2012-05-31 03:00:00,2.9186833432909003,3.0062438435896275
TX_6,2012-05-31 03:30:00,2.442583314670602,2.51586081411072
TX_6,2012-05-31 04:00:00,2.5550855969084743,2.6317381648157285
TX_6,2012-05-31 04:30:00,3.023877242275347,3.1145935595436076
TX_6,2012-05-31 05:00:00,3.1487465161215513,3.243208911605198
TX_6,2012-05-31 05:30:00,4.630325788061546,4.769235561703392
TX_6,2012-05-31 06:00:00,6.892815085477294,7.0995995380416135
TX_6,2012-05-31 06:30:00,5.771347992038529,5.944488431799686
TX_6,2012-05-31 07:00:00,4.719003139522105,4.860573233707768
TX_6,2012-05-31 07:30:00,4.230280353868249,4.357188764484296
TX_6,2012-05-31 08:00:00,5.850692929178852,6.026213717054217
TX_6,2012-05-31 08:30:00,4.675093269327903,4.81534606740774
TX_6,2012-05-31 09:00:00,6.367981511141121,6.559020956475354
TX_6,2012-05-31 09:30:00,4.259374429096537,4.387155661969434
TX_6,2012-05-31 10:00:00,4.505969840198561,4.641148935404518
TX_6,2012-05-31 10:30:00,4.408195993997971,4.54044187381791
TX_6,2012-05-31 11:00:00,4.232968943224784,4.3599580115215275
TX_6,2012-05-31 11:30:00,5.260828883461143,5.418653749964978
TX_6,2012-05-31 12:00:00,5.3746790855835735,5.535919458151081
TX_6,2012-05-31 12:30:00,3.4957331369929796,3.600605131102769
TX_6,2012-05-31 13:00:00,3.4288553267740824,3.531720986577305
TX_6,2012-05-31 13:30:00,4.546029311606217,4.682410190954403
TX_6,2012-05-31 14:00:00,4.648087971112416,4.787530610245788
TX_6,2012-05-31 14:30:00,3.51693239205941,3.6224403638211924
TX_6,2012-05-31 15:00:00,4.229956684812055,4.3568553853564165
TX_6,2012-05-31 15:30:00,5.595043618597356,5.762894927155277
TX_6,2012-05-31 16:00:00,4.986640709674754,5.136239930964996
TX_6,2012-05-31 16:30:00,6.1918455411111815,6.377600907344517
TX_6,2012-05-31 17:00:00,6.993749035100218,7.203561506153225
TX_6,2012-05-31 17:30:00,6.529299962282935,6.725178961151423
TX_6,2012-05-31 18:00:00,7.106453858150113,7.319647473894617
TX_6,2012-05-31 18:30:00,6.949261600849615,7.157739448875104
TX_6,2012-05-31 19:00:00,8.283688199064251,8.532198845036179
TX_6,2012-05-31 19:30:00,8.83182413562076,9.096778859689383
TX_6,2012-05-31 20:00:00,7.2374435107722315,7.454566816095398
TX_6,2012-05-31 20:30:00,6.706949180741709,6.908157656163961
TX_6,2012-05-31 21:00:00,5.438552269956088,5.601708838054771
TX_6,2012-05-31 21:30:00,6.778750787154117,6.9821133107687405
TX_6,2012-05-31 22:00:00,6.509766844285855,6.705059849614432
TX_6,2012-05-31 22:30:00,6.2672636857029556,6.455281596274045
TX_6,2012-05-31 23:00:00,4.173658966883795,4.298868735890309
TX_6,2012-05-31 23:30:00,3.49539012900777,3.600251832878003
TX_6,2012-06-01 00:00:00,3.714456083383002,3.8258897658844924
TX_6,2012-06-01 00:30:00,2.9833689536755017,3.072870022285767
TX_6,2012-06-01 01:00:00,3.0050008761896505,3.09515090247534
TX_6,2012-06-01 01:30:00,3.147149476847754,3.2415639611531866
TX_6,2012-06-01 02:00:00,2.894377580547591,2.9812089079640187
TX_6,2012-06-01 02:30:00,3.0670627960948513,3.1590746799776968
TX_6,2012-06-01 03:00:00,3.7918516060269774,3.905607154207787
TX_6,2012-06-01 03:30:00,2.6402006339546933,2.7194066529733343
TX_6,2012-06-01 04:00:00,2.7835375401299824,2.867043666333882
TX_6,2012-06-01 04:30:00,2.9278065141267455,3.015640709550548
TX_6,2012-06-01 05:00:00,3.584899131756468,3.692446105709162
TX_6,2012-06-01 05:30:00,3.8067996271691493,3.921003615984224
TX_6,2012-06-01 06:00:00,3.4369175835047425,3.540025111009885
TX_6,2012-06-01 06:30:00,4.976930273759642,5.126238181972432
TX_6,2012-06-01 07:00:00,4.465869528207324,4.599845614053543
TX_6,2012-06-01 07:30:00,7.347486345734723,7.567910936106765
TX_6,2012-06-01 08:00:00,6.099561289434358,6.282548128117389
TX_6,2012-06-01 08:30:00,6.613648692234853,6.812058153001899
TX_6,2012-06-01 09:00:00,7.340030057574724,7.560230959301966
TX_6,2012-06-01 09:30:00,4.156098073828638,4.280781016043497
TX_6,2012-06-01 10:00:00,5.727656849258992,5.899486554736762
TX_6,2012-06-01 10:30:00,4.393949624805067,4.525768113549219
TX_6,2012-06-01 11:00:00,4.902245694170947,5.049313064996076
TX_6,2012-06-01 11:30:00,4.452303853590516,4.585872969198232
TX_6,2012-06-01 12:00:00,6.206174237504456,6.39235946462959
TX_6,2012-06-01 12:30:00,4.23531260128861,4.362371979327269
TX_6,2012-06-01 13:00:00,5.215178620942949,5.371633979571238
TX_6,2012-06-01 13:30:00,4.3544939143588755,4.485128731789642
TX_6,2012-06-01 14:00:00,5.7041757025316535,5.875300973607604
TX_6,2012-06-01 14:30:00,4.5384222114325015,4.674574877775477
TX_6,2012-06-01 15:00:00,4.720569565415565,4.862186652378032
TX_6,2012-06-01 15:30:00,4.734259114564605,4.876286888001543
TX_6,2012-06-01 16:00:00,4.867942460857932,5.01398073468367
TX_6,2012-06-01 16:30:00,5.839760107373923,6.014952910595141
TX_6,2012-06-01 17:00:00,7.100149210284778,7.3131536865933215
TX_6,2012-06-01 17:30:00,7.14432220732201,7.35865187354167
TX_6,2012-06-01 18:00:00,8.438160151553069,8.69130495609966
TX_6,2012-06-01 18:30:00,10.673824703196068,10.99403944429195
TX_6,2012-06-01 19:00:00,8.886196365271834,9.152782256229989
TX_6,2012-06-01 19:30:00,6.84569487249589,7.051065718670767
TX_6,2012-06-01 20:00:00,7.112450317795902,7.3258238273297795
TX_6,2012-06-01 20:30:00,8.519881657784405,8.775478107517937
TX_6,2012-06-01 21:00:00,10.000825342323187,10.300850102592884
TX_6,2012-06-01 21:30:00,8.13839942913569,8.38255141200976
TX_6,2012-06-01 22:00:00,5.771268705519947,5.944406766685546
TX_6,2012-06-01 22:30:00,5.5416406326801875,5.707889851660593
TX_6,2012-06-01 23:00:00,4.671564498021772,4.811711432962426
TX_6,2012-06-01 23:30:00,4.223058531880748,4.349750287837171
TX_6,2012-06-02 00:00:00,3.4506052673656806,3.554123425386651
TX_6,2012-06-02 00:30:00,2.631177117418562,2.710112430941119
TX_6,2012-06-02 01:00:00,3.039658692245819,3.130848453013194
TX_6,2012-06-02 01:30:00,2.5990983341653457,2.677071284190306
TX_6,2012-06-02 02:00:00,3.147159592577996,3.2415743803553356
TX_6,2012-06-02 02:30:00,2.8349003570340563,2.919947367745078
TX_6,2012-06-02 03:00:00,3.0015544579542346,3.0916010916928616
TX_6,2012-06-02 03:30:00,2.440180596123617,2.5133860140073256
TX_6,2012-06-02 04:00:00,2.9116896931441016,2.999040383938425
TX_6,2012-06-02 04:30:00,2.7110152600625317,2.7923457178644076
TX_6,2012-06-02 05:00:00,3.2378823648317443,3.3350188357766966
TX_6,2012-06-02 05:30:00,2.9617568619099743,3.0506095677672738
TX_6,2012-06-02 06:00:00,3.4154595477564356,3.5179233341891285
TX_6,2012-06-02 06:30:00,3.2482678868248067,3.345715923429551
TX_6,2012-06-02 07:00:00,5.150249600224577,5.304757088231315
TX_6,2012-06-02 07:30:00,5.169307073428659,5.324386285631518
TX_6,2012-06-02 08:00:00,5.7550266119851115,5.927677410344665
TX_6,2012-06-02 08:30:00,5.634797524442361,5.803841450175632
TX_6,2012-06-02 09:00:00,5.701766354386878,5.872819345018485
TX_6,2012-06-02 09:30:00,7.095893898243025,7.308770715190316
TX_6,2012-06-02 10:00:00,6.279466515590291,6.467850511058
TX_6,2012-06-02 10:30:00,6.0241746239339795,6.204899862651999
TX_6,2012-06-02 11:00:00,8.413931086947118,8.66634901955553
TX_6,2012-06-02 11:30:00,6.919261260730577,7.1268390985524945
TX_6,2012-06-02 12:00:00,5.03793312333852,5.189071117038675
TX_6,2012-06-02 12:30:00,6.396853176058384,6.588758771340136
TX_6,2012-06-02 13:00:00,6.573357892538826,6.770558629314991
TX_6,2012-06-02 13:30:00,4.697667367695258,4.838597388726116
TX_6,2012-06-02 14:00:00,6.216217567945696,6.402704094984067
TX_6,2012-06-02 14:30:00,4.4701232971535605,4.604226996068167
TX_6,2012-06-02 15:00:00,5.872181437597615,6.048346880725544
TX_6,2012-06-02 15:30:00,5.709428477407242,5.880711331729459
TX_6,2012-06-02 16:00:00,6.781789825485465,6.9852435202500285
TX_6,2012-06-02 16:30:00,5.042490110756029,5.19376481407871
TX_6,2012-06-02 17:00:00,4.958914914078215,5.1076823615005615
TX_6,2012-06-02 17:30:00,5.35065316807771,5.511172763120042
TX_6,2012-06-02 18:00:00,5.972675174349417,6.1518554295799
TX_6,2012-06-02 18:30:00,5.576581869656035,5.743879325745716
TX_6,2012-06-02 19:00:00,6.610490737080583,6.8088054591930005
TX_6,2012-06-02 19:30:00,6.452372213757102,6.645943380169816
TX_6,2012-06-02 20:00:00,7.68698725094175,7.917596868470003
TX_6,2012-06-02 20:30:00,7.519550472099806,7.745136986262801
TX_6,2012-06-02 21:00:00,6.583549974634867,6.781056473873913
TX_6,2012-06-02 21:30:00,7.270264978054582,7.48837292739622
TX_6,2012-06-02 22:00:00,4.990905730614541,5.140632902532977
TX_6,2012-06-02 22:30:00,4.915704959016274,5.063176107786763
TX_6,2012-06-02 23:00:00,4.147507614209217,4.271932842635493
TX_6,2012-06-02 23:30:00,3.4595717163291995,3.5633588678190757
TX_6,2012-06-03 00:00:00,3.408583592915241,3.5108411007026983
TX_6,2012-06-03 00:30:00,3.1688031037087345,3.2638671968199966
TX_6,2012-06-03 01:00:00,3.0815885572512016,3.174036213968738
TX_6,2012-06-03 01:30:00,2.736820584936544,2.8189252024846403
TX_6,2012-06-03 02:00:00,2.8275694234239785,2.912396506126698
TX_6,2012-06-03 02:30:00,2.976058786267383,3.0653405498554043
TX_6,2012-06-03 03:00:00,3.1465270505413447,3.240922862057585
TX_6,2012-06-03 03:30:00,2.3545232843172212,2.425158982846738
TX_6,2012-06-03 04:00:00,2.9362835473120894,3.0243720537314522
TX_6,2012-06-03 04:30:00,2.2473991515684815,2.314821126115536
TX_6,2012-06-03 05:00:00,3.233968589956172,3.330987647654857
TX_6,2012-06-03 05:30:00,2.8433619150986527,2.928662772551612
TX_6,2012-06-03 06:00:00,3.9196695807351514,4.037259668157206
TX_6,2012-06-03 06:30:00,4.453655004452453,4.5872646545860265
TX_6,2012-06-03 07:00:00,5.8462283436776605,6.021615193987991
TX_6,2012-06-03 07:30:00,6.42242623438852,6.615099021420176
TX_6,2012-06-03 08:00:00,6.894901327954507,7.101748367793142
TX_6,2012-06-03 08:30:00,6.1388036262528045,6.322967735040389
TX_6,2012-06-03 09:00:00,8.17293135734931,8.418119298069788
TX_6,2012-06-03 09:30:00,6.986969490665605,7.1965785753855736
TX_6,2012-06-03 10:00:00,5.3300838428048865,5.489986358089033
TX_6,2012-06-03 10:30:00,5.12904974418535,5.28292123651091
TX_6,2012-06-03 11:00:00,5.2887266872239405,5.447388487840659
TX_6,2012-06-03 11:30:00,4.987102893776523,5.136715980589819
TX_6,2012-06-03 12:00:00,7.807205277098658,8.041421435411618
TX_6,2012-06-03 12:30:00,8.75098506888315,9.013514620949644
TX_6,2012-06-03 13:00:00,7.575153940058212,7.802408558259959
TX_6,2012-06-03 13:30:00,4.844399114721873,4.98973108816353
TX_6,2012-06-03 14:00:00,4.919158088240342,5.066732830887552
TX_6,2012-06-03 14:30:00,5.371226090731078,5.53236287345301
TX_6,2012-06-03 15:00:00,6.487714346351878,6.682345776742435
TX_6,2012-06-03 15:30:00,6.987257782906825,7.19687551639403
TX_6,2012-06-03 16:00:00,7.950523958907176,8.189039677674392
TX_6,2012-06-03 16:30:00,9.510874418277439,9.796200650825762
TX_6,2012-06-03 17:00:00,8.313020129346624,8.562410733227022
TX_6,2012-06-03 17:30:00,11.366401447436537,11.707393490859634
TX_6,2012-06-03 18:00:00,9.43182570889491,9.714780480161759
TX_6,2012-06-03 18:30:00,10.04940712266682,10.350889336346825
TX_6,2012-06-03 19:00:00,9.672797307679156,9.96298122690953
TX_6,2012-06-03 19:30:00,8.21465105101241,8.461090582542782
TX_6,2012-06-03 20:00:00,9.100713260751093,9.373734658573625
TX_6,2012-06-03 20:30:00,7.016677586215691,7.227177913802161
TX_6,2012-06-03 21:00:00,7.227994442114274,7.444834275377702
TX_6,2012-06-03 21:30:00,6.952830384246934,7.161415295774343
TX_6,2012-06-03 22:00:00,4.934706114005675,5.082747297425846
TX_6,2012-06-03 22:30:00,4.692203442027289,4.832969545288107
TX_6,2012-06-03 23:00:00,4.220730725607451,4.347352647375675
TX_6,2012-06-03 23:30:00,3.610688930762113,3.7190095986849765
TX_6,2012-06-04 00:00:00,3.0403232332364007,3.131532930233493
TX_6,2012-06-04 00:30:00,3.320872990294962,3.420499180003811
TX_6,2012-06-04 01:00:00,2.901469064646608,2.9885131365860063
TX_6,2012-06-04 01:30:00,2.5913096268936573,2.669048915700467
TX_6,2012-06-04 02:00:00,3.4915918308110148,3.5963395857353455
TX_6,2012-06-04 02:30:00,3.5047453490317895,3.6098877095027433
TX_6,2012-06-04 03:00:00,3.9933728116668483,4.113173996016854
TX_6,2012-06-04 03:30:00,2.8130755715178912,2.897467838663428
TX_6,2012-06-04 04:00:00,2.53383366188491,2.6098486717414575
TX_6,2012-06-04 04:30:00,2.6000182042917457,2.678018750420498
TX_6,2012-06-04 05:00:00,2.8832445779344047,2.969741915272437
TX_6,2012-06-04 05:30:00,2.7531848645822268,2.8357804105196935
TX_6,2012-06-04 06:00:00,3.1596020385078045,3.2543900996630386
TX_6,2012-06-04 06:30:00,4.102743312614044,4.225825611992466
TX_6,2012-06-04 07:00:00,3.9735452447543533,4.092751602096984
TX_6,2012-06-04 07:30:00,5.005818032539395,5.155992573515577
TX_6,2012-06-04 08:00:00,4.875288404801992,5.021547056946052
TX_6,2012-06-04 08:30:00,6.121151890370744,6.304786447081866
TX_6,2012-06-04 09:00:00,5.671504930912182,5.841650078839547
TX_6,2012-06-04 09:30:00,7.115554047143072,7.329020668557364
TX_6,2012-06-04 10:00:00,6.010167522304163,6.190472547973288
TX_6,2012-06-04 10:30:00,7.115499387380967,7.328964369002397
TX_6,2012-06-04 11:00:00,5.9450673146945645,6.123419334135401
TX_6,2012-06-04 11:30:00,5.571783558359392,5.738937065110174
TX_6,2012-06-04 12:00:00,5.467270157685145,5.6312882624156995
TX_6,2012-06-04 12:30:00,7.461636273274006,7.685485361472226
TX_6,2012-06-04 13:00:00,6.998322483297016,7.208272157795927
TX_6,2012-06-04 13:30:00,6.189883147968872,6.3755796424079385
TX_6,2012-06-04 14:00:00,6.556167351850753,6.752852372406276
TX_6,2012-06-04 14:30:00,6.2747153290175515,6.462956788888079
TX_6,2012-06-04 15:00:00,5.668351378026244,5.838401919367031
TX_6,2012-06-04 15:30:00,4.52364410926071,4.6593534325385315
TX_6,2012-06-04 16:00:00,6.111700744875826,6.295051767222101
TX_6,2012-06-04 16:30:00,5.224240323019393,5.380967532709975
TX_6,2012-06-04 17:00:00,6.742319448549098,6.94458903200557
TX_6,2012-06-04 17:30:00,5.847407668017939,6.022829898058477
TX_6,2012-06-04 18:00:00,7.372633125391628,7.593812119153378
TX_6,2012-06-04 18:30:00,7.202050578334746,7.418112095684789
TX_6,2012-06-04 19:00:00,6.885574489018092,7.092141723688635
TX_6,2012-06-04 19:30:00,6.0344052189796376,6.215437375549027
TX_6,2012-06-04 20:00:00,5.365828063673752,5.526802905583965
TX_6,2012-06-04 20:30:00,5.65663831874197,5.826337468304229
TX_6,2012-06-04 21:00:00,5.732750941798787,5.904733470052751
TX_6,2012-06-04 21:30:00,6.035426220880462,6.216489007506875
TX_6,2012-06-04 22:00:00,5.18346646648836,5.338970460483011
TX_6,2012-06-04 22:30:00,5.482859994573364,5.6473457944105645
TX_6,2012-06-04 23:00:00,4.3250712036532475,4.454823339762845
TX_6,2012-06-04 23:30:00,5.361421695388282,5.522264346249931
TX_6,2012-06-05 00:00:00,3.8206074532480425,3.935225676845484
TX_6,2012-06-05 00:30:00,3.4624639115347935,3.566337828880837
TX_6,2012-06-05 01:00:00,2.7519431740082583,2.834501469228506
TX_6,2012-06-05 01:30:00,3.827764866896068,3.94259781290295
TX_6,2012-06-05 02:00:00,3.2687714010993196,3.3668345431322995
TX_6,2012-06-05 02:30:00,2.9489892815159924,3.037458959961472
TX_6,2012-06-05 03:00:00,3.8359648326358964,3.951043777614973
TX_6,2012-06-05 03:30:00,2.407272635749058,2.47949081482153
TX_6,2012-06-05 04:00:00,2.8070406972065927,2.8912519181227907
TX_6,2012-06-05 04:30:00,2.7546208345331884,2.837259459569184
TX_6,2012-06-05 05:00:00,3.1311882565776235,3.225123904274952
TX_6,2012-06-05 05:30:00,3.2354099827114333,3.3324722821927764
TX_6,2012-06-05 06:00:00,3.359349760494523,3.4601302533093587
TX_6,2012-06-05 06:30:00,3.8093593899829292,3.9236401716824174
TX_6,2012-06-05 07:00:00,3.588665309514302,3.6963252687997312
TX_6,2012-06-05 07:30:00,3.7759209523716377,3.889198580942787
TX_6,2012-06-05 08:00:00,4.389037158149982,4.520708272894482
TX_6,2012-06-05 08:30:00,5.822995905245316,5.997685782402676
TX_6,2012-06-05 09:00:00,4.926370173494883,5.074161278699729
TX_6,2012-06-05 09:30:00,4.509143624794862,4.644417933538708
TX_6,2012-06-05 10:00:00,4.5626565049506835,4.699536200099204
TX_6,2012-06-05 10:30:00,4.595276465389182,4.733134759350858
TX_6,2012-06-05 11:00:00,4.522241219976832,4.657908456576137
TX_6,2012-06-05 11:30:00,4.451467090237207,4.585011102944323
TX_6,2012-06-05 12:00:00,4.804916791842127,4.949064295597391
TX_6,2012-06-05 12:30:00,5.66571240017891,5.835683772184277
TX_6,2012-06-05 13:00:00,6.975354833678357,7.184615478688707
TX_6,2012-06-05 13:30:00,6.941828346963553,7.15008319737246
TX_6,2012-06-05 14:00:00,6.542343095123885,6.738613387977601
TX_6,2012-06-05 14:30:00,5.038822689035974,5.189987369707053
TX_6,2012-06-05 15:00:00,7.572092904910074,7.799255692057376
TX_6,2012-06-05 15:30:00,7.043887815317865,7.255204449777401
TX_6,2012-06-05 16:00:00,7.263115405932513,7.481008868110489
TX_6,2012-06-05 16:30:00,5.650335377876769,5.819845439213072
TX_6,2012-06-05 17:00:00,6.696404507196592,6.897296642412489
TX_6,2012-06-05 17:30:00,6.48783906828226,6.682474240330728
TX_6,2012-06-05 18:00:00,7.21414593976052,7.430570317953336
TX_6,2012-06-05 18:30:00,8.363332599627324,8.614232577616143
TX_6,2012-06-05 19:00:00,9.175447971443765,9.450711410587077
TX_6,2012-06-05 19:30:00,8.13671915070597,8.38082072522715
TX_6,2012-06-05 20:00:00,7.502781505192447,7.72786495034822
TX_6,2012-06-05 20:30:00,7.706486736638846,7.937681338738011
TX_6,2012-06-05 21:00:00,7.930202236177141,8.168108303262455
TX_6,2012-06-05 21:30:00,7.254118437245455,7.471741990362819
TX_6,2012-06-05 22:00:00,7.642736715769792,7.872018817242886
TX_6,2012-06-05 22:30:00,5.022318681991586,5.172988242451334
TX_6,2012-06-05 23:00:00,4.4404424444568775,4.573655717790584
TX_6,2012-06-05 23:30:00,4.399092341813489,4.5310651120678935
TX_6,2012-06-06 00:00:00,5.355756338737786,5.516429028899919
TX_6,2012-06-06 00:30:00,3.2787799945515443,3.377143394388091
TX_6,2012-06-06 01:00:00,3.885088365627155,4.001641016595969
TX_6,2012-06-06 01:30:00,3.1971444720574858,3.2930588062192103
TX_6,2012-06-06 02:00:00,3.352622679993957,3.4532013603937757
TX_6,2012-06-06 02:30:00,3.75422635671814,3.8668531474196843
TX_6,2012-06-06 03:00:00,3.6409807370405263,3.750210159151742
TX_6,2012-06-06 03:30:00,2.968598478367869,3.0576564327189053
TX_6,2012-06-06 04:00:00,3.059014747408065,3.150785189830307
TX_6,2012-06-06 04:30:00,3.1672114041145805,3.262227746238018
TX_6,2012-06-06 05:00:00,3.4087767905500406,3.511040094266542
TX_6,2012-06-06 05:30:00,4.87925660506748,5.025634303219505
TX_6,2012-06-06 06:00:00,3.9926985080220234,4.112479463262685
TX_6,2012-06-06 06:30:00,4.711706395578089,4.853057587445432
TX_6,2012-06-06 07:00:00,5.648554933411907,5.818011581414264
TX_6,2012-06-06 07:30:00,5.2661941409420425,5.424179965170304
TX_6,2012-06-06 08:00:00,5.533161629116043,5.699156477989524
TX_6,2012-06-06 08:30:00,9.817292815486837,10.111811599951443
TX_6,2012-06-06 09:00:00,6.122708067531187,6.306389309557123
TX_6,2012-06-06 09:30:00,5.997314262599857,6.177233690477853
TX_6,2012-06-06 10:00:00,5.528985481088193,5.694855045520839
TX_6,2012-06-06 10:30:00,6.164911567673555,6.349858914703762
TX_6,2012-06-06 11:00:00,3.4582637654160693,3.5620116783785516
TX_6,2012-06-06 11:30:00,4.190733286943538,4.316455285551845
TX_6,2012-06-06 12:00:00,4.920440266103706,5.068053474086818
TX_6,2012-06-06 12:30:00,3.836917883311401,3.9520254198107434
TX_6,2012-06-06 13:00:00,3.927339445247391,4.045159628604813
TX_6,2012-06-06 13:30:00,5.043114227048385,5.1944076538598365
TX_6,2012-06-06 14:00:00,4.4392179563444,4.572394495034732
TX_6,2012-06-06 14:30:00,3.3239951362717184,3.42371499035987
TX_6,2012-06-06 15:00:00,7.280590702275291,7.49900842334355
TX_6,2012-06-06 15:30:00,6.152741254466064,6.3373234921000465
TX_6,2012-06-06 16:00:00,5.813429022892941,5.987831893579729
TX_6,2012-06-06 16:30:00,7.65033259200793,7.879842569768169
TX_6,2012-06-06 17:00:00,8.184441407668428,8.429974649898481
TX_6,2012-06-06 17:30:00,5.467968866112861,5.632007932096247
TX_6,2012-06-06 18:00:00,4.421513800763414,4.554159214786316
TX_6,2012-06-06 18:30:00,4.771382908577533,4.914524395834859
TX_6,2012-06-06 19:00:00,5.270802486353329,5.428926560943929
TX_6,2012-06-06 19:30:00,6.967179932861697,7.176195330847548
TX_6,2012-06-06 20:00:00,9.1138297356307,9.387244627699621
TX_6,2012-06-06 20:30:00,8.165380104803495,8.4103415079476
TX_6,2012-06-06 21:00:00,7.045343341413254,7.256703641655652
TX_6,2012-06-06 21:30:00,7.912302648270601,8.149671727718719
TX_6,2012-06-06 22:00:00,6.472249390222248,6.666416871928916
TX_6,2012-06-06 22:30:00,5.605645667086124,5.773815037098708
TX_6,2012-06-06 23:00:00,5.662105655088357,5.831968824741008
TX_6,2012-06-06 23:30:00,3.7314393950579325,3.843382576909671
TX_6,2012-06-07 00:00:00,3.6401602567871603,3.749365064490775
TX_6,2012-06-07 00:30:00,3.87413672240037,3.9903608240723814
TX_6,2012-06-07 01:00:00,3.1152881131053074,3.2087467564984666
TX_6,2012-06-07 01:30:00,2.908197020761309,2.995442931384148
TX_6,2012-06-07 02:00:00,3.294086148227265,3.3929087326740834
TX_6,2012-06-07 02:30:00,2.818082870170877,2.9026253562760034
TX_6,2012-06-07 03:00:00,3.4358499716074022,3.5389254707556246
TX_6,2012-06-07 03:30:00,2.5820694432541615,2.6595315265517865
TX_6,2012-06-07 04:00:00,2.739904833874588,2.8221019788908257
TX_6,2012-06-07 04:30:00,2.5391485111926024,2.6153229665283804
TX_6,2012-06-07 05:00:00,3.817089722954821,3.9316024146434656
TX_6,2012-06-07 05:30:00,4.049144168488913,4.17061849354358
TX_6,2012-06-07 06:00:00,3.2778247803102243,3.376159523719531
TX_6,2012-06-07 06:30:00,4.198653716581829,4.324613328079284
TX_6,2012-06-07 07:00:00,5.001865104681558,5.151921057822005
TX_6,2012-06-07 07:30:00,5.426923686011435,5.589731396591778
TX_6,2012-06-07 08:00:00,6.218168623521477,6.404713682227121
TX_6,2012-06-07 08:30:00,5.402150713465356,5.564215234869317
TX_6,2012-06-07 09:00:00,4.840396165857985,4.985608050833725
TX_6,2012-06-07 09:30:00,4.500517431320226,4.635532954259833
TX_6,2012-06-07 10:00:00,5.159325785553593,5.3141055591202
TX_6,2012-06-07 10:30:00,5.4942011984966275,5.659027234451527
TX_6,2012-06-07 11:00:00,4.971936419528795,5.121094512114659
TX_6,2012-06-07 11:30:00,4.21978196118684,4.346375420022445
TX_6,2012-06-07 12:00:00,5.240465014153591,5.397678964578199
TX_6,2012-06-07 12:30:00,4.210263886869477,4.336571803475561
TX_6,2012-06-07 13:00:00,4.467899772488921,4.601936765663589
TX_6,2012-06-07 13:30:00,4.952461594605652,5.101035442443822
TX_6,2012-06-07 14:00:00,4.445956859962952,4.579335565761841
TX_6,2012-06-07 14:30:00,5.400977595720018,5.563006923591619
TX_6,2012-06-07 15:00:00,6.557012140191316,6.7537225043970555
TX_6,2012-06-07 15:30:00,9.161204000449038,9.43604012046251
TX_6,2012-06-07 16:00:00,10.580853174270706,10.898278769498827
TX_6,2012-06-07 16:30:00,9.145422889328126,9.41978557600797
TX_6,2012-06-07 17:00:00,6.389728708653843,6.581420569913458
TX_6,2012-06-07 17:30:00,6.916727612383009,7.124229440754499
TX_6,2012-06-07 18:00:00,5.8526668035048655,6.028246807610012
TX_6,2012-06-07 18:30:00,8.755157895476978,9.017812632341288
TX_6,2012-06-07 19:00:00,8.569912203730773,8.827009569842696
TX_6,2012-06-07 19:30:00,9.403613974999402,9.685722394249385
TX_6,2012-06-07 20:00:00,9.581059224613345,9.868491001351746
TX_6,2012-06-07 20:30:00,7.614858558697366,7.843304315458287
TX_6,2012-06-07 21:00:00,7.417611928755607,7.640140286618275
TX_6,2012-06-07 21:30:00,7.175892131009573,7.39116889493986
TX_6,2012-06-07 22:00:00,6.400692134340677,6.592712898370897
TX_6,2012-06-07 22:30:00,6.063063742583496,6.244955654861001
TX_6,2012-06-07 23:00:00,4.589206519201565,4.726882714777612
TX_6,2012-06-07 23:30:00,4.179345226016183,4.304725582796669
TX_6,2012-06-08 00:00:00,3.171563965656558,3.266710884626255
TX_6,2012-06-08 00:30:00,2.899260303827439,2.9862381129422624
TX_6,2012-06-08 01:00:00,2.800777061489616,2.8848003733343046
TX_6,2012-06-08 01:30:00,3.1286519067570278,3.2225114639597385
TX_6,2012-06-08 02:00:00,2.8872483393020807,2.973865789481143
TX_6,2012-06-08 02:30:00,2.940063646739111,3.0282655561412843
TX_6,2012-06-08 03:00:00,2.5751846180902946,2.6524401566330034
TX_6,2012-06-08 03:30:00,2.0739170261454585,2.136134536929822
TX_6,2012-06-08 04:00:00,2.572525491382608,2.6497012561240862
TX_6,2012-06-08 04:30:00,2.6346061626249524,2.713644347503701
TX_6,2012-06-08 05:00:00,2.683361565824786,2.7638624127995293
TX_6,2012-06-08 05:30:00,4.022618312839507,4.143296862224692
TX_6,2012-06-08 06:00:00,3.123789128425759,3.2175028022785317
TX_6,2012-06-08 06:30:00,4.116024201310224,4.239504927349531
TX_6,2012-06-08 07:00:00,4.356537371103568,4.487233492236675
TX_6,2012-06-08 07:30:00,5.600647422901759,5.768666845588812
TX_6,2012-06-08 08:00:00,5.378495007386103,5.5398498576076864
TX_6,2012-06-08 08:30:00,8.632498268920521,8.891473216988137
TX_6,2012-06-08 09:00:00,7.8045346879189665,8.038670728556536
TX_6,2012-06-08 09:30:00,6.149960626619704,6.334459445418295
TX_6,2012-06-08 10:00:00,5.177890551416156,5.333227267958641
TX_6,2012-06-08 10:30:00,7.423411100217889,7.646113433224426
TX_6,2012-06-08 11:00:00,5.911252499610269,6.088590074598577
TX_6,2012-06-08 11:30:00,4.8600513694361585,5.005852910519243
TX_6,2012-06-08 12:00:00,5.94576467867849,6.124137619038844
TX_6,2012-06-08 12:30:00,5.165642005858087,5.32061126603383
TX_6,2012-06-08 13:00:00,5.586094615276042,5.753677453734324
TX_6,2012-06-08 13:30:00,5.292940714934987,5.451728936383037
TX_6,2012-06-08 14:00:00,6.075981018263938,6.258260448811857
TX_6,2012-06-08 14:30:00,5.233876794589218,5.390893098426894
TX_6,2012-06-08 15:00:00,5.167337704806465,5.322357835950658
TX_6,2012-06-08 15:30:00,4.998053503871556,5.147995108987702
TX_6,2012-06-08 16:00:00,7.304920180290781,7.524067785699504
TX_6,2012-06-08 16:30:00,6.043308591682192,6.224607849432657
TX_6,2012-06-08 17:00:00,5.435676216123345,5.598746502607045
TX_6,2012-06-08 17:30:00,6.862216098506585,7.068082581461783
TX_6,2012-06-08 18:00:00,7.453852782789773,7.677468366273466
TX_6,2012-06-08 18:30:00,8.182386753258351,8.427858355856102
TX_6,2012-06-08 19:00:00,8.225584004601586,8.472351524739635
TX_6,2012-06-08 19:30:00,6.904812755720679,7.111957138392299
TX_6,2012-06-08 20:00:00,5.806090886763928,5.980273613366847
TX_6,2012-06-08 20:30:00,6.054893412117203,6.236540214480719
TX_6,2012-06-08 21:00:00,6.070634313899629,6.252753343316618
TX_6,2012-06-08 21:30:00,8.147488591717783,8.391913249469317
TX_6,2012-06-08 22:00:00,6.645019643924397,6.844370233242129
TX_6,2012-06-08 22:30:00,6.055941150094992,6.237619384597842
TX_6,2012-06-08 23:00:00,4.765487360019614,4.908451980820203
TX_6,2012-06-08 23:30:00,3.6437061703229654,3.7530173554326542
TX_6,2012-06-09 00:00:00,3.681577904960776,3.7920252421095992
TX_6,2012-06-09 00:30:00,3.6891525490857293,3.799827125558301
TX_6,2012-06-09 01:00:00,2.829338567573184,2.9142187246003797
TX_6,2012-06-09 01:30:00,2.6060749771962994,2.6842572265121887
TX_6,2012-06-09 02:00:00,3.379036811174277,3.480407915509505
TX_6,2012-06-09 02:30:00,3.0766092376389786,3.168907514768148
TX_6,2012-06-09 03:00:00,3.4091452776664846,3.511419635996479
TX_6,2012-06-09 03:30:00,2.4042224906022303,2.4763491653202974
TX_6,2012-06-09 04:00:00,2.6959493598856836,2.7768278406822544
TX_6,2012-06-09 04:30:00,2.419745813319203,2.492338187718779
TX_6,2012-06-09 05:00:00,3.3713792546633816,3.4725206323032833
TX_6,2012-06-09 05:30:00,3.238510107201503,3.335665410417548
TX_6,2012-06-09 06:00:00,3.150929487228296,3.245457371845145
TX_6,2012-06-09 06:30:00,4.990430938952706,5.140143867121287
TX_6,2012-06-09 07:00:00,5.631035157927898,5.799966212665735
TX_6,2012-06-09 07:30:00,4.347364208054563,4.4777851342962
TX_6,2012-06-09 08:00:00,5.706559036277053,5.877755807365364
TX_6,2012-06-09 08:30:00,6.156729361641368,6.341431242490609
TX_6,2012-06-09 09:00:00,5.784548469257908,5.958084923335646
TX_6,2012-06-09 09:30:00,4.912127736980455,5.059491569089869
TX_6,2012-06-09 10:00:00,7.73135241286901,7.963292985255081
TX_6,2012-06-09 10:30:00,5.363800034128431,5.524714035152284
TX_6,2012-06-09 11:00:00,4.305727225638826,4.434899042407991
TX_6,2012-06-09 11:30:00,4.514505995440355,4.6499411753035655
TX_6,2012-06-09 12:00:00,5.21092647943154,5.367254273814487
TX_6,2012-06-09 12:30:00,6.620028864117163,6.818629730040678
TX_6,2012-06-09 13:00:00,6.83262947368088,7.0376083578913065
TX_6,2012-06-09 13:30:00,6.984751772905311,7.19429432609247
TX_6,2012-06-09 14:00:00,6.543167414392326,6.7394624368240965
TX_6,2012-06-09 14:30:00,4.746951212586608,4.889359748964206
TX_6,2012-06-09 15:00:00,5.359299249727508,5.520078227219334
TX_6,2012-06-09 15:30:00,5.4731213129066925,5.6373149522938935
TX_6,2012-06-09 16:00:00,7.545425567637529,7.771788334666655
TX_6,2012-06-09 16:30:00,8.021898414892535,8.262555367339312
TX_6,2012-06-09 17:00:00,7.918730471063914,8.156292385195831
TX_6,2012-06-09 17:30:00,10.1174347160308,10.420957757511724
TX_6,2012-06-09 18:00:00,7.847392856888831,8.082814642595496
TX_6,2012-06-09 18:30:00,6.286332203467243,6.47492216957126
TX_6,2012-06-09 19:00:00,6.551319819568227,6.747859414155274
TX_6,2012-06-09 19:30:00,8.501310925082112,8.756350252834576
TX_6,2012-06-09 20:00:00,7.963956381772778,8.202875073225961
TX_6,2012-06-09 20:30:00,7.895872495768716,8.132748670641778
TX_6,2012-06-09 21:00:00,8.028207687165645,8.269053917780615
TX_6,2012-06-09 21:30:00,6.0241257779401565,6.204849551278361
TX_6,2012-06-09 22:00:00,6.50033453940998,6.69534457559228
TX_6,2012-06-09 22:30:00,5.900259379643385,6.077267161032687
TX_6,2012-06-09 23:00:00,4.436113902668485,4.56919731974854
TX_6,2012-06-09 23:30:00,4.01322143693606,4.133618080044142
TX_6,2012-06-10 00:00:00,3.8959028376819167,4.012779922812374
TX_6,2012-06-10 00:30:00,3.4312476051204936,3.5341850332741087
TX_6,2012-06-10 01:00:00,2.3737882247617925,2.445001871504646
TX_6,2012-06-10 01:30:00,3.0679489825072515,3.159987451982469
TX_6,2012-06-10 02:00:00,2.2420936795852993,2.3093564899728585
TX_6,2012-06-10 02:30:00,3.3987672877173023,3.5007303063488213
TX_6,2012-06-10 03:00:00,2.5513170269039387,2.627856537711057
TX_6,2012-06-10 03:30:00,2.4147719875793747,2.487215147206756
TX_6,2012-06-10 04:00:00,2.702779434771442,2.7838628178145854
TX_6,2012-06-10 04:30:00,2.4656617928072047,2.539631646591421
TX_6,2012-06-10 05:00:00,2.9382385497210226,3.0263857062126536
TX_6,2012-06-10 05:30:00,2.0854010923769333,2.1479631251482414
TX_6,2012-06-10 06:00:00,3.3306923078186053,3.4306130770531635
TX_6,2012-06-10 06:30:00,3.372706786457832,3.4738879900515673
TX_6,2012-06-10 07:00:00,4.4167247811625625,4.549226524597439
TX_6,2012-06-10 07:30:00,3.7646373198003684,3.8775764393943795
TX_6,2012-06-10 08:00:00,3.9662910659733455,4.085279797952546
TX_6,2012-06-10 08:30:00,4.520339372927105,4.655949554114918
TX_6,2012-06-10 09:00:00,7.205453101388215,7.421616694429861
TX_6,2012-06-10 09:30:00,7.040827536747353,7.252052362849774
TX_6,2012-06-10 10:00:00,6.114829516384644,6.298274401876183
TX_6,2012-06-10 10:30:00,6.146445333214606,6.330838693211044
TX_6,2012-06-10 11:00:00,6.405584962122129,6.597752510985793
TX_6,2012-06-10 11:30:00,7.389072365937449,7.610744536915573
TX_6,2012-06-10 12:00:00,6.728232593854902,6.930079571670549
TX_6,2012-06-10 12:30:00,5.16174109204791,5.3165933248093475
TX_6,2012-06-10 13:00:00,5.893957784465323,6.070776517999283
TX_6,2012-06-10 13:30:00,7.320220888380594,7.5398275150320115
TX_6,2012-06-10 14:00:00,4.415045418014004,4.547496780554424
TX_6,2012-06-10 14:30:00,4.636995404265547,4.776105266393514
TX_6,2012-06-10 15:00:00,4.091616963538421,4.214365472444573
TX_6,2012-06-10 15:30:00,4.745178236968048,4.887533584077089
TX_6,2012-06-10 16:00:00,4.263481656607624,4.391386106305853
TX_6,2012-06-10 16:30:00,6.003960938947026,6.184079767115437
TX_6,2012-06-10 17:00:00,6.651960015328335,6.851518815788185
TX_6,2012-06-10 17:30:00,8.239898990429188,8.487095960142064
TX_6,2012-06-10 18:00:00,8.569750162688466,8.826842667569121
TX_6,2012-06-10 18:30:00,8.988959561994388,9.25862834885422
TX_6,2012-06-10 19:00:00,6.939114412661671,7.147287845041522
TX_6,2012-06-10 19:30:00,6.651219582508357,6.850756169983608
TX_6,2012-06-10 20:00:00,8.943866169198996,9.212182154274966
TX_6,2012-06-10 20:30:00,8.70052280396368,8.961538488082592
TX_6,2012-06-10 21:00:00,8.694591584283208,8.955429331811704
TX_6,2012-06-10 21:30:00,7.0433172512038436,7.254616768739959
TX_6,2012-06-10 22:00:00,6.487614556728883,6.68224299343075
TX_6,2012-06-10 22:30:00,6.105453638768684,6.288617247931745
TX_6,2012-06-10 23:00:00,4.473022341287009,4.607213011525619
TX_6,2012-06-10 23:30:00,4.698600684905319,4.839558705452479
TX_6,2012-06-11 00:00:00,3.833836550612407,3.9488516471307795
TX_6,2012-06-11 00:30:00,4.183176482073969,4.308671776536188
TX_6,2012-06-11 01:00:00,3.081396133760707,3.1738380177735284
TX_6,2012-06-11 01:30:00,3.698495681219899,3.809450551656496
TX_6,2012-06-11 02:00:00,3.2505966170947107,3.348114515607552
TX_6,2012-06-11 02:30:00,3.3617464349930666,3.4625988280428586
TX_6,2012-06-11 03:00:00,3.4974970228956455,3.602421933582515
TX_6,2012-06-11 03:30:00,2.7011995688250443,2.7822355558897955
TX_6,2012-06-11 04:00:00,3.0701868908322663,3.1622924975572344
TX_6,2012-06-11 04:30:00,3.3529748570265223,3.4535641027373183
TX_6,2012-06-11 05:00:00,3.508753959136949,3.6140165779110576
TX_6,2012-06-11 05:30:00,4.928861790921738,5.076727644649391
TX_6,2012-06-11 06:00:00,6.090512727648587,6.273228109478045
TX_6,2012-06-11 06:30:00,5.91174691334086,6.089099320741085
TX_6,2012-06-11 07:00:00,5.506219125530599,5.671405699296517
TX_6,2012-06-11 07:30:00,6.5150764385499995,6.7105287317065
TX_6,2012-06-11 08:00:00,6.853583484000243,7.059190988520251
TX_6,2012-06-11 08:30:00,5.73730314719261,5.909422241608389
TX_6,2012-06-11 09:00:00,6.799862181945447,7.003858047403811
TX_6,2012-06-11 09:30:00,6.102156602930041,6.285221301017942
TX_6,2012-06-11 10:00:00,7.855885268681928,8.091561826742385
TX_6,2012-06-11 10:30:00,9.310070637308687,9.589372756427949
TX_6,2012-06-11 11:00:00,8.908907278538264,9.176174496894411
TX_6,2012-06-11 11:30:00,7.615925204982949,7.844402961132437
TX_6,2012-06-11 12:00:00,7.984868054299883,8.22441409592888
TX_6,2012-06-11 12:30:00,6.2466202128612744,6.434018819247113
TX_6,2012-06-11 13:00:00,6.940230732110563,7.14843765407388
TX_6,2012-06-11 13:30:00,6.692368069897789,6.8931391119947225
TX_6,2012-06-11 14:00:00,4.88692517494626,5.033532930194648
TX_6,2012-06-11 14:30:00,5.068938950567907,5.221007119084945
TX_6,2012-06-11 15:00:00,7.724550394867946,7.956286906713984
TX_6,2012-06-11 15:30:00,8.990419799001202,9.260132392971238
TX_6,2012-06-11 16:00:00,7.952136617499328,8.190700716024308
TX_6,2012-06-11 16:30:00,11.449044853943404,11.792516199561707
TX_6,2012-06-11 17:00:00,10.553570542886847,10.870177659173454
TX_6,2012-06-11 17:30:00,10.1063727910025,10.409563974732574
TX_6,2012-06-11 18:00:00,11.614580280004944,11.963017688405092
TX_6,2012-06-11 18:30:00,10.583247997228293,10.900745437145142
TX_6,2012-06-11 19:00:00,10.578928291344136,10.896296140084461
TX_6,2012-06-11 19:30:00,12.939719587456237,13.327911175079924
TX_6,2012-06-11 20:00:00,9.845937301022804,10.14131542005349
TX_6,2012-06-11 20:30:00,8.151582989625284,8.396130479314044
TX_6,2012-06-11 21:00:00,8.585323889902973,8.842883606600063
TX_6,2012-06-11 21:30:00,6.822745445197813,7.027427808553748
TX_6,2012-06-11 22:00:00,6.335218276004839,6.525274824284984
TX_6,2012-06-11 22:30:00,5.634357688563279,5.803388419220178
TX_6,2012-06-11 23:00:00,5.785601875928852,5.959169932206717
TX_6,2012-06-11 23:30:00,4.032015762369418,4.152976235240501
TX_6,2012-06-12 00:00:00,4.002836165736529,4.122921250708624
TX_6,2012-06-12 00:30:00,4.18999982338351,4.315699818085015
TX_6,2012-06-12 01:00:00,2.762685239051874,2.8455657962234304
TX_6,2012-06-12 01:30:00,3.839094327264253,3.9542671570821804
TX_6,2012-06-12 02:00:00,2.8341808888426727,2.919206315507953
TX_6,2012-06-12 02:30:00,3.539590448868771,3.6457781623348344
TX_6,2012-06-12 03:00:00,3.329252556607355,3.429130133305576
TX_6,2012-06-12 03:30:00,2.851518515702781,2.9370640711738645
TX_6,2012-06-12 04:00:00,2.8146403918088687,2.899079603563135
TX_6,2012-06-12 04:30:00,3.3156070873547074,3.415075299975349
TX_6,2012-06-12 05:00:00,4.324883522649428,4.4546300283289115
TX_6,2012-06-12 05:30:00,5.2112437827165135,5.367581096198009
TX_6,2012-06-12 06:00:00,5.114431345170419,5.2678642855255315
TX_6,2012-06-12 06:30:00,6.073742986272947,6.255955275861136
TX_6,2012-06-12 07:00:00,7.265361900635371,7.483322757654433
TX_6,2012-06-12 07:30:00,6.177583919734665,6.362911437326705
TX_6,2012-06-12 08:00:00,5.365565699728739,5.526532670720601
TX_6,2012-06-12 08:30:00,5.70692184070723,5.878129495928447
TX_6,2012-06-12 09:00:00,5.219986006329564,5.376585586519451
TX_6,2012-06-12 09:30:00,5.301974143767673,5.461033368080703
TX_6,2012-06-12 10:00:00,4.566048488423417,4.703029943076119
TX_6,2012-06-12 10:30:00,5.444067500811731,5.6073895258360835
TX_6,2012-06-12 11:00:00,4.753548322267866,4.896154771935902
TX_6,2012-06-12 11:30:00,4.372933085522471,4.504121078088144
TX_6,2012-06-12 12:00:00,4.906748239117103,5.053950686290617
TX_6,2012-06-12 12:30:00,5.017142467252571,5.1676567412701475
TX_6,2012-06-12 13:00:00,5.021934220467217,5.1725922470812336
TX_6,2012-06-12 13:30:00,5.802912648995154,5.977000028465008
TX_6,2012-06-12 14:00:00,4.82581492282435,4.970589370509081
TX_6,2012-06-12 14:30:00,4.563988862603362,4.700908528481463
TX_6,2012-06-12 15:00:00,5.046815284466539,5.198219743000535
TX_6,2012-06-12 15:30:00,7.212797437409335,7.429181360531615
TX_6,2012-06-12 16:00:00,9.688951936247943,9.97962049433538
TX_6,2012-06-12 16:30:00,8.291299756881495,8.54003874958794
TX_6,2012-06-12 17:00:00,6.47458784444434,6.66882547977767
TX_6,2012-06-12 17:30:00,6.078596737468098,6.260954639592141
TX_6,2012-06-12 18:00:00,6.235282638747099,6.422341117909513
TX_6,2012-06-12 18:30:00,8.019789619046609,8.260383307618007
TX_6,2012-06-12 19:00:00,9.035444292561909,9.306507621338767
TX_6,2012-06-12 19:30:00,7.947892372643656,8.186329143822967
TX_6,2012-06-12 20:00:00,6.921363041263076,7.129003932500969
TX_6,2012-06-12 20:30:00,14.631990482387373,15.070950196858995
TX_6,2012-06-12 21:00:00,8.880960592281964,9.147389410050422
TX_6,2012-06-12 21:30:00,6.829598680223119,7.0344866406298125
TX_6,2012-06-12 22:00:00,6.472919869663572,6.66710746575348
TX_6,2012-06-12 22:30:00,7.445372788766219,7.668733972429206
TX_6,2012-06-12 23:00:00,5.438726696122208,5.601888497005874
TX_6,2012-06-12 23:30:00,3.7035191053936587,3.8146246785554685
TX_6,2012-06-13 00:00:00,3.5166884561601215,3.6221891098449253
TX_6,2012-06-13 00:30:00,2.5576118856138645,2.6343402421822804
TX_6,2012-06-13 01:00:00,2.0911841588752456,2.153919683641503
TX_6,2012-06-13 01:30:00,1.6275746156369006,1.6764018541060077
TX_6,2012-06-13 02:00:00,1.9828257105554048,2.042310481872067
TX_6,2012-06-13 02:30:00,2.689660315605107,2.7703501250732603
TX_6,2012-06-13 03:00:00,2.376749643774777,2.4480521330880203
TX_6,2012-06-13 03:30:00,1.758861676897984,1.8116275272049234
TX_6,2012-06-13 04:00:00,1.6562970662377332,1.7059859782248652
TX_6,2012-06-13 04:30:00,2.208014292727006,2.2742547215088162
TX_6,2012-06-13 05:00:00,2.929376988907111,3.0172582985743244
TX_6,2012-06-13 05:30:00,2.5632289103682977,2.6401257776793465
TX_6,2012-06-13 06:00:00,2.2847213010725147,2.35326294010469
TX_6,2012-06-13 06:30:00,3.45003461899039,3.553535657560102
TX_6,2012-06-13 07:00:00,3.435462634925873,3.5385265139736495
TX_6,2012-06-13 07:30:00,3.5635711122670664,3.6704782456350786
TX_6,2012-06-13 08:00:00,3.329561254896898,3.429448092543805
TX_6,2012-06-13 08:30:00,3.365494282554255,3.4664591110308827
TX_6,2012-06-13 09:00:00,3.8879497852700977,4.004588278828201
TX_6,2012-06-13 09:30:00,2.85344750993276,2.939050935230743
TX_6,2012-06-13 10:00:00,2.5373837397588104,2.6135052519515747
TX_6,2012-06-13 10:30:00,3.123006834984532,3.216697040034068
TX_6,2012-06-13 11:00:00,2.791234230555629,2.874971257472298
TX_6,2012-06-13 11:30:00,2.43785931199685,2.510995091356756
TX_6,2012-06-13 12:00:00,2.9918455863476066,3.0816009539380347
TX_6,2012-06-13 12:30:00,3.752783120653445,3.8653666142730483
TX_6,2012-06-13 13:00:00,2.664847771352658,2.744793204493238
TX_6,2012-06-13 13:30:00,3.1219038328025377,3.215560947786614
TX_6,2012-06-13 14:00:00,3.0666115548314736,3.1586099014764177
TX_6,2012-06-13 14:30:00,2.7656594514770902,2.848629235021403
TX_6,2012-06-13 15:00:00,2.971008211442167,3.0601384577854325
TX_6,2012-06-13 15:30:00,4.14548425706694,4.269848784778948
TX_6,2012-06-13 16:00:00,4.383648799462782,4.515158263446666
TX_6,2012-06-13 16:30:00,4.0181544877023025,4.138699122333372
TX_6,2012-06-13 17:00:00,4.973724699662686,5.122936440652566
TX_6,2012-06-13 17:30:00,4.365673894842735,4.496644111688017
TX_6,2012-06-13 18:00:00,5.07257484338843,5.2247520886900825
TX_6,2012-06-13 18:30:00,6.49794026605195,6.692878474033509
TX_6,2012-06-13 19:00:00,4.513757302910548,4.649170021997865
TX_6,2012-06-13 19:30:00,5.269947533981004,5.428045960000434
TX_6,2012-06-13 20:00:00,4.325362848703389,4.4551237341644905
TX_6,2012-06-13 20:30:00,3.9356110264418858,4.053679357235143
TX_6,2012-06-13 21:00:00,4.877239223048821,5.0235563997402854
TX_6,2012-06-13 21:30:00,5.139347914409361,5.293528351841641
TX_6,2012-06-13 22:00:00,4.486525966120948,4.621121745104577
TX_6,2012-06-13 22:30:00,4.129953830791444,4.253852445715188
TX_6,2012-06-13 23:00:00,3.314415404202236,3.4138478663283034
TX_6,2012-06-13 23:30:00,2.625524995300222,2.704290745159229
TX_6,2012-06-14 00:00:00,2.6790301745471856,2.759401079783601
TX_6,2012-06-14 00:30:00,3.197519121660716,3.2934446953105376
TX_6,2012-06-14 01:00:00,2.6309316593626093,2.7098596091434874
TX_6,2012-06-14 01:30:00,2.42316900985699,2.4958640801526997
TX_6,2012-06-14 02:00:00,2.4703072896568283,2.5444165083465333
TX_6,2012-06-14 02:30:00,2.678530491794688,2.7588864065485286
TX_6,2012-06-14 03:00:00,2.464540067979428,2.5384762700188106
TX_6,2012-06-14 03:30:00,2.040387903372168,2.1015995404733334
TX_6,2012-06-14 04:00:00,2.1319008133864505,2.195857837788044
TX_6,2012-06-14 04:30:00,2.509199518562145,2.5844755041190095
TX_6,2012-06-14 05:00:00,2.4169061882831753,2.4894133739316704
TX_6,2012-06-14 05:30:00,3.2449085689254393,3.3422558259932025
TX_6,2012-06-14 06:00:00,3.465397570666107,3.5693594977860905
TX_6,2012-06-14 06:30:00,3.6052095044611474,3.713365789594982
TX_6,2012-06-14 07:00:00,4.606969197804051,4.745178273738173
TX_6,2012-06-14 07:30:00,5.5493820270122,5.715863487822566
TX_6,2012-06-14 08:00:00,4.483884952384471,4.618401500956005
TX_6,2012-06-14 08:30:00,4.078089976730322,4.200432676032231
TX_6,2012-06-14 09:00:00,3.533805980217979,3.6398201596245183
TX_6,2012-06-14 09:30:00,3.4876802043464092,3.5923106104768014
TX_6,2012-06-14 10:00:00,2.556567444551728,2.63326446788828
TX_6,2012-06-14 10:30:00,3.821895687812986,3.9365525584473757
TX_6,2012-06-14 11:00:00,3.489358225957461,3.594038972736185
TX_6,2012-06-14 11:30:00,4.353715955354454,4.484327434015088
TX_6,2012-06-14 12:00:00,5.051046088082848,5.202577470725334
TX_6,2012-06-14 12:30:00,4.810469475083168,4.954783559335663
TX_6,2012-06-14 13:00:00,4.03735062588866,4.15847114466532
TX_6,2012-06-14 13:30:00,3.3632486341077406,3.4641460931309727
TX_6,2012-06-14 14:00:00,3.9760361538444005,4.0953172384597325
TX_6,2012-06-14 14:30:00,2.968018994355231,3.057059564185888
TX_6,2012-06-14 15:00:00,4.267560470351693,4.395587284462244
TX_6,2012-06-14 15:30:00,5.017945916587432,5.168484294085055
TX_6,2012-06-14 16:00:00,7.160604130942144,7.375422254870409
TX_6,2012-06-14 16:30:00,5.043654473100792,5.194964107293816
TX_6,2012-06-14 17:00:00,6.481352284954511,6.675792853503147
TX_6,2012-06-14 17:30:00,9.177258610890949,9.452576369217677
TX_6,2012-06-14 18:00:00,7.172004342154305,7.3871644724189345
TX_6,2012-06-14 18:30:00,7.766727402546094,7.9997292246224765
TX_6,2012-06-14 19:00:00,9.161545459621642,9.436391823410291
TX_6,2012-06-14 19:30:00,8.754340707811714,9.016970929046066
TX_6,2012-06-14 20:00:00,8.134630575592418,8.37866949286019
TX_6,2012-06-14 20:30:00,9.820033261625175,10.114634259473931
TX_6,2012-06-14 21:00:00,7.08956945147533,7.30225653501959
TX_6,2012-06-14 21:30:00,7.884436308106861,8.120969397350066
TX_6,2012-06-14 22:00:00,5.484312753981568,5.648842136601015
TX_6,2012-06-14 22:30:00,4.218309553256596,4.344858839854294
TX_6,2012-06-14 23:00:00,3.8123738102639524,3.926745024571871
TX_6,2012-06-14 23:30:00,3.059569636931532,3.151356726039478
TX_6,2012-06-15 00:00:00,3.0147049980210645,3.1051461479616966
TX_6,2012-06-15 00:30:00,2.3985595970983087,2.470516385011258
TX_6,2012-06-15 01:00:00,1.9650389840291633,2.0239901535500384
TX_6,2012-06-15 01:30:00,2.5181207564175434,2.59366437911007
TX_6,2012-06-15 02:00:00,1.7812920380129278,1.8347307991533157
TX_6,2012-06-15 02:30:00,2.596981331469901,2.674890771413998
TX_6,2012-06-15 03:00:00,2.0537284270676817,2.115340279879712
TX_6,2012-06-15 03:30:00,2.1397955549833503,2.203989421632851
TX_6,2012-06-15 04:00:00,1.6915340976148892,1.7422801205433358
TX_6,2012-06-15 04:30:00,2.6358183805075095,2.714892931922735
TX_6,2012-06-15 05:00:00,2.533497393310765,2.609502315110088
TX_6,2012-06-15 05:30:00,3.9295541590566008,4.047440783828299
TX_6,2012-06-15 06:00:00,2.8328867174204357,2.917873318943049
TX_6,2012-06-15 06:30:00,3.2865880924880857,3.3851857352627284
TX_6,2012-06-15 07:00:00,3.6416135706930843,3.750861977813877
TX_6,2012-06-15 07:30:00,5.149290735561279,5.303769457628118
TX_6,2012-06-15 08:00:00,3.4877676622238187,3.5924006920905334
TX_6,2012-06-15 08:30:00,4.407949979425693,4.540188478808464
TX_6,2012-06-15 09:00:00,4.05007234102309,4.171574511253783
TX_6,2012-06-15 09:30:00,3.4982674329665335,3.60321545595553
TX_6,2012-06-15 10:00:00,3.4426859786413995,3.5459665580006416
TX_6,2012-06-15 10:30:00,2.6145160190027017,2.692951499572783
TX_6,2012-06-15 11:00:00,2.787304633190417,2.8709237721861296
TX_6,2012-06-15 11:30:00,4.928386535346687,5.076238131407087
TX_6,2012-06-15 12:00:00,4.918921181244429,5.066488816681763
TX_6,2012-06-15 12:30:00,4.047126178973533,4.16853996434274
TX_6,2012-06-15 13:00:00,3.1051878149335153,3.198343449381521
TX_6,2012-06-15 13:30:00,3.835049669570505,3.95010115965762
TX_6,2012-06-15 14:00:00,3.2030300793388884,3.299120981719055
TX_6,2012-06-15 14:30:00,3.1801088073544683,3.2755120715751023
TX_6,2012-06-15 15:00:00,3.3369186635050863,3.437026223410239
TX_6,2012-06-15 15:30:00,4.423998028229612,4.5567179690765
TX_6,2012-06-15 16:00:00,4.103917790587827,4.227035324305462
TX_6,2012-06-15 16:30:00,6.745090912350595,6.947443639721113
TX_6,2012-06-15 17:00:00,5.63056838769015,5.799485439320854
TX_6,2012-06-15 17:30:00,5.9267002741372785,6.104501282361397
TX_6,2012-06-15 18:00:00,6.70907577392433,6.91034804714206
TX_6,2012-06-15 18:30:00,7.465564239262765,7.689531166440648
TX_6,2012-06-15 19:00:00,4.891454102757629,5.038197725840358
TX_6,2012-06-15 19:30:00,4.85787188703761,5.003608043648739
TX_6,2012-06-15 20:00:00,5.138673502553174,5.29283370762977
TX_6,2012-06-15 20:30:00,5.690706298639999,5.861427487599199
TX_6,2012-06-15 21:00:00,4.850082132463738,4.99558459643765
TX_6,2012-06-15 21:30:00,5.867730554193352,6.0437624708191535
TX_6,2012-06-15 22:00:00,4.6023648607612735,4.740435806584112
TX_6,2012-06-15 22:30:00,4.010128251345452,4.130432098885816
TX_6,2012-06-15 23:00:00,2.925221048733113,3.0129776801951067
TX_6,2012-06-15 23:30:00,2.9742068987302295,3.0634331056921362
TX_6,2012-06-16 00:00:00,3.680194678699008,3.790600519059978
TX_6,2012-06-16 00:30:00,2.2248561855312716,2.29160187109721
TX_6,2012-06-16 01:00:00,1.8532363252967978,1.9088334150557018
TX_6,2012-06-16 01:30:00,1.6993469410901738,1.750327349322879
TX_6,2012-06-16 02:00:00,1.714368985171582,1.7658000547267294
TX_6,2012-06-16 02:30:00,1.7261612240870474,1.777946060809659
TX_6,2012-06-16 03:00:00,1.6082123894493376,1.6564587611328179
TX_6,2012-06-16 03:30:00,1.2175578460887766,1.2540845814714399
TX_6,2012-06-16 04:00:00,1.1838278396783575,1.2193426748687082
TX_6,2012-06-16 04:30:00,1.3048403842258571,1.343985595752633
TX_6,2012-06-16 05:00:00,1.611378481647329,1.6597198360967491
TX_6,2012-06-16 05:30:00,1.576868982919025,1.6241750524065959
TX_6,2012-06-16 06:00:00,1.7044153309112784,1.7555477908386168
TX_6,2012-06-16 06:30:00,2.502884860813375,2.5779714066377766
TX_6,2012-06-16 07:00:00,2.75019047678141,2.8326961910848523
TX_6,2012-06-16 07:30:00,1.7764576947890862,1.829751425632759
TX_6,2012-06-16 08:00:00,1.8359302741083217,1.8910081823315714
TX_6,2012-06-16 08:30:00,4.661797261747416,4.801651179599839
TX_6,2012-06-16 09:00:00,1.9305171917260382,1.9884327074778194
TX_6,2012-06-16 09:30:00,2.6467814793890154,2.726184923770686
TX_6,2012-06-16 10:00:00,1.52622366842936,1.5720103784822408
TX_6,2012-06-16 10:30:00,2.5692816814169523,2.646360131859461
TX_6,2012-06-16 11:00:00,1.9115007233225507,1.9688457450222272
TX_6,2012-06-16 11:30:00,2.2336255319804943,2.3006342979399093
TX_6,2012-06-16 12:00:00,2.0925419804172285,2.1553182398297452
TX_6,2012-06-16 12:30:00,2.338981962263128,2.4091514211310217
TX_6,2012-06-16 13:00:00,1.709376646248248,1.7606579456356954
TX_6,2012-06-16 13:30:00,1.9009821886591047,1.958011654318878
TX_6,2012-06-16 14:00:00,1.8871596882516057,1.943774478899154
TX_6,2012-06-16 14:30:00,2.4313889658065815,2.504330634780779
TX_6,2012-06-16 15:00:00,2.3514214802930535,2.4219641247018453
TX_6,2012-06-16 15:30:00,2.2445339742680264,2.3118699934960674
TX_6,2012-06-16 16:00:00,1.6320911408184484,1.681053875043002
TX_6,2012-06-16 16:30:00,1.5979035186882855,1.645840624248934
TX_6,2012-06-16 17:00:00,2.1718636945259386,2.237019605361717
TX_6,2012-06-16 17:30:00,3.42918391667402,3.5320594341742404
TX_6,2012-06-16 18:00:00,3.0160701921469344,3.1065522979113425
TX_6,2012-06-16 18:30:00,3.1277505277090283,3.2215830435402992
TX_6,2012-06-16 19:00:00,3.4068435562978534,3.509048862986789
TX_6,2012-06-16 19:30:00,2.585519983618071,2.6630855831266134
TX_6,2012-06-16 20:00:00,3.963880897138134,4.082797324052279
TX_6,2012-06-16 20:30:00,3.765539250284184,3.87850542779271
TX_6,2012-06-16 21:00:00,2.8438664343113436,2.929182427340684
TX_6,2012-06-16 21:30:00,3.0013134787784295,3.0913528831417825
TX_6,2012-06-16 22:00:00,2.33631590834323,2.406405385593527
TX_6,2012-06-16 22:30:00,1.8055840348923056,1.8597515559390747
TX_6,2012-06-16 23:00:00,1.4357641690845315,1.4788370941570674
TX_6,2012-06-16 23:30:00,1.6230853425461975,1.6717779028225834
TX_6,2012-06-17 00:00:00,1.2378135563420152,1.2749479630322758
TX_6,2012-06-17 00:30:00,3.5409091050414774,3.6471363781927217
TX_6,2012-06-17 01:00:00,3.278131698409862,3.376475649362158
TX_6,2012-06-17 01:30:00,3.3161952157979795,3.415681072271919
TX_6,2012-06-17 02:00:00,2.848629098596615,2.9340879715545136
TX_6,2012-06-17 02:30:00,2.899263467097879,2.9862413711108156
TX_6,2012-06-17 03:00:00,3.1607288446930903,3.255550710033883
TX_6,2012-06-17 03:30:00,2.536978009657655,2.613087349947385
TX_6,2012-06-17 04:00:00,2.7779841934095817,2.8613237192118692
TX_6,2012-06-17 04:30:00,2.6444580600746055,2.723791801876844
TX_6,2012-06-17 05:00:00,3.0647147434478175,3.156656185751252
TX_6,2012-06-17 05:30:00,2.8883540414740256,2.9750046627182463
TX_6,2012-06-17 06:00:00,3.5813985255771215,3.6888404813444353
TX_6,2012-06-17 06:30:00,3.036649358507945,3.1277488392631834
TX_6,2012-06-17 07:00:00,7.13217245079167,7.34613762431542
TX_6,2012-06-17 07:30:00,4.868789107170724,5.014852780385846
TX_6,2012-06-17 08:00:00,5.648862247038725,5.818328114449887
TX_6,2012-06-17 08:30:00,5.596159362027029,5.7640441428878395
TX_6,2012-06-17 09:00:00,6.758703028569223,6.9614641194263
TX_6,2012-06-17 09:30:00,4.459815069570986,4.593609521658116
TX_6,2012-06-17 10:00:00,4.839962320756561,4.985161190379258
TX_6,2012-06-17 10:30:00,5.6010110218457045,5.769041352501076
TX_6,2012-06-17 11:00:00,4.290923404468738,4.4196511066028
TX_6,2012-06-17 11:30:00,5.361171919904862,5.522007077502008
TX_6,2012-06-17 12:00:00,5.004236461040866,5.154363554872091
TX_6,2012-06-17 12:30:00,5.261247787390982,5.419085221012711
TX_6,2012-06-17 13:00:00,5.214607158397829,5.371045373149764
TX_6,2012-06-17 13:30:00,4.832311491302858,4.977280836041944
TX_6,2012-06-17 14:00:00,3.8238527994917866,3.9385683834765404
TX_6,2012-06-17 14:30:00,3.901527247947653,4.018573065386082
TX_6,2012-06-17 15:00:00,4.61599444595612,4.754474279334803
TX_6,2012-06-17 15:30:00,5.277565284959139,5.435892243507913
TX_6,2012-06-17 16:00:00,5.101156667680372,5.254191367710783
TX_6,2012-06-17 16:30:00,4.502108372694749,4.637171623875592
TX_6,2012-06-17 17:00:00,6.1664666752622495,6.3514606755201175
TX_6,2012-06-17 17:30:00,6.281068384355482,6.469500435886147
TX_6,2012-06-17 18:00:00,6.296616102566735,6.485514585643737
TX_6,2012-06-17 18:30:00,7.191278563608662,7.407016920516922
TX_6,2012-06-17 19:00:00,7.496533020980943,7.721429011610371
TX_6,2012-06-17 19:30:00,6.436100033960878,6.629183034979705
TX_6,2012-06-17 20:00:00,7.831091142781447,8.066023877064891
TX_6,2012-06-17 20:30:00,8.697169903466456,8.958085000570449
TX_6,2012-06-17 21:00:00,8.433666258908675,8.686676246675935
TX_6,2012-06-17 21:30:00,6.470099634636672,6.664202623675773
TX_6,2012-06-17 22:00:00,7.243900600239055,7.461217618246227
TX_6,2012-06-17 22:30:00,6.551791624857656,6.748345373603386
TX_6,2012-06-17 23:00:00,8.266730090199665,8.514731992905656
TX_6,2012-06-17 23:30:00,4.77073109376168,4.913853026574531
TX_6,2012-06-18 00:00:00,4.039736834802038,4.160928939846099
TX_6,2012-06-18 00:30:00,3.1293545657690633,3.2232352027421354
TX_6,2012-06-18 01:00:00,3.0240425499771417,3.114763826476456
TX_6,2012-06-18 01:30:00,2.6142574732414205,2.692685197438663
TX_6,2012-06-18 02:00:00,2.668830235094138,2.7488951421469623
TX_6,2012-06-18 02:30:00,3.0016995413847085,3.09175052762625
TX_6,2012-06-18 03:00:00,2.970824660064894,3.059949399866841
TX_6,2012-06-18 03:30:00,2.7956929649323645,2.8795637538803356
TX_6,2012-06-18 04:00:00,2.5445931108425675,2.6209309041678446
TX_6,2012-06-18 04:30:00,3.4305625878270067,3.533479465461817
TX_6,2012-06-18 05:00:00,3.243015973798899,3.3403064530128663
TX_6,2012-06-18 05:30:00,4.5100908990814155,4.645393626053858
TX_6,2012-06-18 06:00:00,4.581689365351432,4.719140046311975
TX_6,2012-06-18 06:30:00,5.366239011487882,5.527226181832519
TX_6,2012-06-18 07:00:00,5.201067366376341,5.357099387367631
TX_6,2012-06-18 07:30:00,6.049936954289233,6.23143506291791
TX_6,2012-06-18 08:00:00,6.080026259538828,6.262427047324993
TX_6,2012-06-18 08:30:00,5.027693614782092,5.178524423225555
TX_6,2012-06-18 09:00:00,9.07113799264452,9.343272132423856
TX_6,2012-06-18 09:30:00,7.440756371090221,7.663979062222928
TX_6,2012-06-18 10:00:00,6.615499941223849,6.813964939460565
TX_6,2012-06-18 10:30:00,5.895386664189523,6.072248264115209
TX_6,2012-06-18 11:00:00,5.907803373007739,6.085037474197971
TX_6,2012-06-18 11:30:00,6.234450816871741,6.4214843413778935
TX_6,2012-06-18 12:00:00,4.342834622700207,4.473119661381213
TX_6,2012-06-18 12:30:00,4.991097291279767,5.14083021001816
TX_6,2012-06-18 13:00:00,3.8709268273405355,3.987054632160752
TX_6,2012-06-18 13:30:00,4.292799258178598,4.421583235923956
TX_6,2012-06-18 14:00:00,3.613873776082827,3.722289989365312
TX_6,2012-06-18 14:30:00,5.991076105251369,6.17080838840891
TX_6,2012-06-18 15:00:00,5.072501067598921,5.224676099626889
TX_6,2012-06-18 15:30:00,6.539829521432338,6.736024407075309
TX_6,2012-06-18 16:00:00,5.471414691286535,5.635557132025131
TX_6,2012-06-18 16:30:00,7.800580721189734,8.034598142825425
TX_6,2012-06-18 17:00:00,6.470756628649933,6.664879327509431
TX_6,2012-06-18 17:30:00,6.299678779304056,6.488669142683178
TX_6,2012-06-18 18:00:00,6.261258899545114,6.449096666531467
TX_6,2012-06-18 18:30:00,5.997270313631426,6.177188423040369
TX_6,2012-06-18 19:00:00,6.277066362670577,6.465378353550694
TX_6,2012-06-18 19:30:00,7.591417564999933,7.819160091949931
TX_6,2012-06-18 20:00:00,6.557478261825941,6.7542026096807195
TX_6,2012-06-18 20:30:00,8.181249942476146,8.426687440750431
TX_6,2012-06-18 21:00:00,10.29926771909882,10.608245750671784
TX_6,2012-06-18 21:30:00,8.507641016045996,8.762870246527376
TX_6,2012-06-18 22:00:00,6.263840000761857,6.451755200784713
TX_6,2012-06-18 22:30:00,7.014497988181221,7.224932927826658
TX_6,2012-06-18 23:00:00,5.459779461171755,5.623572845006908
TX_6,2012-06-18 23:30:00,4.74476939269269,4.88711247447347
TX_6,2012-06-19 00:00:00,3.2621821998977136,3.360047665894645
TX_6,2012-06-19 00:30:00,3.4722328880076208,3.5763998746478496
TX_6,2012-06-19 01:00:00,2.976355158942653,3.065645813710933
TX_6,2012-06-19 01:30:00,3.1672933033666215,3.2623121024676203
TX_6,2012-06-19 02:00:00,2.6506800743065684,2.7302004765357655
TX_6,2012-06-19 02:30:00,2.97975731523692,3.0691500346940277
TX_6,2012-06-19 03:00:00,2.9597367187062247,3.0485288202674115
TX_6,2012-06-19 03:30:00,2.626749018569369,2.7055514891264503
TX_6,2012-06-19 04:00:00,2.9770574452190974,3.06636916857567
TX_6,2012-06-19 04:30:00,3.0387899420112645,3.1299536402716024
TX_6,2012-06-19 05:00:00,3.27781518354384,3.3761496390501553
TX_6,2012-06-19 05:30:00,4.346973756713865,4.477382969415281
TX_6,2012-06-19 06:00:00,3.6477956819657043,3.7572295524246755
TX_6,2012-06-19 06:30:00,4.141132282517704,4.265366250993235
TX_6,2012-06-19 07:00:00,5.271605264966468,5.4297534229154625
TX_6,2012-06-19 07:30:00,5.5706998233658345,5.73782081806681
TX_6,2012-06-19 08:00:00,5.950783850283301,6.1293073657918
TX_6,2012-06-19 08:30:00,5.070044060564418,5.22214538238135
TX_6,2012-06-19 09:00:00,3.837537785160209,3.9526639187150154
TX_6,2012-06-19 09:30:00,4.16908208730366,4.294154549922769
TX_6,2012-06-19 10:00:00,4.693964535836266,4.834783471911354
TX_6,2012-06-19 10:30:00,4.535485213280428,4.671549769678841
TX_6,2012-06-19 11:00:00,5.63552679486509,5.804592598711043
TX_6,2012-06-19 11:30:00,3.655916058219476,3.7655935399660603
TX_6,2012-06-19 12:00:00,4.102212869509726,4.2252792555950185
TX_6,2012-06-19 12:30:00,5.741227169353359,5.91346398443396
TX_6,2012-06-19 13:00:00,4.150062572452394,4.274564449625966
TX_6,2012-06-19 13:30:00,4.31357703773435,4.442984348866381
TX_6,2012-06-19 14:00:00,4.092793649355048,4.2155774588357
TX_6,2012-06-19 14:30:00,4.028684507239364,4.149545042456546
TX_6,2012-06-19 15:00:00,3.7386099279773384,3.8507682258166587
TX_6,2012-06-19 15:30:00,4.218034271548587,4.344575299695045
TX_6,2012-06-19 16:00:00,6.266585931584578,6.454583509532116
TX_6,2012-06-19 16:30:00,9.757244253291645,10.049961580890395
TX_6,2012-06-19 17:00:00,8.657855567791952,8.91759123482571
TX_6,2012-06-19 17:30:00,5.422262258647824,5.584930126407259
TX_6,2012-06-19 18:00:00,8.040433208256706,8.281646204504408
TX_6,2012-06-19 18:30:00,8.068483711109566,8.310538222442853
TX_6,2012-06-19 19:00:00,6.810018260470583,7.014318808284701
TX_6,2012-06-19 19:30:00,8.564702818836787,8.821643903401892
TX_6,2012-06-19 20:00:00,6.862580945592728,7.06845837396051
TX_6,2012-06-19 20:30:00,6.377024378140053,6.568335109484255
TX_6,2012-06-19 21:00:00,8.00166231308105,8.241712182473481
TX_6,2012-06-19 21:30:00,6.825296606235289,7.030055504422348
TX_6,2012-06-19 22:00:00,6.086319086118934,6.268908658702502
TX_6,2012-06-19 22:30:00,6.25398187169467,6.44160132784551
TX_6,2012-06-19 23:00:00,5.464611890634119,5.628550247353143
TX_6,2012-06-19 23:30:00,5.059491003992262,5.21127573411203
TX_6,2012-06-20 00:00:00,4.0230986129060256,4.143791571293207
TX_6,2012-06-20 00:30:00,4.27861469232536,4.4069731330951205
TX_6,2012-06-20 01:00:00,3.2143336651062757,3.310763675059464
TX_6,2012-06-20 01:30:00,2.7799505789360235,2.863349096304104
TX_6,2012-06-20 02:00:00,3.070851977455927,3.162977536779605
TX_6,2012-06-20 02:30:00,3.1401265191115786,3.234330314684926
TX_6,2012-06-20 03:00:00,2.4937014815240133,2.5685125259697337
TX_6,2012-06-20 03:30:00,2.6841936888809563,2.764719499547385
TX_6,2012-06-20 04:00:00,2.13778399099056,2.201917510720277
TX_6,2012-06-20 04:30:00,3.3901341988778246,3.4918382248441593
TX_6,2012-06-20 05:00:00,3.5192583247025966,3.6248360744436745
TX_6,2012-06-20 05:30:00,3.8533177076982215,3.9689172389291683
TX_6,2012-06-20 06:00:00,3.9904571075681976,4.110170820795243
TX_6,2012-06-20 06:30:00,3.741442315627811,3.8536855850966454
TX_6,2012-06-20 07:00:00,4.87963041289197,5.026019325278729
TX_6,2012-06-20 07:30:00,6.373009090256594,6.564199362964292
TX_6,2012-06-20 08:00:00,5.773081751223444,5.946274203760147
TX_6,2012-06-20 08:30:00,5.2303747048578275,5.387285946003563
TX_6,2012-06-20 09:00:00,6.854077652537004,7.059699982113115
TX_6,2012-06-20 09:30:00,5.589659284557963,5.757349063094702
TX_6,2012-06-20 10:00:00,4.7967599705363195,4.940662769652409
