Transformer_ID,DateTime,KWH/hh (per half hour),Transformer_Reading
TX_1,2012-05-21 10:30:00,0.4506971200974331,0.46421803370035614
TX_1,2012-05-21 11:00:00,0.22670087695409818,0.23350190326272113
TX_1,2012-05-21 11:30:00,0.1626886301898488,0.16756928909554428
TX_1,2012-05-21 12:00:00,0.3019055114024338,0.31096267674450684
TX_1,2012-05-21 12:30:00,0.3878913549626628,0.3995280956115427
TX_1,2012-05-21 13:00:00,1.145062769811858,1.1794146529062137
TX_1,2012-05-21 13:30:00,0.5738490411582866,0.5910645123930353
TX_1,2012-05-21 14:00:00,0.5444100353808844,0.560742336442311
TX_1,2012-05-21 14:30:00,0.6101867019862182,0.6284923030458047
TX_1,2012-05-21 15:00:00,0.4255899852483352,0.43835768480578524
TX_1,2012-05-21 15:30:00,1.0279467169675618,1.0587851184765886
TX_1,2012-05-21 16:00:00,0.8026588928319607,0.8267386596169195
TX_1,2012-05-21 16:30:00,0.5879697049597181,0.6056087961085097
TX_1,2012-05-21 17:00:00,0.5783610259174238,0.5957118566949465
TX_1,2012-05-21 17:30:00,0.9717561405414542,1.0009088247576978
TX_1,2012-05-21 18:00:00,0.6895655392454162,0.7102525054227787
TX_1,2012-05-21 18:30:00,1.2651265538056806,1.3030803504198512
TX_1,2012-05-21 19:00:00,0.5831844814965155,0.600680015941411
TX_1,2012-05-21 19:30:00,0.5220277731755124,0.5376886063707778
TX_1,2012-05-21 20:00:00,0.7264182349833844,0.7482107820328859
TX_1,2012-05-21 20:30:00,0.3088606727060913,0.31812649288727407
TX_1,2012-05-21 21:00:00,0.5587644322233066,0.5755273651900058
TX_1,2012-05-21 21:30:00,1.3856299057411727,1.427198802913408
TX_1,2012-05-21 22:00:00,0.8962815833162298,0.9231700308157167
TX_1,2012-05-21 22:30:00,0.3571089153156676,0.3678221827751376
TX_1,2012-05-21 23:00:00,0.4747552947921711,0.48899795363593623
TX_1,2012-05-21 23:30:00,0.2544052254907729,0.26203738225549605
TX_1,2012-05-22 00:00:00,0.1469651068916519,0.15137406009840146
TX_1,2012-05-22 00:30:00,0.3048921474133371,0.31403891183573723
TX_1,2012-05-22 01:00:00,0.3129083262674706,0.32229557605549475
TX_1,2012-05-22 01:30:00,0.3757712923057176,0.3870444310748891
TX_1,2012-05-22 02:00:00,0.1593117271743805,0.16409107898961192
TX_1,2012-05-22 02:30:00,0.4099132720772267,0.4222106702395435
TX_1,2012-05-22 03:00:00,0.1482378754558446,0.15268501171951995
TX_1,2012-05-22 03:30:00,0.3671542571410851,0.3781688848553177
TX_1,2012-05-22 04:00:00,0.3003984994399514,0.30941045442314996
TX_1,2012-05-22 04:30:00,0.5826539146161891,0.6001335320546748
TX_1,2012-05-22 05:00:00,0.1974942238554378,0.20341905057110093
TX_1,2012-05-22 05:30:00,0.2954876145870503,0.30435224302466185
TX_1,2012-05-22 06:00:00,0.298411957240832,0.307364315958057
TX_1,2012-05-22 06:30:00,0.3420247147426295,0.3522854561849084
TX_1,2012-05-22 07:00:00,0.4280040084656014,0.44084412871956946
TX_1,2012-05-22 07:30:00,0.5693518349765592,0.586432390025856
TX_1,2012-05-22 08:00:00,0.4976237225144989,0.5125524341899339
TX_1,2012-05-22 08:30:00,0.4827608616896766,0.4972436875403669
TX_1,2012-05-22 09:00:00,0.2093922439947895,0.2156740113146332
TX_1,2012-05-22 09:30:00,0.1726998993182872,0.17788089629783582
TX_1,2012-05-22 10:00:00,0.7185302803400269,0.7400861887502277
TX_1,2012-05-22 10:30:00,0.2016285802099026,0.20767743761619967
TX_1,2012-05-22 11:00:00,0.264599271352119,0.2725372494926826
TX_1,2012-05-22 11:30:00,0.2760051386848274,0.28428529284537224
TX_1,2012-05-22 12:00:00,0.5819048845289055,0.5993620310647727
TX_1,2012-05-22 12:30:00,0.3155286082302122,0.3249944664771186
TX_1,2012-05-22 13:00:00,0.385789879886896,0.3973635762835029
TX_1,2012-05-22 13:30:00,0.2814081064777136,0.289850349672045
TX_1,2012-05-22 14:00:00,0.5770489004996513,0.5943603675146408
TX_1,2012-05-22 14:30:00,0.5347238425774266,0.5507655578547493
TX_1,2012-05-22 15:00:00,0.4183087054516913,0.43085796661524206
TX_1,2012-05-22 15:30:00,0.2998731541677575,0.30886934879279027
TX_1,2012-05-22 16:00:00,0.441875664571988,0.4551319345091477
TX_1,2012-05-22 16:30:00,0.45707527910540613,0.47078753747856833
TX_1,2012-05-22 17:00:00,0.37619207370181107,0.3874778359128654
TX_1,2012-05-22 17:30:00,0.565088139378969,0.5820407835603381
TX_1,2012-05-22 18:00:00,0.441848426279848,0.45510387906824346
TX_1,2012-05-22 18:30:00,0.24993300090971998,0.2574309909370116
TX_1,2012-05-22 19:00:00,0.3685653349655937,0.3796222950145615
TX_1,2012-05-22 19:30:00,0.5680783397086635,0.5851206898999234
TX_1,2012-05-22 20:00:00,0.7200997388586539,0.7417027310244135
TX_1,2012-05-22 20:30:00,0.5200428254373172,0.5356441102004367
TX_1,2012-05-22 21:00:00,0.8209176976975344,0.8455452286284605
TX_1,2012-05-22 21:30:00,0.4057550410511516,0.41792769228268617
TX_1,2012-05-22 22:00:00,0.36816216503674803,0.3792070299878505
TX_1,2012-05-22 22:30:00,0.2608513106354332,0.2686768499544962
TX_1,2012-05-22 23:00:00,0.3118767710513226,0.3212330741828623
TX_1,2012-05-22 23:30:00,0.18249169109309948,0.18796644182589248
TX_1,2012-05-23 00:00:00,0.2895303915559003,0.29821630330257737
TX_1,2012-05-23 00:30:00,0.2509840691970824,0.25851359127299484
TX_1,2012-05-23 01:00:00,0.2990630306060482,0.3080349215242297
TX_1,2012-05-23 01:30:00,0.1937049132032675,0.19951606059936552
TX_1,2012-05-23 02:00:00,0.3046018993036752,0.31373995628278545
TX_1,2012-05-23 02:30:00,0.2214377686173578,0.22808090167587855
TX_1,2012-05-23 03:00:00,0.35397021457647126,0.3645893210137654
TX_1,2012-05-23 03:30:00,0.2027764182514997,0.2088597107990447
TX_1,2012-05-23 04:00:00,0.19504258647694642,0.2008938640712548
TX_1,2012-05-23 04:30:00,0.647882195228675,0.6673186610855353
TX_1,2012-05-23 05:00:00,0.1375564064729093,0.14168309866709658
TX_1,2012-05-23 05:30:00,0.2552659667298041,0.26292394573169825
TX_1,2012-05-23 06:00:00,0.7787474477878814,0.8021098712215179
TX_1,2012-05-23 06:30:00,0.6303662825201607,0.6492772709957655
TX_1,2012-05-23 07:00:00,0.6412314815792807,0.6604684260266591
TX_1,2012-05-23 07:30:00,0.7427757807924928,0.7650590542162676
TX_1,2012-05-23 08:00:00,0.5587363049851699,0.575498394134725
TX_1,2012-05-23 08:30:00,1.320920863991285,1.3605484899110236
TX_1,2012-05-23 09:00:00,3.246121363520551,3.343505004426168
TX_1,2012-05-23 09:30:00,6.581210041546772,6.778646342793175
TX_1,2012-05-23 10:00:00,7.2022290987601725,7.418295971722978
TX_1,2012-05-23 10:30:00,8.701115894405394,8.962149371237556
TX_1,2012-05-23 11:00:00,6.6893891425711525,6.890070816848287
TX_1,2012-05-23 11:30:00,5.848489627486231,6.023944316310818
TX_1,2012-05-23 12:00:00,6.962452970694374,7.171326559815205
TX_1,2012-05-23 12:30:00,7.1803652680193375,7.395776226059918
TX_1,2012-05-23 13:00:00,5.921001301373151,6.098631340414346
TX_1,2012-05-23 13:30:00,8.018034075392741,8.258575097654523
TX_1,2012-05-23 14:00:00,6.723925536807082,6.925643302911294
TX_1,2012-05-23 14:30:00,5.52261314907983,5.688291543552225
TX_1,2012-05-23 15:00:00,6.366010228095256,6.556990534938113
TX_1,2012-05-23 15:30:00,7.273314710066918,7.491514151368926
TX_1,2012-05-23 16:00:00,7.7649545452535085,7.997903181611114
TX_1,2012-05-23 16:30:00,7.109953436026289,7.323252039107078
TX_1,2012-05-23 17:00:00,7.071636542900737,7.283785639187759
TX_1,2012-05-23 17:30:00,8.294975420276526,8.543824682884821
TX_1,2012-05-23 18:00:00,10.499973263429387,10.81497246133227
TX_1,2012-05-23 18:30:00,8.70481907597312,8.965963648252314
TX_1,2012-05-23 19:00:00,9.519559967092528,9.805146766105304
TX_1,2012-05-23 19:30:00,8.415622129942017,8.668090793840278
TX_1,2012-05-23 20:00:00,7.198288981945802,7.414237651404176
TX_1,2012-05-23 20:30:00,7.033109395351592,7.2441026772121395
TX_1,2012-05-23 21:00:00,7.237012692536753,7.454123073312856
TX_1,2012-05-23 21:30:00,8.303390143120993,8.552491847414622
TX_1,2012-05-23 22:00:00,12.047302647944523,12.40872172738286
TX_1,2012-05-23 22:30:00,7.099256196053037,7.312233881934628
TX_1,2012-05-23 23:00:00,4.901153147664367,5.0481877420942975
TX_1,2012-05-23 23:30:00,5.246034743319453,5.403415785619036
TX_1,2012-05-24 00:00:00,4.347322666282718,4.477742346271199
TX_1,2012-05-24 00:30:00,4.593961019737563,4.73177985032969
TX_1,2012-05-24 01:00:00,4.094549457042048,4.21738594075331
TX_1,2012-05-24 01:30:00,4.012038388120548,4.132399539764164
TX_1,2012-05-24 02:00:00,3.8468888793712788,3.962295545752417
TX_1,2012-05-24 02:30:00,4.6221652657635435,4.76083022373645
TX_1,2012-05-24 03:00:00,5.351869141714402,5.512425215965834
TX_1,2012-05-24 03:30:00,3.3176276204234236,3.4171564490361264
TX_1,2012-05-24 04:00:00,4.057396560909963,4.179118457737261
TX_1,2012-05-24 04:30:00,3.3671606443571416,3.468175463687856
TX_1,2012-05-24 05:00:00,4.683563827965017,4.8240707428039675
TX_1,2012-05-24 05:30:00,4.365378660194076,4.496340019999899
TX_1,2012-05-24 06:00:00,4.654255038767061,4.793882689930073
TX_1,2012-05-24 06:30:00,6.373367938749465,6.564568976911949
TX_1,2012-05-24 07:00:00,5.44719711470096,5.610613028141989
TX_1,2012-05-24 07:30:00,7.118148914821146,7.33169338226578
TX_1,2012-05-24 08:00:00,5.903368942206649,6.080470010472848
TX_1,2012-05-24 08:30:00,5.920646746469971,6.09826614886407
TX_1,2012-05-24 09:00:00,4.605737034609056,4.7439091456473275
TX_1,2012-05-24 09:30:00,6.796234222026598,7.000121248687396
TX_1,2012-05-24 10:00:00,4.5371586928228265,4.673273453607512
TX_1,2012-05-24 10:30:00,5.6358103236650345,5.804884633374986
TX_1,2012-05-24 11:00:00,5.480279960565558,5.644688359382525
TX_1,2012-05-24 11:30:00,8.042347373474609,8.283617794678847
TX_1,2012-05-24 12:00:00,9.035008975356858,9.306059244617565
TX_1,2012-05-24 12:30:00,7.449040370609241,7.672511581727519
TX_1,2012-05-24 13:00:00,6.46632898170654,6.6603188511577365
TX_1,2012-05-24 13:30:00,8.475063651449034,8.729315560992505
TX_1,2012-05-24 14:00:00,7.631573047290387,7.860520238709099
TX_1,2012-05-24 14:30:00,4.772227671314723,4.9153945014541645
TX_1,2012-05-24 15:00:00,5.438100894424139,5.601243921256863
TX_1,2012-05-24 15:30:00,5.107095252367824,5.260308109938858
TX_1,2012-05-24 16:00:00,8.470174797007507,8.724280040917733
TX_1,2012-05-24 16:30:00,7.311043693594479,7.530375004402314
TX_1,2012-05-24 17:00:00,6.811241140282513,7.015578374490988
TX_1,2012-05-24 17:30:00,5.533666958488465,5.699676967243119
TX_1,2012-05-24 18:00:00,8.659741840302178,8.919534095511244
TX_1,2012-05-24 18:30:00,8.875989183035715,9.142268858526787
TX_1,2012-05-24 19:00:00,8.454440271304561,8.708073479443698
TX_1,2012-05-24 19:30:00,7.445272926841231,7.668631114646469
TX_1,2012-05-24 20:00:00,6.453388426565685,6.646990079362656
TX_1,2012-05-24 20:30:00,8.359274002740303,8.610052222822512
TX_1,2012-05-24 21:00:00,7.44549916645845,7.668864141452203
TX_1,2012-05-24 21:30:00,9.351408406446089,9.631950658639472
TX_1,2012-05-24 22:00:00,6.933220538613235,7.141217154771632
TX_1,2012-05-24 22:30:00,6.968796138159888,7.177860022304685
TX_1,2012-05-24 23:00:00,5.240961661391212,5.398190511232948
TX_1,2012-05-24 23:30:00,4.667873979038475,4.80791019840963
TX_1,2012-05-25 00:00:00,4.120899266482164,4.244526244476629
TX_1,2012-05-25 00:30:00,3.428480334358333,3.531334744389083
TX_1,2012-05-25 01:00:00,4.099125795316005,4.2220995691754855
TX_1,2012-05-25 01:30:00,3.243375557741934,3.340676824474192
TX_1,2012-05-25 02:00:00,4.030915639043365,4.151843108214666
TX_1,2012-05-25 02:30:00,4.2208049896814295,4.347429139371872
TX_1,2012-05-25 03:00:00,4.553524764405754,4.690130507337927
TX_1,2012-05-25 03:30:00,3.2418212985248354,3.3390759374805805
TX_1,2012-05-25 04:00:00,3.5319971396549117,3.637957053844559
TX_1,2012-05-25 04:30:00,3.71245880772106,3.8238325719526918
TX_1,2012-05-25 05:00:00,3.512671275671132,3.618051413941266
TX_1,2012-05-25 05:30:00,4.2409498216487345,4.368178316298197
TX_1,2012-05-25 06:00:00,4.329450345527079,4.459333855892892
TX_1,2012-05-25 06:30:00,4.864947248863319,5.010895666329219
TX_1,2012-05-25 07:00:00,4.6666910654612375,4.806691797425075
TX_1,2012-05-25 07:30:00,6.390246981011858,6.581954390442213
TX_1,2012-05-25 08:00:00,4.987377329392095,5.136998649273858
TX_1,2012-05-25 08:30:00,5.297199931544668,5.456115929491008
TX_1,2012-05-25 09:00:00,4.435325175898569,4.568384931175526
TX_1,2012-05-25 09:30:00,5.896038045748355,6.072919187120806
TX_1,2012-05-25 10:00:00,6.857554955217983,7.063281603874523
TX_1,2012-05-25 10:30:00,5.786384599346826,5.9599761373272315
TX_1,2012-05-25 11:00:00,5.018771727920249,5.169334879757856
TX_1,2012-05-25 11:30:00,5.652035458883454,5.8215965226499575
TX_1,2012-05-25 12:00:00,8.540692724963973,8.796913506712892
TX_1,2012-05-25 12:30:00,6.491811416303828,6.686565758792943
TX_1,2012-05-25 13:00:00,5.513121660920657,5.678515310748277
TX_1,2012-05-25 13:30:00,7.047088066047981,7.258500708029421
TX_1,2012-05-25 14:00:00,4.677626163895444,4.817954948812307
TX_1,2012-05-25 14:30:00,5.169407301927213,5.324489520985029
TX_1,2012-05-25 15:00:00,3.9608324291762287,4.079657402051516
TX_1,2012-05-25 15:30:00,5.917308307557266,6.094827556783985
TX_1,2012-05-25 16:00:00,6.856009688126016,7.061689978769796
TX_1,2012-05-25 16:30:00,6.653532778769957,6.853138762133056
TX_1,2012-05-25 17:00:00,6.395084744770297,6.586937287113406
TX_1,2012-05-25 17:30:00,7.971373665218883,8.21051487517545
TX_1,2012-05-25 18:00:00,10.6110675441665,10.929399570491496
TX_1,2012-05-25 18:30:00,8.489216445783942,8.74389293915746
TX_1,2012-05-25 19:00:00,10.162383921821489,10.467255439476133
TX_1,2012-05-25 19:30:00,8.581330817946254,8.838770742484643
TX_1,2012-05-25 20:00:00,6.879569402964309,7.085956485053239
TX_1,2012-05-25 20:30:00,5.407712277117298,5.5699436454308175
TX_1,2012-05-25 21:00:00,7.105167708559252,7.31832273981603
TX_1,2012-05-25 21:30:00,5.35970985686088,5.520501152566706
TX_1,2012-05-25 22:00:00,5.602398511278476,5.770470466616831
TX_1,2012-05-25 22:30:00,4.404789297783975,4.536932976717495
TX_1,2012-05-25 23:00:00,4.175323040994934,4.3005827322247825
TX_1,2012-05-25 23:30:00,5.3655564907351705,5.526523185457226
TX_1,2012-05-26 00:00:00,4.029713709721487,4.150605121013132
TX_1,2012-05-26 00:30:00,4.541427384164463,4.677670205689396
TX_1,2012-05-26 01:00:00,3.6460333712977544,3.7554143724366873
TX_1,2012-05-26 01:30:00,4.043521901220397,4.164827558257009
TX_1,2012-05-26 02:00:00,3.266193630822728,3.36417943974741
TX_1,2012-05-26 02:30:00,5.107224837854348,5.260441582989979
TX_1,2012-05-26 03:00:00,3.608190258322264,3.716435966071932
TX_1,2012-05-26 03:30:00,4.1923277909889665,4.318097624718636
TX_1,2012-05-26 04:00:00,3.463203546398631,3.56709965279059
TX_1,2012-05-26 04:30:00,3.2921410052477724,3.3909052354052056
TX_1,2012-05-26 05:00:00,3.933694763488187,4.051705606392833
TX_1,2012-05-26 05:30:00,3.666924095121691,3.7769318179753415
TX_1,2012-05-26 06:00:00,4.093369065472964,4.216170137437153
TX_1,2012-05-26 06:30:00,3.9374048568894775,4.055527002596162
TX_1,2012-05-26 07:00:00,5.306282385563136,5.46547085713003
TX_1,2012-05-26 07:30:00,6.844855306043181,7.050200965224477
TX_1,2012-05-26 08:00:00,4.942812877160253,5.091097263475061
TX_1,2012-05-26 08:30:00,4.669703168872855,4.809794263939041
TX_1,2012-05-26 09:00:00,4.459709353699989,4.593500634310989
TX_1,2012-05-26 09:30:00,4.514041026304805,4.6494622570939494
TX_1,2012-05-26 10:00:00,5.680123396897653,5.850527098804583
TX_1,2012-05-26 10:30:00,5.011982242771041,5.162341710054172
TX_1,2012-05-26 11:00:00,4.502346943119829,4.637417351413424
TX_1,2012-05-26 11:30:00,5.09340500841187,5.246207158664227
TX_1,2012-05-26 12:00:00,5.719002671665657,5.890572751815627
TX_1,2012-05-26 12:30:00,7.088086629427102,7.300729228309915
TX_1,2012-05-26 13:00:00,4.803468272782219,4.947572320965685
TX_1,2012-05-26 13:30:00,5.979276908626277,6.158655215885066
TX_1,2012-05-26 14:00:00,5.163402075803549,5.3183041380776555
TX_1,2012-05-26 14:30:00,4.540182928543853,4.676388416400169
TX_1,2012-05-26 15:00:00,4.654175105603233,4.79380035877133
TX_1,2012-05-26 15:30:00,5.997972281984327,6.177911450443857
TX_1,2012-05-26 16:00:00,7.718856897316635,7.950422604236135
TX_1,2012-05-26 16:30:00,5.487217677259218,5.651834207576995
TX_1,2012-05-26 17:00:00,9.629388825130203,9.91827048988411
TX_1,2012-05-26 17:30:00,5.805917167695235,5.980094682726092
TX_1,2012-05-26 18:00:00,6.338163033829836,6.52830792484473
TX_1,2012-05-26 18:30:00,5.782038781128556,5.955499944562413
TX_1,2012-05-26 19:00:00,5.02198093204014,5.172640360001345
TX_1,2012-05-26 19:30:00,5.8890006457087924,6.065670665080057
TX_1,2012-05-26 20:00:00,8.672513269833875,8.932688667928891
TX_1,2012-05-26 20:30:00,6.626623198840537,6.8254218948057535
TX_1,2012-05-26 21:00:00,6.2149515588525235,6.401400105618099
TX_1,2012-05-26 21:30:00,7.484024435757937,7.708545168830676
TX_1,2012-05-26 22:00:00,7.196035044779556,7.411916096122943
TX_1,2012-05-26 22:30:00,5.917471451732236,6.094995595284204
TX_1,2012-05-26 23:00:00,4.5127197913558135,4.648101385096488
TX_1,2012-05-26 23:30:00,5.164481128522183,5.319415562377849
TX_1,2012-05-27 00:00:00,4.049170946915809,4.170646075323283
TX_1,2012-05-27 00:30:00,4.164831325359438,4.289776265120221
TX_1,2012-05-27 01:00:00,3.6663558769177818,3.776346553225315
TX_1,2012-05-27 01:30:00,3.649934163209112,3.7594321881053854
TX_1,2012-05-27 02:00:00,3.662545789927506,3.7724221636253312
TX_1,2012-05-27 02:30:00,4.668996917102326,4.809066824615395
TX_1,2012-05-27 03:00:00,4.165883616367698,4.290860124858729
TX_1,2012-05-27 03:30:00,3.355636158191752,3.4563052429375047
TX_1,2012-05-27 04:00:00,3.333928073616876,3.4339459158253822
TX_1,2012-05-27 04:30:00,2.646531422320382,2.7259273649899938
TX_1,2012-05-27 05:00:00,3.4456137141584673,3.5489821255832212
TX_1,2012-05-27 05:30:00,3.0667499537602816,3.1587524523730903
TX_1,2012-05-27 06:00:00,4.262949654816588,4.390838144461086
TX_1,2012-05-27 06:30:00,3.365534191152133,3.466500216886697
TX_1,2012-05-27 07:00:00,3.5536558689103512,3.660265544977662
TX_1,2012-05-27 07:30:00,4.005376006284839,4.125537286473385
TX_1,2012-05-27 08:00:00,3.827319619741131,3.942139208333365
TX_1,2012-05-27 08:30:00,5.067372718564256,5.219393900121184
TX_1,2012-05-27 09:00:00,5.209014482509474,5.365284916984758
TX_1,2012-05-27 09:30:00,6.337798122906597,6.527932066593795
TX_1,2012-05-27 10:00:00,5.494097399447637,5.658920321431066
TX_1,2012-05-27 10:30:00,5.431585814930163,5.594533389378068
TX_1,2012-05-27 11:00:00,5.907795714488126,6.085029585922769
TX_1,2012-05-27 11:30:00,5.907457295187032,6.084681014042643
TX_1,2012-05-27 12:00:00,5.818390788718752,5.992942512380314
TX_1,2012-05-27 12:30:00,7.009993037895207,7.220292829032063
TX_1,2012-05-27 13:00:00,6.320366810318784,6.509977814628347
TX_1,2012-05-27 13:30:00,6.884161783196106,7.09068663669199
TX_1,2012-05-27 14:00:00,8.08470882079082,8.327250085414544
TX_1,2012-05-27 14:30:00,5.687042535517128,5.857653811582642
TX_1,2012-05-27 15:00:00,6.551242908997098,6.747780196267011
TX_1,2012-05-27 15:30:00,5.960526806616146,6.139342610814631
TX_1,2012-05-27 16:00:00,6.908648339543768,7.115907789730081
TX_1,2012-05-27 16:30:00,6.502941025117273,6.698029255870791
TX_1,2012-05-27 17:00:00,6.140607944241886,6.324826182569143
TX_1,2012-05-27 17:30:00,5.091621905022008,5.244370562172668
TX_1,2012-05-27 18:00:00,5.595606059523325,5.763474241309025
TX_1,2012-05-27 18:30:00,6.71875442890122,6.920317061768257
TX_1,2012-05-27 19:00:00,6.180923880967355,6.366351597396376
TX_1,2012-05-27 19:30:00,5.983834011891164,6.1633490322479
TX_1,2012-05-27 20:00:00,6.425020217858676,6.617770824394436
TX_1,2012-05-27 20:30:00,6.435890587945501,6.628967305583866
TX_1,2012-05-27 21:00:00,5.379937653486498,5.5413357830910925
TX_1,2012-05-27 21:30:00,7.689180290184035,7.919855698889557
TX_1,2012-05-27 22:00:00,6.8440462434649705,7.04936763076892
TX_1,2012-05-27 22:30:00,6.343055469699306,6.5333471337902855
TX_1,2012-05-27 23:00:00,5.662299695818559,5.832168686693116
TX_1,2012-05-27 23:30:00,4.515521451885126,4.65098709544168
TX_1,2012-05-28 00:00:00,4.291352549574147,4.420093126061372
TX_1,2012-05-28 00:30:00,3.2291195751686654,3.3259931624237256
TX_1,2012-05-28 01:00:00,3.990106544264679,4.1098097405926195
TX_1,2012-05-28 01:30:00,2.8720476241829465,2.958209052908435
TX_1,2012-05-28 02:00:00,3.9030492803010484,4.02014075871008
TX_1,2012-05-28 02:30:00,4.304492132702356,4.433626896683427
TX_1,2012-05-28 03:00:00,4.179895851671109,4.305292727221242
TX_1,2012-05-28 03:30:00,2.9625774064686152,3.051454728662674
TX_1,2012-05-28 04:00:00,4.127703035583002,4.251534126650492
TX_1,2012-05-28 04:30:00,2.9891260697651063,3.0787998518580597
TX_1,2012-05-28 05:00:00,3.501342834490586,3.606383119525304
TX_1,2012-05-28 05:30:00,4.617431339144298,4.755954279318627
TX_1,2012-05-28 06:00:00,4.493908132902741,4.628725376889823
TX_1,2012-05-28 06:30:00,5.780938563097631,5.95436671999056
TX_1,2012-05-28 07:00:00,5.842365294256977,6.017636253084686
TX_1,2012-05-28 07:30:00,5.563789854895472,5.730703550542336
TX_1,2012-05-28 08:00:00,5.526688388442275,5.692489040095543
TX_1,2012-05-28 08:30:00,5.8380834883866,6.013225993038198
TX_1,2012-05-28 09:00:00,6.123991787868126,6.30771154150417
TX_1,2012-05-28 09:30:00,6.120538284243091,6.304154432770384
TX_1,2012-05-28 10:00:00,4.284553043737031,4.4130896350491415
TX_1,2012-05-28 10:30:00,5.291215768732519,5.449952241794494
TX_1,2012-05-28 11:00:00,5.927085713595631,6.1048982850035
TX_1,2012-05-28 11:30:00,8.684216581630038,8.94474307907894
TX_1,2012-05-28 12:00:00,6.465889817664235,6.659866512194162
TX_1,2012-05-28 12:30:00,3.6670802044525046,3.77709261058608
TX_1,2012-05-28 13:00:00,4.860611187872765,5.006429523508948
TX_1,2012-05-28 13:30:00,7.490859264613796,7.715585042552211
TX_1,2012-05-28 14:00:00,10.107309397528326,10.410528679454176
TX_1,2012-05-28 14:30:00,8.59647071427556,8.854364835703826
TX_1,2012-05-28 15:00:00,6.392089579596772,6.5838522669846755
TX_1,2012-05-28 15:30:00,5.37446107545454,5.535694907718176
TX_1,2012-05-28 16:00:00,7.609237267701465,7.837514385732509
TX_1,2012-05-28 16:30:00,5.3935950139274444,5.555402864345268
TX_1,2012-05-28 17:00:00,5.528386828470898,5.694238433325025
TX_1,2012-05-28 17:30:00,6.774025125858612,6.977245879634371
TX_1,2012-05-28 18:00:00,7.203126739528676,7.4192205417145365
TX_1,2012-05-28 18:30:00,6.503072845914936,6.698165031292384
TX_1,2012-05-28 19:00:00,5.729196435580416,5.901072328647829
TX_1,2012-05-28 19:30:00,9.20444917022965,9.48058264533654
TX_1,2012-05-28 20:00:00,8.235157835655492,8.482212570725157
TX_1,2012-05-28 20:30:00,9.282403120897564,9.560875214524492
TX_1,2012-05-28 21:00:00,7.952976865866493,8.191566171842489
TX_1,2012-05-28 21:30:00,7.173546073017663,7.388752455208193
TX_1,2012-05-28 22:00:00,6.179790464514926,6.365184178450374
TX_1,2012-05-28 22:30:00,5.9708777336261125,6.150004065634896
TX_1,2012-05-28 23:00:00,6.268262833271614,6.456310718269763
TX_1,2012-05-28 23:30:00,5.590535866386615,5.758251942378213
TX_1,2012-05-29 00:00:00,4.561926756561725,4.698784559258577
TX_1,2012-05-29 00:30:00,4.121064477451891,4.244696411775448
TX_1,2012-05-29 01:00:00,4.188394167982417,4.31404599302189
TX_1,2012-05-29 01:30:00,3.8593590097083728,3.975139779999624
TX_1,2012-05-29 02:00:00,3.9348991970963496,4.05294617300924
TX_1,2012-05-29 02:30:00,4.015333268640701,4.135793266699922
TX_1,2012-05-29 03:00:00,4.812296038335085,4.956664919485138
TX_1,2012-05-29 03:30:00,3.029993772304221,3.1208935854733477
TX_1,2012-05-29 04:00:00,3.586972379748307,3.694581551140756
TX_1,2012-05-29 04:30:00,3.176195216021513,3.2714810725021586
TX_1,2012-05-29 05:00:00,3.126650192186126,3.2204496979517097
TX_1,2012-05-29 05:30:00,3.9835475804804097,4.103054007894822
TX_1,2012-05-29 06:00:00,4.615474034539411,4.753938255575593
TX_1,2012-05-29 06:30:00,5.498561133936545,5.6635179679546415
TX_1,2012-05-29 07:00:00,4.542683616173398,4.6789641246586
TX_1,2012-05-29 07:30:00,6.658183685693933,6.8579291962647515
TX_1,2012-05-29 08:00:00,4.627892390775116,4.76672916249837
TX_1,2012-05-29 08:30:00,6.486419110077347,6.681011683379667
TX_1,2012-05-29 09:00:00,6.326625023916513,6.516423774634009
TX_1,2012-05-29 09:30:00,5.607264701543794,5.7754826425901085
TX_1,2012-05-29 10:00:00,4.410148156147157,4.542452600831572
TX_1,2012-05-29 10:30:00,8.480013576782106,8.73441398408557
TX_1,2012-05-29 11:00:00,6.95393437280681,7.162552403991014
TX_1,2012-05-29 11:30:00,8.088703304714064,8.331364403855487
TX_1,2012-05-29 12:00:00,7.978855777398713,8.218221450720675
TX_1,2012-05-29 12:30:00,7.377698604676107,7.599029562816391
TX_1,2012-05-29 13:00:00,9.014747551930004,9.285189978487905
TX_1,2012-05-29 13:30:00,5.629846523151369,5.79874191884591
TX_1,2012-05-29 14:00:00,4.9997829126081506,5.149776399986395
TX_1,2012-05-29 14:30:00,6.124422660955547,6.3081553407842135
TX_1,2012-05-29 15:00:00,4.539175584681926,4.675350852222384
TX_1,2012-05-29 15:30:00,5.24569641029659,5.403067302605488
TX_1,2012-05-29 16:00:00,6.565941615189025,6.762919863644695
TX_1,2012-05-29 16:30:00,5.611106909553862,5.779440116840478
TX_1,2012-05-29 17:00:00,6.5559946077388,6.752674445970964
TX_1,2012-05-29 17:30:00,6.685289426174043,6.885848108959264
TX_1,2012-05-29 18:00:00,5.876691451227219,6.052992194764036
TX_1,2012-05-29 18:30:00,8.67270514863689,8.932886303095996
TX_1,2012-05-29 19:00:00,7.7036356496923215,7.934744719183091
TX_1,2012-05-29 19:30:00,7.317828185488051,7.537363031052693
TX_1,2012-05-29 20:00:00,7.4757076438002,7.699978873114206
TX_1,2012-05-29 20:30:00,7.365829702185323,7.586804593250883
TX_1,2012-05-29 21:00:00,7.460271416327882,7.684079558817719
TX_1,2012-05-29 21:30:00,5.8261695193553065,6.000954604935965
TX_1,2012-05-29 22:00:00,6.845457078691335,7.050820791052075
TX_1,2012-05-29 22:30:00,5.798149946425822,5.972094444818596
TX_1,2012-05-29 23:00:00,4.876541521701935,5.022837767352993
TX_1,2012-05-29 23:30:00,3.5723964551127896,3.6795683487661734
TX_1,2012-05-30 00:00:00,4.4146493785047936,4.5470888598599375
TX_1,2012-05-30 00:30:00,3.303901680484033,3.403018730898554
TX_1,2012-05-30 01:00:00,3.8740438095713596,3.9902651238585007
TX_1,2012-05-30 01:30:00,2.904805386408987,2.991949548001257
TX_1,2012-05-30 02:00:00,2.9548669909013716,3.043513000628413
TX_1,2012-05-30 02:30:00,4.187978258261748,4.3136176060096005
TX_1,2012-05-30 03:00:00,3.397968346034094,3.4999073964151166
TX_1,2012-05-30 03:30:00,3.190447376781529,3.2861607980849747
TX_1,2012-05-30 04:00:00,2.972718334715852,3.0618998847573273
TX_1,2012-05-30 04:30:00,3.510815513325034,3.616139978724785
TX_1,2012-05-30 05:00:00,2.5719105196910554,2.6490678352817874
TX_1,2012-05-30 05:30:00,4.402463769104389,4.534537682177521
TX_1,2012-05-30 06:00:00,4.199594609082093,4.325582447354556
TX_1,2012-05-30 06:30:00,5.517080511669454,5.682592927019538
TX_1,2012-05-30 07:00:00,7.080252627499508,7.292660206324493
TX_1,2012-05-30 07:30:00,5.688145067337306,5.858789419357425
TX_1,2012-05-30 08:00:00,6.450623170762982,6.644141865885872
TX_1,2012-05-30 08:30:00,4.893527904404163,5.040333741536288
TX_1,2012-05-30 09:00:00,4.450347653280488,4.583858082878903
TX_1,2012-05-30 09:30:00,6.936647177770236,7.144746593103343
TX_1,2012-05-30 10:00:00,5.634242115041261,5.8032693784925
TX_1,2012-05-30 10:30:00,4.321157509591694,4.450792234879445
TX_1,2012-05-30 11:00:00,4.208098786961375,4.334341750570216
TX_1,2012-05-30 11:30:00,5.481195889898672,5.645631766595632
TX_1,2012-05-30 12:00:00,6.185451333545783,6.371014873552157
TX_1,2012-05-30 12:30:00,5.032151436792753,5.183115979896535
TX_1,2012-05-30 13:00:00,4.946555889506786,5.094952566191989
TX_1,2012-05-30 13:30:00,5.403686881022692,5.565797487453373
TX_1,2012-05-30 14:00:00,5.435588446721635,5.598656100123284
TX_1,2012-05-30 14:30:00,5.493439136573802,5.658242310671016
TX_1,2012-05-30 15:00:00,6.4187911582095465,6.611354892955833
TX_1,2012-05-30 15:30:00,8.236732551285286,8.483834527823845
TX_1,2012-05-30 16:00:00,7.39398578170384,7.615805355154955
TX_1,2012-05-30 16:30:00,6.193816740108078,6.37963124231132
TX_1,2012-05-30 17:00:00,6.057449109227612,6.23917258250444
TX_1,2012-05-30 17:30:00,5.780936291740443,5.954364380492656
TX_1,2012-05-30 18:00:00,5.93237819857361,6.110349544530818
TX_1,2012-05-30 18:30:00,6.447361441613155,6.64078228486155
TX_1,2012-05-30 19:00:00,5.559091197509905,5.725863933435202
TX_1,2012-05-30 19:30:00,7.08018660579126,7.292592203964998
TX_1,2012-05-30 20:00:00,8.120101121994223,8.36370415565405
TX_1,2012-05-30 20:30:00,6.378323193502839,6.569672889307924
TX_1,2012-05-30 21:00:00,7.860536433917509,8.096352526935034
TX_1,2012-05-30 21:30:00,6.9550125069491955,7.163662882157672
TX_1,2012-05-30 22:00:00,6.61933128923978,6.817911227916974
TX_1,2012-05-30 22:30:00,5.4378868954269315,5.601023502289739
TX_1,2012-05-30 23:00:00,6.0685632137361685,6.250620110148254
TX_1,2012-05-30 23:30:00,3.3448954767843735,3.445242341087905
TX_1,2012-05-31 00:00:00,3.7629808967694824,3.875870323672567
TX_1,2012-05-31 00:30:00,2.455935763730644,2.529613836642563
TX_1,2012-05-31 01:00:00,3.3734394173184237,3.4746425998379764
TX_1,2012-05-31 01:30:00,2.8026381750096228,2.8867173202599115
TX_1,2012-05-31 02:00:00,3.008609530092507,3.0988678159952823
TX_1,2012-05-31 02:30:00,3.927838663569873,4.045673823476969
TX_1,2012-05-31 03:00:00,3.9025030876465716,4.0195781802759685
TX_1,2012-05-31 03:30:00,3.483078874095694,3.5875712403185647
TX_1,2012-05-31 04:00:00,3.153349225515251,3.2479497022807085
TX_1,2012-05-31 04:30:00,3.6048725926249428,3.713018770403691
TX_1,2012-05-31 05:00:00,3.341313182862501,3.441552578348376
TX_1,2012-05-31 05:30:00,4.812279185364766,4.95664756092571
TX_1,2012-05-31 06:00:00,4.632428436337824,4.771401289427958
TX_1,2012-05-31 06:30:00,5.886640181610287,6.063239387058595
TX_1,2012-05-31 07:00:00,4.632841772079658,4.771827025242048
TX_1,2012-05-31 07:30:00,6.7722159434651665,6.975382421769122
TX_1,2012-05-31 08:00:00,7.039663660865581,7.2508535706915485
TX_1,2012-05-31 08:30:00,10.954868421509776,11.28351447415507
TX_1,2012-05-31 09:00:00,7.289346058880752,7.508026440647175
TX_1,2012-05-31 09:30:00,5.242413451112525,5.399685854645901
TX_1,2012-05-31 10:00:00,5.215948175068489,5.372426620320543
TX_1,2012-05-31 10:30:00,7.0430104998315555,7.254300814826502
TX_1,2012-05-31 11:00:00,8.197528792767912,8.44345465655095
TX_1,2012-05-31 11:30:00,5.805284983043358,5.979443532534659
TX_1,2012-05-31 12:00:00,5.653991191368371,5.8236109271094225
TX_1,2012-05-31 12:30:00,4.306497487118235,4.435692411731782
TX_1,2012-05-31 13:00:00,6.025075983107065,6.205828262600277
TX_1,2012-05-31 13:30:00,9.669948894053451,9.960047360875055
TX_1,2012-05-31 14:00:00,6.748925292463534,6.9513930512374404
TX_1,2012-05-31 14:30:00,5.940650915570303,6.118870443037412
TX_1,2012-05-31 15:00:00,5.122070867352533,5.275732993373109
TX_1,2012-05-31 15:30:00,7.319854244547013,7.5394498718834235
TX_1,2012-05-31 16:00:00,4.5913869554957065,4.729128564160578
TX_1,2012-05-31 16:30:00,6.466862201291831,6.660868067330586
TX_1,2012-05-31 17:00:00,6.026640811744898,6.207440036097245
TX_1,2012-05-31 17:30:00,5.979503178828098,6.158888274192941
TX_1,2012-05-31 18:00:00,4.72077054636897,4.86239366276004
TX_1,2012-05-31 18:30:00,5.357987706125844,5.5187273373096195
TX_1,2012-05-31 19:00:00,6.099856278532408,6.28285196688838
TX_1,2012-05-31 19:30:00,8.448340404862762,8.701790617008646
TX_1,2012-05-31 20:00:00,6.79252155107447,6.9962971976067045
TX_1,2012-05-31 20:30:00,7.144692862047888,7.3590336479093255
TX_1,2012-05-31 21:00:00,5.3544789472115175,5.515113315627863
TX_1,2012-05-31 21:30:00,6.59137989918889,6.7891212961645575
TX_1,2012-05-31 22:00:00,6.682438015040487,6.882911155491702
TX_1,2012-05-31 22:30:00,5.2626323896203555,5.420511361308966
TX_1,2012-05-31 23:00:00,5.651032215960748,5.82056318243957
TX_1,2012-05-31 23:30:00,4.46568056294321,4.599650979831506
TX_1,2012-06-01 00:00:00,5.034617500968505,5.18565602599756
TX_1,2012-06-01 00:30:00,4.307752944025401,4.436985532346163
TX_1,2012-06-01 01:00:00,4.508285162116187,4.643533716979673
TX_1,2012-06-01 01:30:00,4.025455625851059,4.146219294626591
TX_1,2012-06-01 02:00:00,3.332385725735043,3.4323572975070946
TX_1,2012-06-01 02:30:00,4.086155784415487,4.208740457947952
TX_1,2012-06-01 03:00:00,3.804423023024842,3.918555713715587
TX_1,2012-06-01 03:30:00,2.894899940983264,2.981746939212762
TX_1,2012-06-01 04:00:00,2.83042185725255,2.915334512970127
TX_1,2012-06-01 04:30:00,3.522493772205662,3.628168585371832
TX_1,2012-06-01 05:00:00,3.279831602477267,3.378226550551585
TX_1,2012-06-01 05:30:00,4.158287638806655,4.283036267970855
TX_1,2012-06-01 06:00:00,3.5947554790786165,3.702598143450975
TX_1,2012-06-01 06:30:00,4.937209455419831,5.085325739082426
TX_1,2012-06-01 07:00:00,3.912966196645701,4.0303551825450725
TX_1,2012-06-01 07:30:00,5.617335650393243,5.78585571990504
TX_1,2012-06-01 08:00:00,9.008253504029815,9.27850110915071
TX_1,2012-06-01 08:30:00,7.902377596042861,8.139448923924148
TX_1,2012-06-01 09:00:00,5.887117296215905,6.0637308151023825
TX_1,2012-06-01 09:30:00,4.653185384013133,4.7927809455335275
TX_1,2012-06-01 10:00:00,5.164062280207178,5.318984148613393
TX_1,2012-06-01 10:30:00,4.697763516365708,4.838696421856679
TX_1,2012-06-01 11:00:00,6.862401965269964,7.068274024228063
TX_1,2012-06-01 11:30:00,4.280718800329791,4.409140364339685
TX_1,2012-06-01 12:00:00,5.413362307254419,5.575763176472051
TX_1,2012-06-01 12:30:00,4.083910030330966,4.206427331240895
TX_1,2012-06-01 13:00:00,4.8262025779006485,4.970988655237668
TX_1,2012-06-01 13:30:00,4.6371711160972255,4.776286249580142
TX_1,2012-06-01 14:00:00,5.269000233197637,5.427070240193567
TX_1,2012-06-01 14:30:00,4.674411188530012,4.814643524185913
TX_1,2012-06-01 15:00:00,4.569341461023778,4.706421704854491
TX_1,2012-06-01 15:30:00,5.659417373706536,5.829199894917733
TX_1,2012-06-01 16:00:00,6.648851681563672,6.848317232010582
TX_1,2012-06-01 16:30:00,5.006332907499219,5.156522894724196
TX_1,2012-06-01 17:00:00,6.45859625205875,6.652354139620512
TX_1,2012-06-01 17:30:00,6.43424021307029,6.627267419462399
TX_1,2012-06-01 18:00:00,6.460272039578778,6.654080200766142
TX_1,2012-06-01 18:30:00,8.521141334665925,8.776775574705903
TX_1,2012-06-01 19:00:00,11.27349458906092,11.611699426732748
TX_1,2012-06-01 19:30:00,9.125371645013102,9.399132794363496
TX_1,2012-06-01 20:00:00,7.627513119482491,7.856338513066966
TX_1,2012-06-01 20:30:00,10.14341902560466,10.4477215963728
TX_1,2012-06-01 21:00:00,9.45012129734301,9.7336249362633
TX_1,2012-06-01 21:30:00,7.9054250772374655,8.14258782955459
TX_1,2012-06-01 22:00:00,5.741180752178553,5.91341617474391
TX_1,2012-06-01 22:30:00,5.80583931433347,5.980014493763474
TX_1,2012-06-01 23:00:00,5.298978267160559,5.457947615175376
TX_1,2012-06-01 23:30:00,4.388786835140233,4.52045044019444
TX_1,2012-06-02 00:00:00,3.784819856188745,3.8983644518744076
TX_1,2012-06-02 00:30:00,3.1625303118047383,3.2574062211588806
TX_1,2012-06-02 01:00:00,3.542222854489138,3.648489540123812
TX_1,2012-06-02 01:30:00,3.155387333045157,3.2500489530365115
TX_1,2012-06-02 02:00:00,3.6207229161457937,3.7293446036301674
TX_1,2012-06-02 02:30:00,3.7977574049482263,3.9116901270966733
TX_1,2012-06-02 03:00:00,3.7612546869213404,3.8740923275289805
TX_1,2012-06-02 03:30:00,2.5973823092505857,2.6753037785281033
TX_1,2012-06-02 04:00:00,3.5205870136819897,3.6262046240924493
TX_1,2012-06-02 04:30:00,3.2529103505803696,3.350497661097781
TX_1,2012-06-02 05:00:00,3.806165287096713,3.9203502457096144
TX_1,2012-06-02 05:30:00,3.468319061415212,3.5723686332576685
TX_1,2012-06-02 06:00:00,7.922821235721402,8.160505872793044
TX_1,2012-06-02 06:30:00,8.271793771462661,8.519947584606541
TX_1,2012-06-02 07:00:00,7.988681618893497,8.228342067460302
TX_1,2012-06-02 07:30:00,5.913500716448365,6.0909057379418154
TX_1,2012-06-02 08:00:00,4.676658145191153,4.816957889546888
TX_1,2012-06-02 08:30:00,6.096738751430851,6.279640913973777
TX_1,2012-06-02 09:00:00,5.994391517558824,6.174223263085588
TX_1,2012-06-02 09:30:00,6.261390446906195,6.4492321603133815
TX_1,2012-06-02 10:00:00,5.45037624117412,5.613887528409344
TX_1,2012-06-02 10:30:00,6.258646419826459,6.446405812421252
TX_1,2012-06-02 11:00:00,6.736183075216493,6.9382685674729885
TX_1,2012-06-02 11:30:00,5.722904772508836,5.894591915684101
TX_1,2012-06-02 12:00:00,5.879537238369242,6.055923355520319
TX_1,2012-06-02 12:30:00,6.128583981050585,6.312441500482103
TX_1,2012-06-02 13:00:00,8.19477172728112,8.440614879099554
TX_1,2012-06-02 13:30:00,5.996087371450811,6.175969992594335
TX_1,2012-06-02 14:00:00,6.2305718214113845,6.417488976053726
TX_1,2012-06-02 14:30:00,4.786193436916478,4.929779240023972
TX_1,2012-06-02 15:00:00,5.1810481583964965,5.336479603148391
TX_1,2012-06-02 15:30:00,4.825922755578229,4.970700438245576
TX_1,2012-06-02 16:00:00,6.321839021380297,6.511494192021706
TX_1,2012-06-02 16:30:00,4.369046346425748,4.50011773681852
TX_1,2012-06-02 17:00:00,4.920603940260646,5.068222058468465
TX_1,2012-06-02 17:30:00,5.667944341053446,5.83798267128505
TX_1,2012-06-02 18:00:00,5.518049694997284,5.683591185847203
TX_1,2012-06-02 18:30:00,7.1003209755836005,7.313330604851108
TX_1,2012-06-02 19:00:00,8.439547142605495,8.69273355688366
TX_1,2012-06-02 19:30:00,7.418781196181509,7.6413446320669545
TX_1,2012-06-02 20:00:00,5.871609263900394,6.047757541817406
TX_1,2012-06-02 20:30:00,6.841414447682658,7.0466568811131385
TX_1,2012-06-02 21:00:00,5.649212154335001,5.818688518965051
TX_1,2012-06-02 21:30:00,6.763918808875225,6.966836373141482
TX_1,2012-06-02 22:00:00,6.234694782954071,6.421735626442693
TX_1,2012-06-02 22:30:00,6.480722063339111,6.675143725239284
TX_1,2012-06-02 23:00:00,6.221288996301492,6.407927666190537
TX_1,2012-06-02 23:30:00,5.526933378734247,5.692741380096275
TX_1,2012-06-03 00:00:00,5.553310889490383,5.719910216175095
TX_1,2012-06-03 00:30:00,4.671643668557956,4.811792978614695
TX_1,2012-06-03 01:00:00,5.103006326661149,5.256096516460984
TX_1,2012-06-03 01:30:00,3.665590866465938,3.7755585924599164
TX_1,2012-06-03 02:00:00,3.5503861612546928,3.6568977460923335
TX_1,2012-06-03 02:30:00,3.893683616026779,4.0104941245075825
TX_1,2012-06-03 03:00:00,4.178252632707637,4.303600211688866
TX_1,2012-06-03 03:30:00,2.643611036252125,2.7229193673396885
TX_1,2012-06-03 04:00:00,3.4632931066893455,3.567191899890026
TX_1,2012-06-03 04:30:00,2.5937462075304003,2.671558593756312
TX_1,2012-06-03 05:00:00,3.8648849746977914,3.980831523938725
TX_1,2012-06-03 05:30:00,3.3774372551874974,3.4787603728431225
TX_1,2012-06-03 06:00:00,4.388872307923252,4.52053847716095
TX_1,2012-06-03 06:30:00,4.416030321026234,4.548511230657021
TX_1,2012-06-03 07:00:00,4.082201065620123,4.204667097588727
TX_1,2012-06-03 07:30:00,4.848906556303773,4.994373752992886
TX_1,2012-06-03 08:00:00,5.62255003364352,5.791226534652826
TX_1,2012-06-03 08:30:00,6.267675426725188,6.455705689526944
TX_1,2012-06-03 09:00:00,6.3957571296968325,6.587629843587738
TX_1,2012-06-03 09:30:00,8.415079916181673,8.667532313667124
TX_1,2012-06-03 10:00:00,6.983481569895381,7.192986016992243
TX_1,2012-06-03 10:30:00,6.777210061041594,6.980526362872842
TX_1,2012-06-03 11:00:00,6.389934429218953,6.581632462095522
TX_1,2012-06-03 11:30:00,7.085692753742602,7.298263536354881
TX_1,2012-06-03 12:00:00,8.975109391131433,9.244362672865376
TX_1,2012-06-03 12:30:00,8.366981320277596,8.617990759885924
TX_1,2012-06-03 13:00:00,8.42674926381217,8.679551741726534
TX_1,2012-06-03 13:30:00,7.621806982377736,7.850461191849068
TX_1,2012-06-03 14:00:00,6.485544433006165,6.68011076599635
TX_1,2012-06-03 14:30:00,6.3194658055726505,6.50904977973983
TX_1,2012-06-03 15:00:00,7.720914131068229,7.952541555000276
TX_1,2012-06-03 15:30:00,6.670792225112201,6.870915991865568
TX_1,2012-06-03 16:00:00,8.029335973512875,8.270216052718261
TX_1,2012-06-03 16:30:00,7.737732229371552,7.969864196252699
TX_1,2012-06-03 17:00:00,7.050242850838411,7.261750136363564
TX_1,2012-06-03 17:30:00,13.362446093365552,13.763319476166519
TX_1,2012-06-03 18:00:00,8.969453582420961,9.23853718989359
TX_1,2012-06-03 18:30:00,7.906322037372573,8.14351169849375
TX_1,2012-06-03 19:00:00,6.769505710468945,6.972590881783013
TX_1,2012-06-03 19:30:00,8.249094776662046,8.496567619961908
TX_1,2012-06-03 20:00:00,7.446246929347282,7.669634337227701
TX_1,2012-06-03 20:30:00,7.204083875279216,7.420206391537593
TX_1,2012-06-03 21:00:00,7.9270765080929735,8.164888803335764
TX_1,2012-06-03 21:30:00,9.006053151256259,9.276234745793946
TX_1,2012-06-03 22:00:00,7.227932662894179,7.4447706427810045
TX_1,2012-06-03 22:30:00,7.010804631918874,7.22112877087644
TX_1,2012-06-03 23:00:00,5.431658672505807,5.594608432680982
TX_1,2012-06-03 23:30:00,4.904622101689806,5.0517607647405
TX_1,2012-06-04 00:00:00,5.8366796353308805,6.0117800243908075
TX_1,2012-06-04 00:30:00,6.648300146741728,6.84774915114398
TX_1,2012-06-04 01:00:00,5.349100648158275,5.509573667603023
TX_1,2012-06-04 01:30:00,5.162464277424075,5.317338205746797
TX_1,2012-06-04 02:00:00,5.092609565795138,5.245387852768992
TX_1,2012-06-04 02:30:00,6.09497947961692,6.277828864005428
TX_1,2012-06-04 03:00:00,5.455771542542402,5.619444688818674
TX_1,2012-06-04 03:30:00,3.4235790620862083,3.5262864339487945
TX_1,2012-06-04 04:00:00,3.4564418370393075,3.5601350921504866
TX_1,2012-06-04 04:30:00,3.024892919163906,3.115639706738823
TX_1,2012-06-04 05:00:00,3.6363041323512437,3.745393256321781
TX_1,2012-06-04 05:30:00,3.723447258850615,3.8351506766161334
TX_1,2012-06-04 06:00:00,3.7447320013970344,3.8570739614389455
TX_1,2012-06-04 06:30:00,4.798290771316999,4.942239494456509
TX_1,2012-06-04 07:00:00,4.643198808669592,4.782494772929679
TX_1,2012-06-04 07:30:00,5.256333051718473,5.414023043270027
TX_1,2012-06-04 08:00:00,4.147727391224752,4.272159212961495
TX_1,2012-06-04 08:30:00,5.639245366411943,5.808422727404301
TX_1,2012-06-04 09:00:00,6.369550284876407,6.5606367934227
TX_1,2012-06-04 09:30:00,8.323951633450035,8.573670182453537
TX_1,2012-06-04 10:00:00,5.882487177022879,6.058961792333566
TX_1,2012-06-04 10:30:00,6.003675659712306,6.183785929503676
TX_1,2012-06-04 11:00:00,5.711526270904913,5.88287205903206
TX_1,2012-06-04 11:30:00,5.75168952539097,5.924240211152699
TX_1,2012-06-04 12:00:00,6.351773060253558,6.542326252061165
TX_1,2012-06-04 12:30:00,9.161781204286077,9.43663464041466
TX_1,2012-06-04 13:00:00,7.690817048654756,7.921541560114399
TX_1,2012-06-04 13:30:00,8.117733383375901,8.361265384877179
TX_1,2012-06-04 14:00:00,8.885237740024678,9.151794872225418
TX_1,2012-06-04 14:30:00,7.679324347761059,7.909704078193891
TX_1,2012-06-04 15:00:00,7.305713396298294,7.524884798187243
TX_1,2012-06-04 15:30:00,6.457257768324173,6.650975501373899
TX_1,2012-06-04 16:00:00,8.390896574709686,8.642623471950976
TX_1,2012-06-04 16:30:00,6.103614935194272,6.2867233832501
TX_1,2012-06-04 17:00:00,6.017260240020507,6.197778047221123
TX_1,2012-06-04 17:30:00,6.296866571761184,6.48577256891402
TX_1,2012-06-04 18:00:00,8.576884024242801,8.834190544970086
TX_1,2012-06-04 18:30:00,7.603563100652304,7.8316699936718726
TX_1,2012-06-04 19:00:00,6.387866964234647,6.579502973161686
TX_1,2012-06-04 19:30:00,6.550307331675438,6.7468165516257015
TX_1,2012-06-04 20:00:00,6.64697206974514,6.846381231837495
TX_1,2012-06-04 20:30:00,6.656144871668219,6.855829217818266
TX_1,2012-06-04 21:00:00,7.456070209242412,7.679752315519685
TX_1,2012-06-04 21:30:00,7.584248120771122,7.811775564394256
TX_1,2012-06-04 22:00:00,6.217531437569279,6.404057380696357
TX_1,2012-06-04 22:30:00,6.748915318222618,6.951382777769297
TX_1,2012-06-04 23:00:00,5.390253482974889,5.551961087464136
TX_1,2012-06-04 23:30:00,4.8404089251961215,4.985621192952006
TX_1,2012-06-05 00:00:00,4.322963578114998,4.452652485458448
TX_1,2012-06-05 00:30:00,4.115434656397028,4.238897696088939
TX_1,2012-06-05 01:00:00,3.941775233188785,4.060028490184449
TX_1,2012-06-05 01:30:00,3.708656343304519,3.8199160336036546
TX_1,2012-06-05 02:00:00,4.099653767741813,4.222643380774068
TX_1,2012-06-05 02:30:00,4.300422961393971,4.42943565023579
TX_1,2012-06-05 03:00:00,4.979785943945402,5.129179522263764
TX_1,2012-06-05 03:30:00,3.351812218132542,3.4523665846765184
TX_1,2012-06-05 04:00:00,3.829979289265041,3.9448786679429926
TX_1,2012-06-05 04:30:00,3.6649346878235747,3.774882728458282
TX_1,2012-06-05 05:00:00,4.409069403434498,4.541341485537533
TX_1,2012-06-05 05:30:00,3.9188283640208925,4.036393214941519
TX_1,2012-06-05 06:00:00,4.086875895918023,4.209482172795564
TX_1,2012-06-05 06:30:00,4.171538999090169,4.296685169062874
TX_1,2012-06-05 07:00:00,4.093972702521476,4.21679188359712
TX_1,2012-06-05 07:30:00,4.143036371631996,4.267327462780956
TX_1,2012-06-05 08:00:00,5.77012415871651,5.943227883478006
TX_1,2012-06-05 08:30:00,7.837633066213895,8.072762058200313
TX_1,2012-06-05 09:00:00,5.581304373616628,5.748743504825127
TX_1,2012-06-05 09:30:00,6.461262593905818,6.655100471722993
TX_1,2012-06-05 10:00:00,6.2687754113139675,6.456838673653387
TX_1,2012-06-05 10:30:00,7.109069102249128,7.322341175316602
TX_1,2012-06-05 11:00:00,5.479637808106232,5.644026942349419
TX_1,2012-06-05 11:30:00,5.586629448171689,5.75422833161684
TX_1,2012-06-05 12:00:00,6.189322358791138,6.375002029554873
TX_1,2012-06-05 12:30:00,6.872213365936357,7.078379766914448
TX_1,2012-06-05 13:00:00,6.741751850101115,6.944004405604148
TX_1,2012-06-05 13:30:00,9.19694286414502,9.47285115006937
TX_1,2012-06-05 14:00:00,6.40850282333972,6.600757908039912
TX_1,2012-06-05 14:30:00,4.8795093487924275,5.0258946292562
TX_1,2012-06-05 15:00:00,7.13229391547448,7.3462627329387145
TX_1,2012-06-05 15:30:00,6.032614611167029,6.213593049502039
TX_1,2012-06-05 16:00:00,7.0071235296497285,7.217337235539221
TX_1,2012-06-05 16:30:00,6.362284064563016,6.553152586499907
TX_1,2012-06-05 17:00:00,7.8395057630268115,8.074690935917616
TX_1,2012-06-05 17:30:00,6.583355941660161,6.780856619909965
TX_1,2012-06-05 18:00:00,6.4486395416449,6.642098727894247
TX_1,2012-06-05 18:30:00,9.269240591568076,9.54731780931512
TX_1,2012-06-05 19:00:00,8.523390659100656,8.779092378873676
TX_1,2012-06-05 19:30:00,6.668577383553154,6.8686347050597485
TX_1,2012-06-05 20:00:00,7.086703935775935,7.2993050538492135
TX_1,2012-06-05 20:30:00,8.533859088097941,8.789874860740879
TX_1,2012-06-05 21:00:00,7.358991672999494,7.579761423189479
TX_1,2012-06-05 21:30:00,9.153658291796186,9.428268040550071
TX_1,2012-06-05 22:00:00,7.754610362811915,7.987248673696273
TX_1,2012-06-05 22:30:00,7.196544890245826,7.4124412369532005
TX_1,2012-06-05 23:00:00,6.113483131577611,6.296887625524939
TX_1,2012-06-05 23:30:00,5.635084886336674,5.804137432926774
TX_1,2012-06-06 00:00:00,4.648042887074653,4.7874841736868925
TX_1,2012-06-06 00:30:00,4.078318956768206,4.200668525471253
TX_1,2012-06-06 01:00:00,4.3086253107238335,4.437884070045548
TX_1,2012-06-06 01:30:00,3.9414073461374177,4.05964956652154
TX_1,2012-06-06 02:00:00,4.1965143734582195,4.322409804661966
TX_1,2012-06-06 02:30:00,4.120910415257467,4.2445377277151914
TX_1,2012-06-06 03:00:00,4.639810090100966,4.779004392803994
TX_1,2012-06-06 03:30:00,3.0597209823246914,3.1515126117944323
TX_1,2012-06-06 04:00:00,3.307507630783321,3.4067328597068207
TX_1,2012-06-06 04:30:00,2.950906983008296,3.039434192498545
TX_1,2012-06-06 05:00:00,3.622291925751192,3.730960683523728
TX_1,2012-06-06 05:30:00,4.9688002855868305,5.117864294154436
TX_1,2012-06-06 06:00:00,3.9621564178663378,4.081021110402328
TX_1,2012-06-06 06:30:00,5.037455764025365,5.188579436946126
TX_1,2012-06-06 07:00:00,6.032139345908703,6.213103526285964
TX_1,2012-06-06 07:30:00,7.9779314010093705,8.217269343039652
TX_1,2012-06-06 08:00:00,5.121755525867788,5.275408191643821
TX_1,2012-06-06 08:30:00,6.573267912133802,6.770465949497816
TX_1,2012-06-06 09:00:00,5.405228635863899,5.567385494939816
TX_1,2012-06-06 09:30:00,6.679735174783466,6.88012723002697
TX_1,2012-06-06 10:00:00,8.207170568588564,8.453385685646222
TX_1,2012-06-06 10:30:00,8.829506422608588,9.094391615286847
TX_1,2012-06-06 11:00:00,5.540485747257262,5.7067003196749795
TX_1,2012-06-06 11:30:00,8.007029675520878,8.247240565786504
TX_1,2012-06-06 12:00:00,6.886653025366475,7.09325261612747
TX_1,2012-06-06 12:30:00,5.8797512455290235,6.056143782894894
TX_1,2012-06-06 13:00:00,5.632335453949932,5.80130551756843
TX_1,2012-06-06 13:30:00,7.335780993970713,7.555854423789834
TX_1,2012-06-06 14:00:00,6.025310773928535,6.206070097146391
TX_1,2012-06-06 14:30:00,3.771831680886647,3.8849866313132466
TX_1,2012-06-06 15:00:00,10.414963341159098,10.727412241393871
TX_1,2012-06-06 15:30:00,6.9587017432684135,7.1674627955664665
TX_1,2012-06-06 16:00:00,7.272496615286934,7.490671513745542
TX_1,2012-06-06 16:30:00,5.192471230082125,5.348245366984589
TX_1,2012-06-06 17:00:00,4.982239014166192,5.131706184591177
TX_1,2012-06-06 17:30:00,4.847273709226957,4.992691920503765
TX_1,2012-06-06 18:00:00,5.666610750594522,5.836609073112358
TX_1,2012-06-06 18:30:00,5.3175563736027565,5.47708306481084
TX_1,2012-06-06 19:00:00,5.118851969082575,5.272417528155053
TX_1,2012-06-06 19:30:00,7.130243940356302,7.344151258566992
TX_1,2012-06-06 20:00:00,6.572328857723869,6.769498723455586
TX_1,2012-06-06 20:30:00,8.1624255850213,8.407298352571939
TX_1,2012-06-06 21:00:00,7.022270888959102,7.232939015627875
TX_1,2012-06-06 21:30:00,9.000149279585166,9.270153757972722
TX_1,2012-06-06 22:00:00,6.997389991837611,7.207311691592739
TX_1,2012-06-06 22:30:00,6.772889484007853,6.976076168528088
TX_1,2012-06-06 23:00:00,6.48912690075835,6.683800707781101
TX_1,2012-06-06 23:30:00,5.143462525444463,5.297766401207797
TX_1,2012-06-07 00:00:00,5.026511334578908,5.1773066746162755
TX_1,2012-06-07 00:30:00,3.8576976698967407,3.973428599993643
TX_1,2012-06-07 01:00:00,3.9981847329561404,4.118130274944825
TX_1,2012-06-07 01:30:00,2.646803118732378,2.7262072122943493
TX_1,2012-06-07 02:00:00,3.750153187283959,3.862657782902478
TX_1,2012-06-07 02:30:00,3.738297680806133,3.8504466112303173
TX_1,2012-06-07 03:00:00,4.891187636338914,5.0379232654290815
TX_1,2012-06-07 03:30:00,2.8493353288035066,2.934815388667612
TX_1,2012-06-07 04:00:00,3.421725564463751,3.524377331397664
TX_1,2012-06-07 04:30:00,2.609497923499195,2.687782861204171
TX_1,2012-06-07 05:00:00,4.075002477828009,4.197252552162849
TX_1,2012-06-07 05:30:00,4.557320233703984,4.694039840715104
TX_1,2012-06-07 06:00:00,3.0372345622712906,3.1283515991394295
TX_1,2012-06-07 06:30:00,3.78653886031232,3.9001350261216894
TX_1,2012-06-07 07:00:00,5.100533092836129,5.253549085621214
TX_1,2012-06-07 07:30:00,7.437272839357231,7.660391024537948
TX_1,2012-06-07 08:00:00,5.60396806920232,5.77208711127839
TX_1,2012-06-07 08:30:00,5.189551850981159,5.345238406510594
TX_1,2012-06-07 09:00:00,5.246311940049315,5.403701298250795
TX_1,2012-06-07 09:30:00,5.816212741075705,5.9906991233079765
TX_1,2012-06-07 10:00:00,5.672343732715778,5.842514044697252
TX_1,2012-06-07 10:30:00,6.928581442721335,7.136438886002975
TX_1,2012-06-07 11:00:00,7.173216563368643,7.388413060269703
TX_1,2012-06-07 11:30:00,10.44435058197761,10.757681099436939
TX_1,2012-06-07 12:00:00,5.678357491451416,5.848708216194958
TX_1,2012-06-07 12:30:00,5.523794677501845,5.6895085178269005
TX_1,2012-06-07 13:00:00,6.6509246321424484,6.850452371106722
TX_1,2012-06-07 13:30:00,6.21905022228711,6.405621728955723
TX_1,2012-06-07 14:00:00,6.343361563469557,6.533662410373644
TX_1,2012-06-07 14:30:00,6.274798654915985,6.463042614563465
TX_1,2012-06-07 15:00:00,7.411206167094678,7.6335423521075185
TX_1,2012-06-07 15:30:00,9.829326485464781,10.124206280028725
TX_1,2012-06-07 16:00:00,7.636752459008062,7.865855032778304
TX_1,2012-06-07 16:30:00,6.677998596026994,6.8783385539078035
TX_1,2012-06-07 17:00:00,6.002082567747351,6.182145044779772
TX_1,2012-06-07 17:30:00,5.884862229122559,6.061408095996236
TX_1,2012-06-07 18:00:00,6.190338292658446,6.376048441438199
TX_1,2012-06-07 18:30:00,8.933289963993087,9.20128866291288
TX_1,2012-06-07 19:00:00,7.842337354713446,8.07760747535485
TX_1,2012-06-07 19:30:00,8.214414396919539,8.460846828827124
TX_1,2012-06-07 20:00:00,8.224667538165512,8.471407564310478
TX_1,2012-06-07 20:30:00,8.795492076858986,9.059356839164757
TX_1,2012-06-07 21:00:00,9.117333314386014,9.390853313817596
TX_1,2012-06-07 21:30:00,10.043558853221295,10.344865618817934
TX_1,2012-06-07 22:00:00,8.911498984819493,9.178843954364078
TX_1,2012-06-07 22:30:00,10.07394026310421,10.376158470997337
TX_1,2012-06-07 23:00:00,7.784163319910352,8.017688219507663
TX_1,2012-06-07 23:30:00,7.188729371292126,7.40439125243089
TX_1,2012-06-08 00:00:00,5.667110273112135,5.837123581305499
TX_1,2012-06-08 00:30:00,3.5310212597368036,3.636951897528908
TX_1,2012-06-08 01:00:00,4.435012140471596,4.568062504685743
TX_1,2012-06-08 01:30:00,4.089393463027886,4.212075266918722
TX_1,2012-06-08 02:00:00,3.8587304669093805,3.974492380916662
TX_1,2012-06-08 02:30:00,3.920165139377401,4.0377700935587235
TX_1,2012-06-08 03:00:00,3.626545174795007,3.7353415300388573
TX_1,2012-06-08 03:30:00,2.8773151584577703,2.9636346132115037
TX_1,2012-06-08 04:00:00,3.2419476188697933,3.339206047435887
TX_1,2012-06-08 04:30:00,3.061027666563943,3.152858496560861
TX_1,2012-06-08 05:00:00,3.378196615515654,3.479542513981124
TX_1,2012-06-08 05:30:00,4.518969850026858,4.654538945527664
TX_1,2012-06-08 06:00:00,3.2172251515823858,3.313741906129857
TX_1,2012-06-08 06:30:00,4.262574845705885,4.390452091077061
TX_1,2012-06-08 07:00:00,4.232655629442809,4.3596352983260935
TX_1,2012-06-08 07:30:00,7.657096549212333,7.886809445688703
TX_1,2012-06-08 08:00:00,5.173060562127895,5.328252378991732
TX_1,2012-06-08 08:30:00,7.8502742421308875,8.085782469394815
TX_1,2012-06-08 09:00:00,9.21285308524956,9.489238677807046
TX_1,2012-06-08 09:30:00,7.334672603961301,7.55471278208014
TX_1,2012-06-08 10:00:00,7.252151464676936,7.469716008617244
TX_1,2012-06-08 10:30:00,8.474854313547022,8.729099942953432
TX_1,2012-06-08 11:00:00,8.212326321417542,8.45869611106007
TX_1,2012-06-08 11:30:00,6.975481009788204,7.1847454400818505
TX_1,2012-06-08 12:00:00,6.183112925151799,6.368606312906353
TX_1,2012-06-08 12:30:00,10.113037676359662,10.416428806650453
TX_1,2012-06-08 13:00:00,7.992048835765669,8.231810300838639
TX_1,2012-06-08 13:30:00,8.995196300080968,9.265052189083397
TX_1,2012-06-08 14:00:00,8.378001007860007,8.629341038095808
TX_1,2012-06-08 14:30:00,6.520005292083543,6.71560545084605
TX_1,2012-06-08 15:00:00,6.500296556707056,6.695305453408268
TX_1,2012-06-08 15:30:00,5.750282054425851,5.922790516058627
TX_1,2012-06-08 16:00:00,8.625322734834684,8.884082416879725
TX_1,2012-06-08 16:30:00,7.464393956252826,7.68832577494041
TX_1,2012-06-08 17:00:00,8.118704323425748,8.36226545312852
TX_1,2012-06-08 17:30:00,8.083305210884502,8.325804367211036
TX_1,2012-06-08 18:00:00,7.140692442032237,7.354913215293204
TX_1,2012-06-08 18:30:00,8.527285872249639,8.783104448417129
TX_1,2012-06-08 19:00:00,8.244531068749101,8.491867000811574
TX_1,2012-06-08 19:30:00,8.630973695843162,8.889902906718456
TX_1,2012-06-08 20:00:00,7.502119017522811,7.727182588048496
TX_1,2012-06-08 20:30:00,6.930900702354459,7.138827723425093
TX_1,2012-06-08 21:00:00,6.401994653362353,6.594054492963224
TX_1,2012-06-08 21:30:00,7.903263631139976,8.140361540074176
TX_1,2012-06-08 22:00:00,6.167751278175604,6.352783816520873
TX_1,2012-06-08 22:30:00,6.172995403291369,6.3581852653901105
TX_1,2012-06-08 23:00:00,4.125751388349083,4.2495239299995555
TX_1,2012-06-08 23:30:00,3.8386651297708396,3.953825083663965
TX_1,2012-06-09 00:00:00,3.615738308095601,3.724210457338469
TX_1,2012-06-09 00:30:00,3.8932505062082408,4.010048021394488
TX_1,2012-06-09 01:00:00,3.2548201998758626,3.3524648058721387
TX_1,2012-06-09 01:30:00,3.799477026245402,3.913461337032764
TX_1,2012-06-09 02:00:00,3.642436854029113,3.7517099596499865
TX_1,2012-06-09 02:30:00,3.972268762089988,4.091436824952688
TX_1,2012-06-09 03:00:00,4.518714676134313,4.654276116418343
TX_1,2012-06-09 03:30:00,2.9564235728145696,3.045116279999007
TX_1,2012-06-09 04:00:00,3.561094198530415,3.6679270244863273
TX_1,2012-06-09 04:30:00,2.8814457388883183,2.967889111054968
TX_1,2012-06-09 05:00:00,3.865492757152374,3.981457539866945
TX_1,2012-06-09 05:30:00,3.6448924355321326,3.7542392085980967
TX_1,2012-06-09 06:00:00,4.20219074654816,4.328256468944605
TX_1,2012-06-09 06:30:00,4.674345542875717,4.814575909161988
TX_1,2012-06-09 07:00:00,5.147101617493497,5.301514666018303
TX_1,2012-06-09 07:30:00,5.102578064855793,5.255655406801467
TX_1,2012-06-09 08:00:00,6.414956995143247,6.607405704997545
TX_1,2012-06-09 08:30:00,4.851718719728693,4.997270281320554
TX_1,2012-06-09 09:00:00,5.746716830550556,5.919118335467072
TX_1,2012-06-09 09:30:00,4.986822510141509,5.136427185445754
TX_1,2012-06-09 10:00:00,5.965659077955067,6.144628850293719
TX_1,2012-06-09 10:30:00,5.341857405673138,5.502113127843332
TX_1,2012-06-09 11:00:00,6.236742200430706,6.423844466443628
TX_1,2012-06-09 11:30:00,5.125666636084368,5.279436635166899
TX_1,2012-06-09 12:00:00,4.525313211454866,4.661072607798512
TX_1,2012-06-09 12:30:00,5.34740920965652,5.507831485946215
TX_1,2012-06-09 13:00:00,5.279716487529792,5.438107982155686
TX_1,2012-06-09 13:30:00,7.99445701496285,8.234290725411736
TX_1,2012-06-09 14:00:00,7.847244058227947,8.082661379974786
TX_1,2012-06-09 14:30:00,5.674948619817078,5.845197078411591
TX_1,2012-06-09 15:00:00,4.930500472084219,5.078415486246746
TX_1,2012-06-09 15:30:00,7.526313163289544,7.752102558188231
TX_1,2012-06-09 16:00:00,6.224211011776387,6.410937342129679
TX_1,2012-06-09 16:30:00,5.5870037008492055,5.754613811874682
TX_1,2012-06-09 17:00:00,5.888950339293329,6.065618849472129
TX_1,2012-06-09 17:30:00,6.491347746591365,6.686088178989106
TX_1,2012-06-09 18:00:00,5.313496276689497,5.472901164990182
TX_1,2012-06-09 18:30:00,7.410175027792829,7.632480278626614
TX_1,2012-06-09 19:00:00,5.653241542117573,5.8228387883811
TX_1,2012-06-09 19:30:00,5.191204859871867,5.3469410056680235
TX_1,2012-06-09 20:00:00,6.207489216168875,6.393713892653941
TX_1,2012-06-09 20:30:00,5.375113605218451,5.5363670133750045
TX_1,2012-06-09 21:00:00,5.9906561206127735,6.170375804231157
TX_1,2012-06-09 21:30:00,5.508812504398351,5.674076879530302
TX_1,2012-06-09 22:00:00,6.70842793024985,6.9096807681573456
TX_1,2012-06-09 22:30:00,6.859581279740117,7.06536871813232
TX_1,2012-06-09 23:00:00,5.120968040536734,5.2745970817528365
TX_1,2012-06-09 23:30:00,5.132853379992301,5.28683898139207
TX_1,2012-06-10 00:00:00,3.993772027527421,4.113585188353244
TX_1,2012-06-10 00:30:00,4.3409114533253055,4.471138796925064
TX_1,2012-06-10 01:00:00,3.4146444503313083,3.5170837838412474
TX_1,2012-06-10 01:30:00,3.7979969475847835,3.911936856012327
TX_1,2012-06-10 02:00:00,3.1136385308252974,3.2070476867500566
TX_1,2012-06-10 02:30:00,4.6737269761693145,4.813938785454394
TX_1,2012-06-10 03:00:00,3.2991130081269855,3.398086398370795
TX_1,2012-06-10 03:30:00,3.2017142352838674,3.2977656623423837
TX_1,2012-06-10 04:00:00,3.373683442085985,3.4748939453485646
TX_1,2012-06-10 04:30:00,2.8960401598911636,2.9829213646878987
TX_1,2012-06-10 05:00:00,4.137136930401439,4.261251038313483
TX_1,2012-06-10 05:30:00,3.014995652409448,3.1054455219817316
TX_1,2012-06-10 06:00:00,4.1655774583374345,4.290544782087558
TX_1,2012-06-10 06:30:00,4.752606211692646,4.895184398043425
TX_1,2012-06-10 07:00:00,4.3756887766477055,4.506959439947137
TX_1,2012-06-10 07:30:00,4.596566376081364,4.734463367363806
TX_1,2012-06-10 08:00:00,6.105956534534448,6.289135230570482
TX_1,2012-06-10 08:30:00,5.997970638319575,6.177909757469163
TX_1,2012-06-10 09:00:00,6.531830717777053,6.7277856393103646
TX_1,2012-06-10 09:30:00,7.521628299867321,7.747277148863341
TX_1,2012-06-10 10:00:00,7.174752930731581,7.389995518653529
TX_1,2012-06-10 10:30:00,7.470861719928376,7.6949875715262275
TX_1,2012-06-10 11:00:00,5.407746770808214,5.5699791739324604
TX_1,2012-06-10 11:30:00,6.556851409789491,6.753556952083176
TX_1,2012-06-10 12:00:00,5.917289034848479,6.094807705893934
TX_1,2012-06-10 12:30:00,6.685491530623329,6.886056276542029
TX_1,2012-06-10 13:00:00,6.44949032286775,6.642975032553783
TX_1,2012-06-10 13:30:00,11.175081877867163,11.510334334203177
TX_1,2012-06-10 14:00:00,7.008655273764497,7.218914931977433
TX_1,2012-06-10 14:30:00,5.748471545942622,5.920925692320901
TX_1,2012-06-10 15:00:00,6.428008977203692,6.620849246519803
TX_1,2012-06-10 15:30:00,8.047718281140352,8.289149829574562
TX_1,2012-06-10 16:00:00,5.754551280231028,5.927187818637959
TX_1,2012-06-10 16:30:00,6.4765696696811785,6.670866759771614
TX_1,2012-06-10 17:00:00,6.323722452810666,6.513434126394986
TX_1,2012-06-10 17:30:00,6.085623162822347,6.268191857707017
TX_1,2012-06-10 18:00:00,6.14769683377755,6.332127738790876
TX_1,2012-06-10 18:30:00,7.2357750170217905,7.452848267532445
TX_1,2012-06-10 19:00:00,8.422608434190451,8.675286687216165
TX_1,2012-06-10 19:30:00,6.903883724921464,7.111000236669108
TX_1,2012-06-10 20:00:00,7.902866555964144,8.139952552643068
TX_1,2012-06-10 20:30:00,6.281102041796443,6.469535103050337
TX_1,2012-06-10 21:00:00,6.905495017550636,7.112659868077155
TX_1,2012-06-10 21:30:00,7.351108814598962,7.5716420790369305
TX_1,2012-06-10 22:00:00,6.610154265247735,6.8084588932051675
TX_1,2012-06-10 22:30:00,7.279780313219329,7.49817372261591
TX_1,2012-06-10 23:00:00,5.528545055663783,5.694401407333697
TX_1,2012-06-10 23:30:00,5.639750937267402,5.808943465385424
TX_1,2012-06-11 00:00:00,4.1197092352754,4.243300512333662
TX_1,2012-06-11 00:30:00,4.589630284292468,4.727319192821242
TX_1,2012-06-11 01:00:00,3.665140906570415,3.775095133767527
TX_1,2012-06-11 01:30:00,4.183997622523068,4.309517551198761
TX_1,2012-06-11 02:00:00,4.102698845480114,4.225779810844517
TX_1,2012-06-11 02:30:00,4.561146368423592,4.6979807594763
TX_1,2012-06-11 03:00:00,5.286732822660594,5.445334807340411
TX_1,2012-06-11 03:30:00,3.449441148140989,3.5529243825852186
TX_1,2012-06-11 04:00:00,4.373135607296908,4.504329675515816
TX_1,2012-06-11 04:30:00,3.8379951455064054,3.953134999871598
TX_1,2012-06-11 05:00:00,4.2361907441833795,4.363276466508881
TX_1,2012-06-11 05:30:00,4.602078915251081,4.740141282708613
TX_1,2012-06-11 06:00:00,5.970499762330106,6.149614755200009
TX_1,2012-06-11 06:30:00,6.034392589193704,6.215424366869516
TX_1,2012-06-11 07:00:00,5.024418037990306,5.175150579130015
TX_1,2012-06-11 07:30:00,10.182227289137225,10.487694107811343
TX_1,2012-06-11 08:00:00,8.000420486370608,8.240433100961726
TX_1,2012-06-11 08:30:00,9.155275765341539,9.429934038301786
TX_1,2012-06-11 09:00:00,10.646296668207405,10.965685568253628
TX_1,2012-06-11 09:30:00,8.412617129621237,8.664995643509874
TX_1,2012-06-11 10:00:00,10.888667415805159,11.215327438279314
TX_1,2012-06-11 10:30:00,10.534344582503595,10.850374919978703
TX_1,2012-06-11 11:00:00,13.170689981726667,13.565810681178467
TX_1,2012-06-11 11:30:00,9.766892079132306,10.059898841506277
TX_1,2012-06-11 12:00:00,12.8991656772365,13.286140647553594
TX_1,2012-06-11 12:30:00,10.764710326840545,11.087651636645761
TX_1,2012-06-11 13:00:00,12.099609306147928,12.462597585332366
TX_1,2012-06-11 13:30:00,10.414495277266878,10.726930135584885
TX_1,2012-06-11 14:00:00,7.390373013407741,7.612084203809974
TX_1,2012-06-11 14:30:00,8.181938299276318,8.427396448254608
TX_1,2012-06-11 15:00:00,10.104224701027233,10.40735144205805
TX_1,2012-06-11 15:30:00,9.13566962307193,9.409739711764088
TX_1,2012-06-11 16:00:00,7.810601490240821,8.044919534948047
TX_1,2012-06-11 16:30:00,9.63747564443302,9.92659991376601
TX_1,2012-06-11 17:00:00,7.956549714347887,8.195246205778325
TX_1,2012-06-11 17:30:00,7.720622495919965,7.952241170797564
TX_1,2012-06-11 18:00:00,8.678129604710344,8.938473492851655
TX_1,2012-06-11 18:30:00,8.249569208820628,8.497056285085247
TX_1,2012-06-11 19:00:00,8.78422721719931,9.04775403371529
TX_1,2012-06-11 19:30:00,10.594773768801073,10.912616981865105
TX_1,2012-06-11 20:00:00,10.084842213069837,10.387387479461934
TX_1,2012-06-11 20:30:00,8.851443811599623,9.116987125947611
TX_1,2012-06-11 21:00:00,10.346500387567406,10.656895399194429
TX_1,2012-06-11 21:30:00,8.007495587686005,8.247720455316585
TX_1,2012-06-11 22:00:00,8.37354195807325,8.624748216815448
TX_1,2012-06-11 22:30:00,6.1953750396433005,6.381236290832599
TX_1,2012-06-11 23:00:00,6.502978343131968,6.698067693425927
TX_1,2012-06-11 23:30:00,4.402734375535448,4.534816406801512
TX_1,2012-06-12 00:00:00,4.394062914016326,4.525884801436815
TX_1,2012-06-12 00:30:00,4.428463691791073,4.561317602544805
TX_1,2012-06-12 01:00:00,3.513148916266222,3.618543383754209
TX_1,2012-06-12 01:30:00,3.8660011121081306,3.9819811454713747
TX_1,2012-06-12 02:00:00,3.0757336315736516,3.168005640520861
TX_1,2012-06-12 02:30:00,4.998124007756686,5.148067727989386
TX_1,2012-06-12 03:00:00,4.15918998545554,4.283965685019206
TX_1,2012-06-12 03:30:00,3.5750964750742047,3.682349369326431
TX_1,2012-06-12 04:00:00,3.708035779672988,3.8192768530631778
TX_1,2012-06-12 04:30:00,3.5329406069256217,3.6389288251333904
TX_1,2012-06-12 05:00:00,4.249302297197908,4.376781366113845
TX_1,2012-06-12 05:30:00,4.781028323103461,4.924459172796565
TX_1,2012-06-12 06:00:00,7.315466975259074,7.534930984516847
TX_1,2012-06-12 06:30:00,5.533383905910558,5.699385423087874
TX_1,2012-06-12 07:00:00,8.188769577673842,8.434432665004058
TX_1,2012-06-12 07:30:00,8.231015298025198,8.477945756965955
TX_1,2012-06-12 08:00:00,7.862444121208583,8.09831744484484
TX_1,2012-06-12 08:30:00,8.426792154901369,8.67959591954841
TX_1,2012-06-12 09:00:00,7.272360176287176,7.490530981575791
TX_1,2012-06-12 09:30:00,7.822784687392294,8.057468228014063
TX_1,2012-06-12 10:00:00,10.893410194139168,11.220212499963344
TX_1,2012-06-12 10:30:00,9.870212151925191,10.166318516482947
TX_1,2012-06-12 11:00:00,7.410915024911841,7.633242475659197
TX_1,2012-06-12 11:30:00,7.93044354147852,8.168356847722876
TX_1,2012-06-12 12:00:00,9.074933265485178,9.347181263449734
TX_1,2012-06-12 12:30:00,8.792135003673895,9.055899053784112
TX_1,2012-06-12 13:00:00,6.760842250782661,6.96366751830614
TX_1,2012-06-12 13:30:00,8.48515038706912,8.739704898681195
TX_1,2012-06-12 14:00:00,7.140463685815704,7.354677596390175
TX_1,2012-06-12 14:30:00,6.321219272719076,6.510855850900648
TX_1,2012-06-12 15:00:00,7.399808224516424,7.621802471251917
TX_1,2012-06-12 15:30:00,9.993487894711873,10.293292531553229
TX_1,2012-06-12 16:00:00,10.983017787626304,11.312508321255093
TX_1,2012-06-12 16:30:00,8.196146434243841,8.442030827271157
TX_1,2012-06-12 17:00:00,7.63151076591121,7.860456088888546
TX_1,2012-06-12 17:30:00,7.315971317803743,7.535450457337856
TX_1,2012-06-12 18:00:00,6.839022330145501,7.044193000049867
TX_1,2012-06-12 18:30:00,8.40384460936223,8.655959947643096
TX_1,2012-06-12 19:00:00,9.766653888971302,10.05965350564044
TX_1,2012-06-12 19:30:00,7.693794360312511,7.924608191121886
TX_1,2012-06-12 20:00:00,9.531475320658888,9.817419580278655
TX_1,2012-06-12 20:30:00,18.849674443400378,19.41516467670239
TX_1,2012-06-12 21:00:00,10.696662585881278,11.017562463457717
TX_1,2012-06-12 21:30:00,7.746098728021928,7.978481689862586
TX_1,2012-06-12 22:00:00,8.134692449989652,8.378733223489341
TX_1,2012-06-12 22:30:00,7.801766651942614,8.035819651500892
TX_1,2012-06-12 23:00:00,5.691502839544587,5.862247924730925
TX_1,2012-06-12 23:30:00,4.1031993159717,4.226295295450852
TX_1,2012-06-13 00:00:00,4.304052427002266,4.433173999812334
TX_1,2012-06-13 00:30:00,3.5269099822375125,3.632717281704638
TX_1,2012-06-13 01:00:00,3.7787000122295784,3.8920610125964656
TX_1,2012-06-13 01:30:00,3.1397197584894965,3.2339113512441813
TX_1,2012-06-13 02:00:00,3.749688348629199,3.8621789990880755
TX_1,2012-06-13 02:30:00,4.200064455736698,4.326066389408799
TX_1,2012-06-13 03:00:00,4.66768029091636,4.8077106996438514
TX_1,2012-06-13 03:30:00,3.2064421488690686,3.3026354133351408
TX_1,2012-06-13 04:00:00,3.622478787301084,3.731153150920117
TX_1,2012-06-13 04:30:00,3.623939854616174,3.7326580502546594
TX_1,2012-06-13 05:00:00,3.6050372003808535,3.713188316392279
TX_1,2012-06-13 05:30:00,3.907013334902991,4.024223734950081
TX_1,2012-06-13 06:00:00,3.6904501359793436,3.801163640058724
TX_1,2012-06-13 06:30:00,4.670983337559778,4.811112837686571
TX_1,2012-06-13 07:00:00,5.473087940171126,5.63728057837626
TX_1,2012-06-13 07:30:00,5.38563516064694,5.547204215466349
TX_1,2012-06-13 08:00:00,4.584760391369664,4.722303203110754
TX_1,2012-06-13 08:30:00,5.097074836286621,5.24998708137522
TX_1,2012-06-13 09:00:00,7.047743065061217,7.259175357013054
TX_1,2012-06-13 09:30:00,5.369355939430781,5.530436617613704
TX_1,2012-06-13 10:00:00,4.455379189293621,4.58904056497243
TX_1,2012-06-13 10:30:00,4.734237561887452,4.876264688744076
TX_1,2012-06-13 11:00:00,4.85376187566068,4.999374731930501
TX_1,2012-06-13 11:30:00,4.352093531504965,4.4826563374501145
TX_1,2012-06-13 12:00:00,5.080810933931737,5.233235261949689
TX_1,2012-06-13 12:30:00,4.374824379144051,4.506069110518372
TX_1,2012-06-13 13:00:00,4.295021243353742,4.423871880654354
TX_1,2012-06-13 13:30:00,5.1006813228113534,5.2537017624956945
TX_1,2012-06-13 14:00:00,5.750345416368648,5.922855778859708
TX_1,2012-06-13 14:30:00,3.5374514310139284,3.6435749739443466
TX_1,2012-06-13 15:00:00,4.863901428081174,5.0098184709236095
TX_1,2012-06-13 15:30:00,6.725895802871452,6.927672676957596
TX_1,2012-06-13 16:00:00,6.844803700469544,7.0501478114836305
TX_1,2012-06-13 16:30:00,4.523123715060543,4.65881742651236
TX_1,2012-06-13 17:00:00,4.998016963061103,5.147957471952936
TX_1,2012-06-13 17:30:00,5.498766034516995,5.663729015552505
TX_1,2012-06-13 18:00:00,4.8599531961444615,5.0057517920287955
TX_1,2012-06-13 18:30:00,5.864176287368585,6.0401015759896435
TX_1,2012-06-13 19:00:00,5.1968307452188425,5.352735667575408
TX_1,2012-06-13 19:30:00,5.014407675927187,5.164839906205003
TX_1,2012-06-13 20:00:00,4.655165087076292,4.794820039688581
TX_1,2012-06-13 20:30:00,4.670919996778189,4.811047596681536
TX_1,2012-06-13 21:00:00,5.351015895241361,5.511546372098603
TX_1,2012-06-13 21:30:00,4.645656384903607,4.785026076450716
TX_1,2012-06-13 22:00:00,5.504016351696275,5.6691368422471635
TX_1,2012-06-13 22:30:00,4.313405088564387,4.442807241221319
TX_1,2012-06-13 23:00:00,4.327217914089952,4.4570344515126505
TX_1,2012-06-13 23:30:00,3.6894506223431773,3.800134141013473
TX_1,2012-06-14 00:00:00,3.576120768990786,3.6834043920605097
TX_1,2012-06-14 00:30:00,2.654920627633194,2.73456824646219
TX_1,2012-06-14 01:00:00,2.9175361938781985,3.0050622796945445
TX_1,2012-06-14 01:30:00,2.6046401772825685,2.6827793826010455
TX_1,2012-06-14 02:00:00,2.633672382965404,2.7126825544543665
TX_1,2012-06-14 02:30:00,3.7369249103250706,3.849032657634823
TX_1,2012-06-14 03:00:00,3.500264959414982,3.6052729081974317
TX_1,2012-06-14 03:30:00,2.8063908429627222,2.8905825682516038
TX_1,2012-06-14 04:00:00,2.643929877371797,2.723247773692951
TX_1,2012-06-14 04:30:00,2.5124889346785304,2.5878636027188864
TX_1,2012-06-14 05:00:00,2.949457534560338,3.0379412605971483
TX_1,2012-06-14 05:30:00,3.1046998690702794,3.1978408651423877
TX_1,2012-06-14 06:00:00,4.426687424478901,4.559488047213268
TX_1,2012-06-14 06:30:00,3.890519861730138,4.007235457582042
TX_1,2012-06-14 07:00:00,4.8767786614669895,5.023082021311
TX_1,2012-06-14 07:30:00,6.587927655389654,6.785565485051344
TX_1,2012-06-14 08:00:00,5.6910923650661704,5.8618251360181555
TX_1,2012-06-14 08:30:00,4.106362689855514,4.22955357055118
TX_1,2012-06-14 09:00:00,4.507028763021646,4.642239625912295
TX_1,2012-06-14 09:30:00,3.3211841005041913,3.4208196235193173
TX_1,2012-06-14 10:00:00,3.510964780711297,3.616293724132636
TX_1,2012-06-14 10:30:00,4.389198117981814,4.520874061521268
TX_1,2012-06-14 11:00:00,6.457079163686593,6.650791538597192
TX_1,2012-06-14 11:30:00,5.062888240575824,5.214774887793099
TX_1,2012-06-14 12:00:00,4.209604974154195,4.335893123378821
TX_1,2012-06-14 12:30:00,6.111936286041429,6.295294374622672
TX_1,2012-06-14 13:00:00,5.966519918569308,6.145515516126387
TX_1,2012-06-14 13:30:00,9.450172042660103,9.733677203939907
TX_1,2012-06-14 14:00:00,7.815482342683763,8.049946812964276
TX_1,2012-06-14 14:30:00,4.46442058990934,4.59835320760662
TX_1,2012-06-14 15:00:00,6.020908203480747,6.20153544958517
TX_1,2012-06-14 15:30:00,7.135616505726319,7.349685000898109
TX_1,2012-06-14 16:00:00,6.072400467282421,6.254572481300894
TX_1,2012-06-14 16:30:00,4.722148321806035,4.863812771460216
TX_1,2012-06-14 17:00:00,5.322757322939745,5.482440042627938
TX_1,2012-06-14 17:30:00,6.595134787022887,6.792988830633574
TX_1,2012-06-14 18:00:00,7.379018338009968,7.600388888150267
TX_1,2012-06-14 18:30:00,7.852132152384297,8.087696116955826
TX_1,2012-06-14 19:00:00,7.906627878058966,8.143826714400735
TX_1,2012-06-14 19:30:00,8.497956903649383,8.752895610758864
TX_1,2012-06-14 20:00:00,6.642225538335695,6.841492304485766
TX_1,2012-06-14 20:30:00,7.12869791660283,7.342558854100915
TX_1,2012-06-14 21:00:00,7.236146005500725,7.453230385665747
TX_1,2012-06-14 21:30:00,6.948432224476684,7.156885191210985
TX_1,2012-06-14 22:00:00,4.892807847274899,5.0395920826931455
TX_1,2012-06-14 22:30:00,4.302432938576226,4.431505926733513
TX_1,2012-06-14 23:00:00,3.4825079257276363,3.5869831634994656
TX_1,2012-06-14 23:30:00,2.8748979675777493,2.9611449066050817
TX_1,2012-06-15 00:00:00,3.095218603369538,3.188075161470624
TX_1,2012-06-15 00:30:00,3.0651526321985054,3.1571072111644605
TX_1,2012-06-15 01:00:00,2.793436275227404,2.877239363484226
TX_1,2012-06-15 01:30:00,2.9773979697982638,3.0667199088922117
TX_1,2012-06-15 02:00:00,2.69880432130028,2.779768450939289
TX_1,2012-06-15 02:30:00,4.173280017247321,4.29847841776474
TX_1,2012-06-15 03:00:00,3.5512764138488007,3.657814706264265
TX_1,2012-06-15 03:30:00,3.328423227635117,3.4282759244641703
TX_1,2012-06-15 04:00:00,2.3698021566762213,2.440896221376508
TX_1,2012-06-15 04:30:00,3.3393653601871516,3.439546320992766
TX_1,2012-06-15 05:00:00,3.145388274547035,3.239749922783446
TX_1,2012-06-15 05:30:00,4.229609384689063,4.3564976662297346
TX_1,2012-06-15 06:00:00,4.230943573025159,4.357871880215914
TX_1,2012-06-15 06:30:00,5.441034243794746,5.604265271108589
TX_1,2012-06-15 07:00:00,4.663418444068653,4.8033209973907125
TX_1,2012-06-15 07:30:00,5.338011778262206,5.498152131610072
TX_1,2012-06-15 08:00:00,9.945822202618968,10.244196868697538
TX_1,2012-06-15 08:30:00,5.986337403995321,6.165927526115182
TX_1,2012-06-15 09:00:00,6.211807203586538,6.3981614196941345
TX_1,2012-06-15 09:30:00,5.378183188056484,5.539528683698179
TX_1,2012-06-15 10:00:00,6.909646852856639,7.116936258442339
TX_1,2012-06-15 10:30:00,8.918421786012473,9.185974439592847
TX_1,2012-06-15 11:00:00,7.138431236980969,7.352584174090398
TX_1,2012-06-15 11:30:00,8.964381546618174,9.23331299301672
TX_1,2012-06-15 12:00:00,10.689562373548547,11.010249244755004
TX_1,2012-06-15 12:30:00,10.28977484498587,10.598468090335446
TX_1,2012-06-15 13:00:00,11.965319399737785,12.324278981729918
TX_1,2012-06-15 13:30:00,10.279588309013741,10.587975958284154
TX_1,2012-06-15 14:00:00,8.621826659634195,8.88048145942322
TX_1,2012-06-15 14:30:00,7.195422356837516,7.411285027542641
TX_1,2012-06-15 15:00:00,7.4525553364254655,7.6761319965182295
TX_1,2012-06-15 15:30:00,7.236597947392451,7.453695885814225
TX_1,2012-06-15 16:00:00,7.507002403589248,7.732212475696926
TX_1,2012-06-15 16:30:00,6.58572958136546,6.783301468806425
TX_1,2012-06-15 17:00:00,6.595803018391776,6.7936771089435295
TX_1,2012-06-15 17:30:00,5.6679772558618255,5.83801657353768
TX_1,2012-06-15 18:00:00,7.352490436744007,7.573065149846327
TX_1,2012-06-15 18:30:00,6.974892234393902,7.184139001425719
TX_1,2012-06-15 19:00:00,6.03541560114171,6.216478069175961
TX_1,2012-06-15 19:30:00,6.381804660581585,6.573258800399032
TX_1,2012-06-15 20:00:00,6.3303169849228285,6.5202264944705135
TX_1,2012-06-15 20:30:00,4.76487558747117,4.907821855095306
TX_1,2012-06-15 21:00:00,4.383157374983097,4.51465209623259
TX_1,2012-06-15 21:30:00,5.435671456883349,5.598741600589849
TX_1,2012-06-15 22:00:00,5.52850347872098,5.694358583082609
TX_1,2012-06-15 22:30:00,4.899037725486695,5.046008857251295
TX_1,2012-06-15 23:00:00,3.812433225179114,3.9268062219344877
TX_1,2012-06-15 23:30:00,4.063490304725881,4.185395013867657
TX_1,2012-06-16 00:00:00,4.080669084637102,4.2030891571762155
TX_1,2012-06-16 00:30:00,2.708582352106443,2.789839822669636
TX_1,2012-06-16 01:00:00,3.331199874682224,3.4311358709226907
TX_1,2012-06-16 01:30:00,2.466430174580803,2.5404230798182272
TX_1,2012-06-16 02:00:00,3.003412693672306,3.093515074482475
TX_1,2012-06-16 02:30:00,3.4218063419005125,3.5244605321575277
TX_1,2012-06-16 03:00:00,3.3842833635036382,3.4858118644087477
TX_1,2012-06-16 03:30:00,2.331917061869672,2.401874573725762
TX_1,2012-06-16 04:00:00,2.5811226814778507,2.6585563619221864
TX_1,2012-06-16 04:30:00,2.772199442551076,2.855365425827608
TX_1,2012-06-16 05:00:00,3.1815797259906393,3.2770271177703587
TX_1,2012-06-16 05:30:00,3.302672003171743,3.4017521632668957
TX_1,2012-06-16 06:00:00,3.1725207208990565,3.2676963425260284
TX_1,2012-06-16 06:30:00,4.88605580523895,5.032637479396119
TX_1,2012-06-16 07:00:00,4.317504302174557,4.447029431239794
TX_1,2012-06-16 07:30:00,5.064845467351488,5.216790831372033
TX_1,2012-06-16 08:00:00,3.952432030441445,4.071004991354688
TX_1,2012-06-16 08:30:00,8.164561299406902,8.40949813838911
TX_1,2012-06-16 09:00:00,3.717500749342221,3.829025771822488
TX_1,2012-06-16 09:30:00,3.7831882248841993,3.8966838716307253
TX_1,2012-06-16 10:00:00,5.998644307408828,6.178603636631093
TX_1,2012-06-16 10:30:00,3.671394151847125,3.7815359764025387
TX_1,2012-06-16 11:00:00,4.166640464729423,4.291639678671306
TX_1,2012-06-16 11:30:00,3.432189560913748,3.5351552477411605
TX_1,2012-06-16 12:00:00,4.027209403722539,4.148025685834216
TX_1,2012-06-16 12:30:00,3.9195247051188105,4.037110446272375
TX_1,2012-06-16 13:00:00,4.625896522986081,4.764673418675664
TX_1,2012-06-16 13:30:00,5.236745534049956,5.393847900071455
TX_1,2012-06-16 14:00:00,5.241609526163413,5.398857811948315
TX_1,2012-06-16 14:30:00,4.749956260375534,4.8924549481868
TX_1,2012-06-16 15:00:00,3.621843282885935,3.730498581372513
TX_1,2012-06-16 15:30:00,7.406134449516916,7.628318483002424
TX_1,2012-06-16 16:00:00,5.352997111352599,5.5135870246931775
TX_1,2012-06-16 16:30:00,3.954153918012839,4.072778535553224
TX_1,2012-06-16 17:00:00,4.595528792416967,4.733394656189477
TX_1,2012-06-16 17:30:00,4.021734462668157,4.142386496548202
TX_1,2012-06-16 18:00:00,4.129536457980116,4.253422551719519
TX_1,2012-06-16 18:30:00,4.311357930480667,4.440698668395087
TX_1,2012-06-16 19:00:00,4.790491278965604,4.934206017334572
TX_1,2012-06-16 19:30:00,3.336782816444828,3.436886300938173
TX_1,2012-06-16 20:00:00,5.193728846362655,5.3495407117535345
TX_1,2012-06-16 20:30:00,4.507628484753933,4.642857339296551
TX_1,2012-06-16 21:00:00,5.1623396255224785,5.317209814288153
TX_1,2012-06-16 21:30:00,4.146763800176336,4.271166714181626
TX_1,2012-06-16 22:00:00,3.4051953388580984,3.5073511990238413
TX_1,2012-06-16 22:30:00,3.2606530765755957,3.3584726688728637
TX_1,2012-06-16 23:00:00,2.9761084368704895,3.0653916899766043
TX_1,2012-06-16 23:30:00,3.4878965099228303,3.5925334052205153
TX_1,2012-06-17 00:00:00,2.837314506071265,2.922433941253403
TX_1,2012-06-17 00:30:00,4.488206458953299,4.622852652721899
TX_1,2012-06-17 01:00:00,3.3579380259391525,3.458676166717327
TX_1,2012-06-17 01:30:00,3.7934959006630673,3.9073007776829596
TX_1,2012-06-17 02:00:00,3.5852129472872765,3.692769335705895
TX_1,2012-06-17 02:30:00,4.783931453485473,4.9274493970900375
TX_1,2012-06-17 03:00:00,4.943737550067262,5.09204967656928
TX_1,2012-06-17 03:30:00,3.703578074065298,3.814685416287257
TX_1,2012-06-17 04:00:00,4.1405340518963545,4.2647500734532455
TX_1,2012-06-17 04:30:00,3.3854058048217923,3.486967978966446
TX_1,2012-06-17 05:00:00,4.145824231920689,4.27019895887831
TX_1,2012-06-17 05:30:00,3.8700802958850273,3.9861827047615783
TX_1,2012-06-17 06:00:00,4.213084514132082,4.339477049556045
TX_1,2012-06-17 06:30:00,3.888395777393855,4.005047650715671
TX_1,2012-06-17 07:00:00,8.607190322942389,8.865406032630661
TX_1,2012-06-17 07:30:00,5.901358155435506,6.078398900098572
TX_1,2012-06-17 08:00:00,5.495889407370105,5.660766089591208
TX_1,2012-06-17 08:30:00,6.900686905478537,7.107707512642893
TX_1,2012-06-17 09:00:00,5.351100560378266,5.511633577189614
TX_1,2012-06-17 09:30:00,6.413071588818682,6.605463736483243
TX_1,2012-06-17 10:00:00,5.701907588844536,5.872964816509873
TX_1,2012-06-17 10:30:00,4.968277238134018,5.117325555278039
TX_1,2012-06-17 11:00:00,5.334844665587301,5.494890005554921
TX_1,2012-06-17 11:30:00,5.808570115003927,5.9828272184540445
TX_1,2012-06-17 12:00:00,5.0880284954475306,5.240669350310957
TX_1,2012-06-17 12:30:00,7.4256684684304695,7.648438522483384
TX_1,2012-06-17 13:00:00,9.241571260972908,9.518818398802095
TX_1,2012-06-17 13:30:00,9.902791952120042,10.199875710683644
TX_1,2012-06-17 14:00:00,7.672427233750703,7.902600050763224
TX_1,2012-06-17 14:30:00,7.233724903707577,7.450736650818804
TX_1,2012-06-17 15:00:00,7.863425061512839,8.099327813358224
TX_1,2012-06-17 15:30:00,5.416690617729795,5.579191336261689
TX_1,2012-06-17 16:00:00,7.468255300824479,7.692302959849214
TX_1,2012-06-17 16:30:00,5.190043712872342,5.3457450242585125
TX_1,2012-06-17 17:00:00,4.796119037522169,4.940002608647835
TX_1,2012-06-17 17:30:00,5.231268039570155,5.38820608075726
TX_1,2012-06-17 18:00:00,6.261675505164102,6.449525770319025
TX_1,2012-06-17 18:30:00,7.482041952149981,7.70650321071448
TX_1,2012-06-17 19:00:00,7.267360137368588,7.4853809414896455
TX_1,2012-06-17 19:30:00,6.577127969445888,6.774441808529264
TX_1,2012-06-17 20:00:00,6.926238662442993,7.134025822316283
TX_1,2012-06-17 20:30:00,7.519724712643529,7.745316454022835
TX_1,2012-06-17 21:00:00,7.188308140404611,7.403957384616749
TX_1,2012-06-17 21:30:00,6.058299844729682,6.240048840071572
TX_1,2012-06-17 22:00:00,5.669774549978084,5.839867786477426
TX_1,2012-06-17 22:30:00,5.2488989052554595,5.406365872413123
TX_1,2012-06-17 23:00:00,5.5970537971159215,5.764965411029399
TX_1,2012-06-17 23:30:00,4.189979570220819,4.315678957327444
TX_1,2012-06-18 00:00:00,4.459995954110731,4.593795832734053
TX_1,2012-06-18 00:30:00,3.618741650839282,3.7273039003644604
TX_1,2012-06-18 01:00:00,4.086005131524382,4.208585285470114
TX_1,2012-06-18 01:30:00,3.4145684816298845,3.517005536078781
TX_1,2012-06-18 02:00:00,3.6834551000941906,3.7939587530970162
TX_1,2012-06-18 02:30:00,4.552725998918555,4.6893077788861115
TX_1,2012-06-18 03:00:00,3.372475990178659,3.4736502698840193
TX_1,2012-06-18 03:30:00,3.5227420444427158,3.6284243057759973
TX_1,2012-06-18 04:00:00,2.7503210995504888,2.8328307325370035
TX_1,2012-06-18 04:30:00,3.6247289269773835,3.733470794786705
TX_1,2012-06-18 05:00:00,3.184520056474692,3.280055658168933
TX_1,2012-06-18 05:30:00,4.473233313246209,4.607430312643595
TX_1,2012-06-18 06:00:00,4.85759996120332,5.00332796003942
TX_1,2012-06-18 06:30:00,5.43339156664038,5.596393313639592
TX_1,2012-06-18 07:00:00,5.726956062721715,5.898764744603367
TX_1,2012-06-18 07:30:00,6.051199162834511,6.232735137719546
TX_1,2012-06-18 08:00:00,6.802790386469928,7.006874098064026
TX_1,2012-06-18 08:30:00,5.110922484531203,5.26425015906714
TX_1,2012-06-18 09:00:00,7.481998135130631,7.70645807918455
TX_1,2012-06-18 09:30:00,9.491371998318098,9.776113158267641
TX_1,2012-06-18 10:00:00,7.966362016470467,8.20535287696458
TX_1,2012-06-18 10:30:00,6.433882578723983,6.626899056085703
TX_1,2012-06-18 11:00:00,7.36100591232959,7.581836089699478
TX_1,2012-06-18 11:30:00,7.627841091952196,7.8566763247107625
TX_1,2012-06-18 12:00:00,7.330017587709655,7.549918115340945
TX_1,2012-06-18 12:30:00,10.653098571363284,10.972691528504182
TX_1,2012-06-18 13:00:00,10.191504649457864,10.4972497889416
TX_1,2012-06-18 13:30:00,8.342133966084152,8.592397985066677
TX_1,2012-06-18 14:00:00,6.551887143496563,6.74844375780146
TX_1,2012-06-18 14:30:00,7.531835161997786,7.757790216857719
TX_1,2012-06-18 15:00:00,7.650163575708374,7.879668482979626
TX_1,2012-06-18 15:30:00,9.279084633127699,9.55745717212153
TX_1,2012-06-18 16:00:00,6.789826969487554,6.99352177857218
TX_1,2012-06-18 16:30:00,9.954773177531242,10.25341637285718
TX_1,2012-06-18 17:00:00,6.953447536439646,7.1620509625328355
TX_1,2012-06-18 17:30:00,6.685645725705334,6.886215097476494
TX_1,2012-06-18 18:00:00,5.992306294034856,6.172075482855902
TX_1,2012-06-18 18:30:00,6.6085711168182035,6.8068282503227495
TX_1,2012-06-18 19:00:00,7.619435483066737,7.848018547558739
TX_1,2012-06-18 19:30:00,7.325453153922416,7.5452167485400885
TX_1,2012-06-18 20:00:00,8.212751601954153,8.459134150012778
TX_1,2012-06-18 20:30:00,7.066353974563875,7.278344593800791
TX_1,2012-06-18 21:00:00,7.611214069695967,7.839550491786846
TX_1,2012-06-18 21:30:00,7.916704988687125,8.154206138347739
TX_1,2012-06-18 22:00:00,7.77730848004357,8.010627734444878
TX_1,2012-06-18 22:30:00,8.674966986222254,8.935215995808921
TX_1,2012-06-18 23:00:00,5.627408053295141,5.796230294893995
TX_1,2012-06-18 23:30:00,5.583412291669819,5.750914660419913
TX_1,2012-06-19 00:00:00,3.988526959974584,4.108182768773822
TX_1,2012-06-19 00:30:00,4.314427254499662,4.443860072134652
TX_1,2012-06-19 01:00:00,3.762083116177554,3.8749456096628805
TX_1,2012-06-19 01:30:00,3.2760458515266,3.3743272270723983
TX_1,2012-06-19 02:00:00,3.611112309964842,3.7194456792637873
TX_1,2012-06-19 02:30:00,4.284561845010632,4.413098700360951
TX_1,2012-06-19 03:00:00,4.117753491440019,4.241286096183219
TX_1,2012-06-19 03:30:00,3.396868768515334,3.498774831570794
TX_1,2012-06-19 04:00:00,4.102229912158557,4.225296809523313
TX_1,2012-06-19 04:30:00,3.579351022117881,3.6867315527814175
TX_1,2012-06-19 05:00:00,4.16799878300731,4.29303874649753
TX_1,2012-06-19 05:30:00,4.639490622895462,4.778675341582326
TX_1,2012-06-19 06:00:00,5.001960804629968,5.152019628768867
TX_1,2012-06-19 06:30:00,5.525819514868684,5.691594100314744
TX_1,2012-06-19 07:00:00,5.805896829562371,5.980073734449243
TX_1,2012-06-19 07:30:00,6.612202994427461,6.810569084260285
TX_1,2012-06-19 08:00:00,7.305960116954608,7.525138920463246
TX_1,2012-06-19 08:30:00,6.240962842438825,6.42819172771199
TX_1,2012-06-19 09:00:00,4.713689906859825,4.85510060406562
TX_1,2012-06-19 09:30:00,8.283159449207796,8.53165423268403
TX_1,2012-06-19 10:00:00,10.807156824132653,11.131371528856633
TX_1,2012-06-19 10:30:00,8.548817032368452,8.805281543339506
TX_1,2012-06-19 11:00:00,7.775395158053985,8.008657012795604
TX_1,2012-06-19 11:30:00,7.68710375641552,7.917716869107986
TX_1,2012-06-19 12:00:00,6.96489106797128,7.173837800010419
TX_1,2012-06-19 12:30:00,8.039264961388406,8.28044291023006
TX_1,2012-06-19 13:00:00,9.16891925728406,9.443986835002582
TX_1,2012-06-19 13:30:00,8.297772912399797,8.546706099771791
TX_1,2012-06-19 14:00:00,6.174482715198656,6.359717196654616
TX_1,2012-06-19 14:30:00,4.9858458132273915,5.135421187624213
TX_1,2012-06-19 15:00:00,6.424359140953448,6.617089915182052
TX_1,2012-06-19 15:30:00,6.672202613721494,6.872368692133138
TX_1,2012-06-19 16:00:00,8.796917059678409,9.06082457146876
TX_1,2012-06-19 16:30:00,6.5945328239014165,6.792368808618459
TX_1,2012-06-19 17:00:00,5.829043654764034,6.003914964406955
TX_1,2012-06-19 17:30:00,5.857039102890191,6.0327502759768965
TX_1,2012-06-19 18:00:00,6.559893573584509,6.756690380792045
TX_1,2012-06-19 18:30:00,7.104568027011376,7.317705067821717
TX_1,2012-06-19 19:00:00,7.777173574062413,8.010488781284286
TX_1,2012-06-19 19:30:00,7.769211772345928,8.002288125516307
TX_1,2012-06-19 20:00:00,7.617326434054729,7.845846227076372
TX_1,2012-06-19 20:30:00,6.943224630968029,7.15152136989707
TX_1,2012-06-19 21:00:00,8.034517919869124,8.275553457465199
TX_1,2012-06-19 21:30:00,6.200425390029076,6.386438151729948
TX_1,2012-06-19 22:00:00,7.076529995404163,7.288825895266289
TX_1,2012-06-19 22:30:00,5.525772171380432,5.691545336521846
TX_1,2012-06-19 23:00:00,5.7065751501622515,5.87777240466712
TX_1,2012-06-19 23:30:00,3.9235566212187525,4.041263319855315
TX_1,2012-06-20 00:00:00,4.5185090873904645,4.654064360012178
TX_1,2012-06-20 00:30:00,3.78835478146976,3.902005424913853
TX_1,2012-06-20 01:00:00,3.3065780801671147,3.405775422572128
TX_1,2012-06-20 01:30:00,2.9946912829886543,3.084532021478314
TX_1,2012-06-20 02:00:00,2.6468526807909156,2.7262582612146433
TX_1,2012-06-20 02:30:00,4.736028215327523,4.878109061787349
TX_1,2012-06-20 03:00:00,2.885273442086147,2.9718316453487317
TX_1,2012-06-20 03:30:00,3.655312993356386,3.7649723831570774
TX_1,2012-06-20 04:00:00,2.5403667958775733,2.6165777997539004
TX_1,2012-06-20 04:30:00,3.5500873845139735,3.656590006049393
TX_1,2012-06-20 05:00:00,4.001141229613922,4.12117546650234
TX_1,2012-06-20 05:30:00,4.0167712469907135,4.137274384400435
TX_1,2012-06-20 06:00:00,4.561460109035331,4.698303912306391
TX_1,2012-06-20 06:30:00,4.569851702779636,4.706947253863025
TX_1,2012-06-20 07:00:00,6.2660094280424605,6.453989710883734
TX_1,2012-06-20 07:30:00,7.339761553568144,7.559954400175189
TX_1,2012-06-20 08:00:00,6.62596100511221,6.824739835265577
TX_1,2012-06-20 08:30:00,6.537918839049675,6.734056404221166
TX_1,2012-06-20 09:00:00,8.448957319192715,8.702426038768497
TX_1,2012-06-20 09:30:00,9.716986283119253,10.00849587161283
TX_1,2012-06-20 10:00:00,7.597652690722852,7.825582271444538
TX_1,2012-06-20 10:30:00,5.649823933574958,5.819318651582207
TX_2,2012-05-21 10:30:00,1.9318470270612405,1.9898024378730776
TX_2,2012-05-21 11:00:00,1.5527575157636757,1.599340241236586
TX_2,2012-05-21 11:30:00,1.2750461743169503,1.3132975595464589
TX_2,2012-05-21 12:00:00,2.575770445370844,2.6530435587319694
TX_2,2012-05-21 12:30:00,2.7266519475245197,2.8084515059502553
TX_2,2012-05-21 13:00:00,2.038086429839048,2.0992290227342196
TX_2,2012-05-21 13:30:00,1.7463810285248274,1.7987724593805723
TX_2,2012-05-21 14:00:00,1.5454445163238237,1.5918078518135386
TX_2,2012-05-21 14:30:00,1.4394310847839593,1.4826140173274782
TX_2,2012-05-21 15:00:00,1.020770489329077,1.0513936040089493
TX_2,2012-05-21 15:30:00,1.0460104741001166,1.0773907883231202
TX_2,2012-05-21 16:00:00,1.2173309169348105,1.2538508444428549
TX_2,2012-05-21 16:30:00,1.7046534918972984,1.7557930966542175
TX_2,2012-05-21 17:00:00,1.542126056689602,1.5883898383902901
TX_2,2012-05-21 17:30:00,2.022010498830026,2.082670813794927
TX_2,2012-05-21 18:00:00,2.7176428847775753,2.799172171320903
TX_2,2012-05-21 18:30:00,3.5268247799332735,3.6326295233312718
TX_2,2012-05-21 19:00:00,2.4487740907114315,2.5222373134327745
TX_2,2012-05-21 19:30:00,1.7924158330499922,1.846188308041492
TX_2,2012-05-21 20:00:00,2.1215678298447154,2.185214864740057
TX_2,2012-05-21 20:30:00,2.196545318688502,2.2624416782491568
TX_2,2012-05-21 21:00:00,3.438116573552916,3.541260070759504
TX_2,2012-05-21 21:30:00,2.980268968751426,3.069677037813969
TX_2,2012-05-21 22:00:00,2.736556845763442,2.8186535511363453
TX_2,2012-05-21 22:30:00,1.753163254031726,1.8057581516526777
TX_2,2012-05-21 23:00:00,2.6427715694390774,2.72205471652225
TX_2,2012-05-21 23:30:00,1.2215754986304201,1.2582227635893328
TX_2,2012-05-22 00:00:00,1.4295796596305796,1.4724670494194971
TX_2,2012-05-22 00:30:00,1.0942235056048277,1.1270502107729725
TX_2,2012-05-22 01:00:00,1.3645790902225408,1.405516462929217
TX_2,2012-05-22 01:30:00,1.29805351337619,1.3369951187774756
TX_2,2012-05-22 02:00:00,1.1151816891783994,1.1486371398537514
TX_2,2012-05-22 02:30:00,1.3938848792898435,1.4357014256685388
TX_2,2012-05-22 03:00:00,1.0726862217159467,1.1048668083674251
TX_2,2012-05-22 03:30:00,1.2125660485847096,1.248943030042251
TX_2,2012-05-22 04:00:00,0.9872225258963584,1.0168392016732493
TX_2,2012-05-22 04:30:00,1.173453814442557,1.2086574288758338
TX_2,2012-05-22 05:00:00,0.9635048393610136,0.992409984541844
TX_2,2012-05-22 05:30:00,0.9296754820613197,0.9575657465231593
TX_2,2012-05-22 06:00:00,0.8827038195714334,0.9091849341585764
TX_2,2012-05-22 06:30:00,0.9145484803255246,0.9419849347352903
TX_2,2012-05-22 07:00:00,1.1913212274575704,1.2270608642812975
TX_2,2012-05-22 07:30:00,1.6348553953295426,1.6839010571894288
TX_2,2012-05-22 08:00:00,1.6705314313914226,1.7206473743331654
TX_2,2012-05-22 08:30:00,1.4731616152733604,1.5173564637315613
TX_2,2012-05-22 09:00:00,1.2482468724866345,1.2856942786612335
TX_2,2012-05-22 09:30:00,1.0775748018866855,1.1099020459432862
TX_2,2012-05-22 10:00:00,1.9844634388264084,2.0439973419912008
TX_2,2012-05-22 10:30:00,0.9465132183279451,0.9749086148777835
TX_2,2012-05-22 11:00:00,1.0358682362186322,1.0669442833051912
TX_2,2012-05-22 11:30:00,1.0578293453990106,1.089564225760981
TX_2,2012-05-22 12:00:00,1.2816206876225353,1.3200693082512114
TX_2,2012-05-22 12:30:00,1.0329376257146945,1.0639257544861354
TX_2,2012-05-22 13:00:00,1.8738798583086949,1.9300962540579558
TX_2,2012-05-22 13:30:00,2.2646134016460007,2.332551803695381
TX_2,2012-05-22 14:00:00,1.2930870871367268,1.3318796997508286
TX_2,2012-05-22 14:30:00,0.9257028398359177,0.9534739250309953
TX_2,2012-05-22 15:00:00,0.910657000664535,0.9379767106844711
TX_2,2012-05-22 15:30:00,0.8238180291806207,0.8485325700560394
TX_2,2012-05-22 16:00:00,1.483119213177253,1.5276127895725706
TX_2,2012-05-22 16:30:00,1.020953929094794,1.0515825469676379
TX_2,2012-05-22 17:00:00,3.495661452787834,3.6005312963714693
TX_2,2012-05-22 17:30:00,1.6066269169883614,1.6548257244980122
TX_2,2012-05-22 18:00:00,2.8751722057685263,2.961427371941582
TX_2,2012-05-22 18:30:00,1.7516795650385208,1.8042299519896765
TX_2,2012-05-22 19:00:00,1.1376721546647517,1.1718023193046943
TX_2,2012-05-22 19:30:00,1.4431983297558098,1.4864942796484841
TX_2,2012-05-22 20:00:00,1.6721344195434267,1.7222984521297295
TX_2,2012-05-22 20:30:00,1.721433722486246,1.7730767341608333
TX_2,2012-05-22 21:00:00,2.0347485735307065,2.0957910307366276
TX_2,2012-05-22 21:30:00,1.4628977078225738,1.506784639057251
TX_2,2012-05-22 22:00:00,1.4863103458964657,1.5308996562733597
TX_2,2012-05-22 22:30:00,1.3124033132950155,1.351775412693866
TX_2,2012-05-22 23:00:00,1.4000658181643546,1.4420677927092853
TX_2,2012-05-22 23:30:00,1.16971591378807,1.204807391201712
TX_2,2012-05-23 00:00:00,1.3794084168954468,1.4207906694023102
TX_2,2012-05-23 00:30:00,0.9347173709610052,0.9627588920898353
TX_2,2012-05-23 01:00:00,0.9755897279315184,1.004857419769464
TX_2,2012-05-23 01:30:00,0.9490145668356842,0.9774850038407548
TX_2,2012-05-23 02:00:00,1.0688976381063862,1.1009645672495778
TX_2,2012-05-23 02:30:00,0.9407854248086284,0.9690089875528872
TX_2,2012-05-23 03:00:00,1.1583237071927441,1.1930734184085265
TX_2,2012-05-23 03:30:00,0.9209485057918578,0.9485769609656136
TX_2,2012-05-23 04:00:00,0.8823523941557634,0.9088229659804363
TX_2,2012-05-23 04:30:00,1.383736326507602,1.42524841630283
TX_2,2012-05-23 05:00:00,1.2465125097397702,1.2839078850319634
TX_2,2012-05-23 05:30:00,1.660194978147637,1.7100008274920662
TX_2,2012-05-23 06:00:00,2.0420760281461097,2.103338308990493
TX_2,2012-05-23 06:30:00,1.830506960521361,1.885422169337002
TX_2,2012-05-23 07:00:00,1.657601644165342,1.7073296934903024
TX_2,2012-05-23 07:30:00,2.258994652592436,2.3267644921702093
TX_2,2012-05-23 08:00:00,2.053492930687504,2.115097718608129
TX_2,2012-05-23 08:30:00,2.133695154162771,2.197706008787654
TX_2,2012-05-23 09:00:00,2.748887621418876,2.8313542500614424
TX_2,2012-05-23 09:30:00,5.550420198702752,5.716932804663835
TX_2,2012-05-23 10:00:00,8.645266430449137,8.90462442336261
TX_2,2012-05-23 10:30:00,7.5910460603443095,7.818777442154639
TX_2,2012-05-23 11:00:00,6.099394823545644,6.282376668252014
TX_2,2012-05-23 11:30:00,6.553597317215864,6.750205236732341
TX_2,2012-05-23 12:00:00,4.714103157377277,4.855526252098596
TX_2,2012-05-23 12:30:00,7.541756159479378,7.768008844263759
TX_2,2012-05-23 13:00:00,5.566359723767338,5.733350515480359
TX_2,2012-05-23 13:30:00,7.434222390809794,7.657249062534088
TX_2,2012-05-23 14:00:00,6.477457245245329,6.671780962602689
TX_2,2012-05-23 14:30:00,4.640827585402177,4.780052412964243
TX_2,2012-05-23 15:00:00,4.083871133944035,4.206387267962356
TX_2,2012-05-23 15:30:00,5.116566647011349,5.27006364642169
TX_2,2012-05-23 16:00:00,4.765614304032132,4.9085827331530965
TX_2,2012-05-23 16:30:00,6.524497084068825,6.72023199659089
TX_2,2012-05-23 17:00:00,5.792111720794692,5.965875072418533
TX_2,2012-05-23 17:30:00,5.732006996969281,5.9039672068783595
TX_2,2012-05-23 18:00:00,5.2881030265773346,5.446746117374655
TX_2,2012-05-23 18:30:00,7.30243381647027,7.521506830964378
TX_2,2012-05-23 19:00:00,12.50376814731581,12.878881191735285
TX_2,2012-05-23 19:30:00,8.871976994280342,9.138136304108752
TX_2,2012-05-23 20:00:00,7.1887169827671675,7.404378492250183
TX_2,2012-05-23 20:30:00,7.7960875798585905,8.029970207254348
TX_2,2012-05-23 21:00:00,7.000491369153045,7.210506110227636
TX_2,2012-05-23 21:30:00,6.4689359398321775,6.663004018027143
TX_2,2012-05-23 22:00:00,6.875906717114466,7.0821839186279005
TX_2,2012-05-23 22:30:00,6.339884770380207,6.530081313491614
TX_2,2012-05-23 23:00:00,4.902215254643695,5.049281712283006
TX_2,2012-05-23 23:30:00,4.621631535529821,4.760280481595716
TX_2,2012-05-24 00:00:00,3.9470284206499953,4.0654392732694955
TX_2,2012-05-24 00:30:00,3.984246244036734,4.103773631357837
TX_2,2012-05-24 01:00:00,3.3804069343399106,3.481819142370108
TX_2,2012-05-24 01:30:00,3.467849867542269,3.571885363568537
TX_2,2012-05-24 02:00:00,3.0307969971996487,3.1217209071156384
TX_2,2012-05-24 02:30:00,3.2247139156504514,3.321455333119965
TX_2,2012-05-24 03:00:00,4.054618487027208,4.176257041638025
TX_2,2012-05-24 03:30:00,2.8830208394354027,2.969511464618465
TX_2,2012-05-24 04:00:00,3.722661629523066,3.834341478408758
TX_2,2012-05-24 04:30:00,4.159561890389884,4.28434874710158
TX_2,2012-05-24 05:00:00,4.9444592763161985,5.092793054605685
TX_2,2012-05-24 05:30:00,3.7235775261319097,3.8352848519158673
TX_2,2012-05-24 06:00:00,3.2863148104783337,3.384904254792684
TX_2,2012-05-24 06:30:00,5.020411971277066,5.171024330415378
TX_2,2012-05-24 07:00:00,4.933935073205425,5.081953125401587
TX_2,2012-05-24 07:30:00,4.867087661404794,5.013100291246937
TX_2,2012-05-24 08:00:00,5.029564695335169,5.180451636195224
TX_2,2012-05-24 08:30:00,4.760672858360491,4.903493044111306
TX_2,2012-05-24 09:00:00,3.6134187031609426,3.721821264255771
TX_2,2012-05-24 09:30:00,3.774377917028657,3.887609254539517
TX_2,2012-05-24 10:00:00,5.3985546097162285,5.560511248007716
TX_2,2012-05-24 10:30:00,7.375881332386559,7.597157772358156
TX_2,2012-05-24 11:00:00,5.664953498137409,5.834902103081531
TX_2,2012-05-24 11:30:00,5.218706452549432,5.375267646125915
TX_2,2012-05-24 12:00:00,6.100760664388097,6.2837834843197395
TX_2,2012-05-24 12:30:00,7.496658859029269,7.7215586248001475
TX_2,2012-05-24 13:00:00,5.571129433191412,5.738263316187154
TX_2,2012-05-24 13:30:00,4.896934354961731,5.043842385610583
TX_2,2012-05-24 14:00:00,5.014737579678391,5.165179707068742
TX_2,2012-05-24 14:30:00,4.269314411126187,4.397393843459973
TX_2,2012-05-24 15:00:00,4.58791113495851,4.725548469007266
TX_2,2012-05-24 15:30:00,5.135311975437085,5.289371334700197
TX_2,2012-05-24 16:00:00,5.315476080465169,5.474940362879124
TX_2,2012-05-24 16:30:00,4.1713742791947395,4.296515507570581
TX_2,2012-05-24 17:00:00,5.683853520787962,5.854369126411601
TX_2,2012-05-24 17:30:00,6.379958268871997,6.5713570169381565
TX_2,2012-05-24 18:00:00,8.540374729550756,8.79658597143728
TX_2,2012-05-24 18:30:00,7.6007747710556535,7.828798014187323
TX_2,2012-05-24 19:00:00,9.049004604035328,9.320474742156389
TX_2,2012-05-24 19:30:00,6.274084369169706,6.462306900244797
TX_2,2012-05-24 20:00:00,7.028616905511279,7.239475412676617
TX_2,2012-05-24 20:30:00,8.861223709957438,9.12706042125616
TX_2,2012-05-24 21:00:00,7.90991451527207,8.147211950730233
TX_2,2012-05-24 21:30:00,7.251446289180645,7.468989677856065
TX_2,2012-05-24 22:00:00,6.288847534177864,6.4775129602032
TX_2,2012-05-24 22:30:00,5.978567853535321,6.1579248891413805
TX_2,2012-05-24 23:00:00,5.026435791917231,5.177228865674747
TX_2,2012-05-24 23:30:00,5.752729019547317,5.925310890133737
TX_2,2012-05-25 00:00:00,4.3917489281392985,4.523501395983478
TX_2,2012-05-25 00:30:00,5.550176448020571,5.716681741461189
TX_2,2012-05-25 01:00:00,4.81162993619864,4.9559788342846
TX_2,2012-05-25 01:30:00,5.13248751324983,5.286462138647326
TX_2,2012-05-25 02:00:00,5.0548147486315775,5.206459191090525
TX_2,2012-05-25 02:30:00,6.148451378274169,6.332904919622394
TX_2,2012-05-25 03:00:00,3.9186467006278503,4.036206101646686
TX_2,2012-05-25 03:30:00,2.802987393635715,2.8870770154447865
TX_2,2012-05-25 04:00:00,2.8197298390378394,2.9043217342089744
TX_2,2012-05-25 04:30:00,3.839026540118873,3.954197336322439
TX_2,2012-05-25 05:00:00,3.7319833469322377,3.843942847340205
TX_2,2012-05-25 05:30:00,3.73412122200432,3.8461448586644496
TX_2,2012-05-25 06:00:00,3.8818244223361167,3.9982791550062005
TX_2,2012-05-25 06:30:00,4.694358144886164,4.835188889232748
TX_2,2012-05-25 07:00:00,5.412194031759074,5.574559852711847
TX_2,2012-05-25 07:30:00,5.810793880356128,5.985117696766812
TX_2,2012-05-25 08:00:00,4.4668056178978315,4.600809786434766
TX_2,2012-05-25 08:30:00,4.859346771906909,5.005127175064116
TX_2,2012-05-25 09:00:00,4.787216061514689,4.93083254336013
TX_2,2012-05-25 09:30:00,3.650306499631889,3.7598156946208454
TX_2,2012-05-25 10:00:00,5.725123246229119,5.896876943615992
TX_2,2012-05-25 10:30:00,7.998381204323829,8.238332640453544
TX_2,2012-05-25 11:00:00,6.0495848508715415,6.231072396397688
TX_2,2012-05-25 11:30:00,5.897445246886068,6.07436860429265
TX_2,2012-05-25 12:00:00,4.318110771027585,4.447654094158413
TX_2,2012-05-25 12:30:00,7.243344130642906,7.4606444545621935
TX_2,2012-05-25 13:00:00,4.488638439445464,4.623297592628828
TX_2,2012-05-25 13:30:00,6.2490603310448956,6.436532140976243
TX_2,2012-05-25 14:00:00,5.385942791621793,5.547521075370447
TX_2,2012-05-25 14:30:00,4.280032569247267,4.4084335463246855
TX_2,2012-05-25 15:00:00,4.241635511467173,4.368884576811189
TX_2,2012-05-25 15:30:00,4.76878080415677,4.911844228281473
TX_2,2012-05-25 16:00:00,4.715633004798705,4.857101994942666
TX_2,2012-05-25 16:30:00,5.828104852024479,6.002947997585213
TX_2,2012-05-25 17:00:00,5.951252317421874,6.12978988694453
TX_2,2012-05-25 17:30:00,8.459468754054972,8.713252816676622
TX_2,2012-05-25 18:00:00,7.415483922562376,7.6379484402392475
TX_2,2012-05-25 18:30:00,9.423090677040488,9.705783397351702
TX_2,2012-05-25 19:00:00,11.323232743989983,11.662929726309683
TX_2,2012-05-25 19:30:00,9.95037000583119,10.248881106006126
TX_2,2012-05-25 20:00:00,7.874006745199987,8.110226947555986
TX_2,2012-05-25 20:30:00,6.8923617450191985,7.099132597369775
TX_2,2012-05-25 21:00:00,7.811659836516408,8.0460096316119
TX_2,2012-05-25 21:30:00,7.317106179951254,7.536619365349791
TX_2,2012-05-25 22:00:00,7.551355283176902,7.7778959416722095
TX_2,2012-05-25 22:30:00,7.598261028141852,7.826208858986108
TX_2,2012-05-25 23:00:00,6.4053808865650605,6.597542313162013
TX_2,2012-05-25 23:30:00,4.771417615268615,4.914560143726674
TX_2,2012-05-26 00:00:00,4.834059466710855,4.979081250712181
TX_2,2012-05-26 00:30:00,3.508607192953567,3.613865408742174
TX_2,2012-05-26 01:00:00,3.293222037032257,3.3920186981432248
TX_2,2012-05-26 01:30:00,4.051388921483838,4.172930589128353
TX_2,2012-05-26 02:00:00,2.9891925479530275,3.0788683243916184
TX_2,2012-05-26 02:30:00,4.048899806371481,4.1703668005626255
TX_2,2012-05-26 03:00:00,4.370148787604626,4.501253251232765
TX_2,2012-05-26 03:30:00,3.3177684494172013,3.4173015028997176
TX_2,2012-05-26 04:00:00,3.4774524115907557,3.5817759839384786
TX_2,2012-05-26 04:30:00,2.9704468348889796,3.059560239935649
TX_2,2012-05-26 05:00:00,3.3137933200020524,3.413207119602114
TX_2,2012-05-26 05:30:00,3.081201572205982,3.1736376193721614
TX_2,2012-05-26 06:00:00,2.959750171164913,3.0485426762998604
TX_2,2012-05-26 06:30:00,4.591912061465747,4.729669423309719
TX_2,2012-05-26 07:00:00,6.892456709762124,7.099230411054988
TX_2,2012-05-26 07:30:00,4.830507923713566,4.975423161424973
TX_2,2012-05-26 08:00:00,6.406982444164675,6.599191917489615
TX_2,2012-05-26 08:30:00,5.923300815073718,6.1009998395259295
TX_2,2012-05-26 09:00:00,6.654331112558402,6.853961045935154
TX_2,2012-05-26 09:30:00,4.681025349818062,4.821456110312604
TX_2,2012-05-26 10:00:00,6.798706711770282,7.002667913123391
TX_2,2012-05-26 10:30:00,5.72694558417347,5.898753951698675
TX_2,2012-05-26 11:00:00,6.666927302505903,6.86693512158108
TX_2,2012-05-26 11:30:00,6.004813226153248,6.184957622937845
TX_2,2012-05-26 12:00:00,8.398041313528942,8.64998255293481
TX_2,2012-05-26 12:30:00,8.94858661079668,9.21704420912058
TX_2,2012-05-26 13:00:00,5.589872169579844,5.75756833466724
TX_2,2012-05-26 13:30:00,7.826946560368267,8.061754957179316
TX_2,2012-05-26 14:00:00,7.049909426334592,7.26140670912463
TX_2,2012-05-26 14:30:00,5.196708080652883,5.352609323072469
TX_2,2012-05-26 15:00:00,4.249393024220427,4.37687481494704
TX_2,2012-05-26 15:30:00,4.301086408456208,4.430119000709895
TX_2,2012-05-26 16:00:00,5.653711638163221,5.823322987308118
TX_2,2012-05-26 16:30:00,4.535429203841916,4.671492079957174
TX_2,2012-05-26 17:00:00,4.965504646189805,5.1144697855754995
TX_2,2012-05-26 17:30:00,6.089606613142812,6.272294811537097
TX_2,2012-05-26 18:00:00,4.825256743584435,4.970014445891969
TX_2,2012-05-26 18:30:00,3.9591311602669106,4.077905095074918
TX_2,2012-05-26 19:00:00,7.184231851538017,7.399758807084157
TX_2,2012-05-26 19:30:00,6.329581292308348,6.519468731077599
TX_2,2012-05-26 20:00:00,5.816304464902569,5.9907935988496455
TX_2,2012-05-26 20:30:00,5.855704306258382,6.031375435446133
TX_2,2012-05-26 21:00:00,5.881846847383447,6.058302252804951
TX_2,2012-05-26 21:30:00,4.90841021315955,5.055662519554337
TX_2,2012-05-26 22:00:00,4.870983652774211,5.017113162357438
TX_2,2012-05-26 22:30:00,4.226523802465105,4.353319516539059
TX_2,2012-05-26 23:00:00,5.363217910483989,5.524114447798509
TX_2,2012-05-26 23:30:00,4.935715957573362,5.083787436300563
TX_2,2012-05-27 00:00:00,4.873946015388152,5.020164395849797
TX_2,2012-05-27 00:30:00,5.4375861149508395,5.600713698399365
TX_2,2012-05-27 01:00:00,5.145061626436494,5.2994134752295885
TX_2,2012-05-27 01:30:00,4.610419334597426,4.748731914635348
TX_2,2012-05-27 02:00:00,4.29279881907979,4.421582783652184
TX_2,2012-05-27 02:30:00,4.2883883028803265,4.4170399519667365
TX_2,2012-05-27 03:00:00,3.581782417524022,3.689235890049743
TX_2,2012-05-27 03:30:00,3.2637137805272403,3.3616251939430577
TX_2,2012-05-27 04:00:00,3.298993129681318,3.3979629235717574
TX_2,2012-05-27 04:30:00,3.1675496942662202,3.2625761850942068
TX_2,2012-05-27 05:00:00,2.7236470390198924,2.805356450190489
TX_2,2012-05-27 05:30:00,3.7284454521122026,3.8402988156755686
TX_2,2012-05-27 06:00:00,3.417509887569673,3.5200351841967636
TX_2,2012-05-27 06:30:00,3.0877016769025833,3.180332727209661
TX_2,2012-05-27 07:00:00,5.515068736743666,5.6805207988459765
TX_2,2012-05-27 07:30:00,5.569754867932388,5.73684751397036
TX_2,2012-05-27 08:00:00,5.076853585269046,5.229159192827118
TX_2,2012-05-27 08:30:00,6.050833029855837,6.232358020751512
TX_2,2012-05-27 09:00:00,7.207766078655439,7.4239990610151025
TX_2,2012-05-27 09:30:00,6.411421320016105,6.603763959616589
TX_2,2012-05-27 10:00:00,8.81110164960223,9.075434699090298
TX_2,2012-05-27 10:30:00,9.123079136355294,9.396771510445953
TX_2,2012-05-27 11:00:00,6.742426997975322,6.944699807914581
TX_2,2012-05-27 11:30:00,7.12024516392632,7.33385251884411
TX_2,2012-05-27 12:00:00,7.125153551960798,7.338908158519622
TX_2,2012-05-27 12:30:00,9.287884103868063,9.566520626984104
TX_2,2012-05-27 13:00:00,8.274506354771306,8.522741545414446
TX_2,2012-05-27 13:30:00,7.228898016188837,7.445764956674502
TX_2,2012-05-27 14:00:00,7.116025903379866,7.329506680481262
TX_2,2012-05-27 14:30:00,6.583807017523152,6.781321228048847
TX_2,2012-05-27 15:00:00,5.628747172970797,5.797609588159921
TX_2,2012-05-27 15:30:00,4.729180111694793,4.871055515045637
TX_2,2012-05-27 16:00:00,6.433039077084363,6.626030249396894
TX_2,2012-05-27 16:30:00,7.263527337586922,7.481433157714529
TX_2,2012-05-27 17:00:00,9.67906001306862,9.969431813460679
TX_2,2012-05-27 17:30:00,8.549387685367913,8.80586931592895
TX_2,2012-05-27 18:00:00,7.605807323487909,7.833981543192547
TX_2,2012-05-27 18:30:00,8.79722300912748,9.061139699401304
TX_2,2012-05-27 19:00:00,6.6752961735471645,6.87555505875358
TX_2,2012-05-27 19:30:00,5.586564310108167,5.754161239411412
TX_2,2012-05-27 20:00:00,5.445613965867128,5.608982384843142
TX_2,2012-05-27 20:30:00,7.134004392457252,7.348024524230969
TX_2,2012-05-27 21:00:00,8.70052383041879,8.961539545331354
TX_2,2012-05-27 21:30:00,9.711384335998888,10.002725866078855
TX_2,2012-05-27 22:00:00,7.543551982533253,7.769858542009251
TX_2,2012-05-27 22:30:00,6.042249422158802,6.223516904823566
TX_2,2012-05-27 23:00:00,7.125844853756514,7.33962019936921
TX_2,2012-05-27 23:30:00,8.05607745717349,8.297759780888695
TX_2,2012-05-28 00:00:00,5.095974998882522,5.248854248848997
TX_2,2012-05-28 00:30:00,4.050383401333028,4.171894903373019
TX_2,2012-05-28 01:00:00,3.7976211451815645,3.9115497795370113
TX_2,2012-05-28 01:30:00,3.9704650553648038,4.089579007025748
TX_2,2012-05-28 02:00:00,3.521561248467746,3.6272080859217786
TX_2,2012-05-28 02:30:00,4.280270602769729,4.408678720852821
TX_2,2012-05-28 03:00:00,4.25015848853252,4.377663243188496
TX_2,2012-05-28 03:30:00,3.263025864698328,3.3609166406392776
TX_2,2012-05-28 04:00:00,4.16093440338156,4.285762435483007
TX_2,2012-05-28 04:30:00,4.04379578650147,4.1651096600965145
TX_2,2012-05-28 05:00:00,3.3397604178996847,3.439953230436675
TX_2,2012-05-28 05:30:00,4.601802693511028,4.739856774316359
TX_2,2012-05-28 06:00:00,4.156490546903572,4.281185263310679
TX_2,2012-05-28 06:30:00,4.052735543897476,4.1743176102144
TX_2,2012-05-28 07:00:00,5.878539920237751,6.0548961178448835
TX_2,2012-05-28 07:30:00,5.741339493197438,5.913579677993361
TX_2,2012-05-28 08:00:00,5.494061222789924,5.658883059473622
TX_2,2012-05-28 08:30:00,6.761108314318715,6.963941563748277
TX_2,2012-05-28 09:00:00,6.418535295750252,6.61109135462276
TX_2,2012-05-28 09:30:00,4.251872186028931,4.379428351609799
TX_2,2012-05-28 10:00:00,5.849689599614748,6.025180287603191
TX_2,2012-05-28 10:30:00,4.741033386484393,4.883264388078925
TX_2,2012-05-28 11:00:00,4.805835274762934,4.950010333005823
TX_2,2012-05-28 11:30:00,5.2481619047061425,5.405606761847327
TX_2,2012-05-28 12:00:00,5.189164065255364,5.344838987213024
TX_2,2012-05-28 12:30:00,5.442348833141848,5.605619298136103
TX_2,2012-05-28 13:00:00,3.7213656135576074,3.8330065819643355
TX_2,2012-05-28 13:30:00,6.724414713237984,6.926147154635124
TX_2,2012-05-28 14:00:00,6.815089079668001,7.019541752058041
TX_2,2012-05-28 14:30:00,6.836243282314858,7.0413305807843045
TX_2,2012-05-28 15:00:00,5.63369314308171,5.802703937374162
TX_2,2012-05-28 15:30:00,4.349910026731649,4.480407327533599
TX_2,2012-05-28 16:00:00,5.900598744970694,6.077616707319814
TX_2,2012-05-28 16:30:00,5.610363853329004,5.778674768928875
TX_2,2012-05-28 17:00:00,6.47150087024732,6.66564589635474
TX_2,2012-05-28 17:30:00,7.66015024957008,7.889954757057183
TX_2,2012-05-28 18:00:00,6.784203572725776,6.98772967990755
TX_2,2012-05-28 18:30:00,7.6294138736074535,7.858296289815677
TX_2,2012-05-28 19:00:00,10.009390389438797,10.309672101121961
TX_2,2012-05-28 19:30:00,8.426011362550186,8.678791703426691
TX_2,2012-05-28 20:00:00,9.644752492881876,9.934095067668332
TX_2,2012-05-28 20:30:00,7.809723732029807,8.044015443990702
TX_2,2012-05-28 21:00:00,8.130847921323426,8.374773358963129
TX_2,2012-05-28 21:30:00,7.349030122885951,7.56950102657253
TX_2,2012-05-28 22:00:00,7.358680477797994,7.579440892131934
TX_2,2012-05-28 22:30:00,8.20985525161823,8.456150909166777
TX_2,2012-05-28 23:00:00,5.452074186944739,5.615636412553082
TX_2,2012-05-28 23:30:00,4.75221975864979,4.894786351409284
TX_2,2012-05-29 00:00:00,4.396939290698904,4.528847469419871
TX_2,2012-05-29 00:30:00,4.2795808001123765,4.407968224115748
TX_2,2012-05-29 01:00:00,4.1736254214480715,4.298834184091514
TX_2,2012-05-29 01:30:00,3.8401470278941496,3.955351438730974
TX_2,2012-05-29 02:00:00,4.400445913268623,4.532459290666682
TX_2,2012-05-29 02:30:00,4.021381786000943,4.142023239580972
TX_2,2012-05-29 03:00:00,3.858802223652066,3.9745662903616283
TX_2,2012-05-29 03:30:00,3.1588814382016035,3.2536478813476517
TX_2,2012-05-29 04:00:00,3.5372059841473527,3.6433221636717734
TX_2,2012-05-29 04:30:00,4.536118143471707,4.672201687775858
TX_2,2012-05-29 05:00:00,3.334548393188691,3.4345848449843515
TX_2,2012-05-29 05:30:00,3.723155098325416,3.8348497512751787
TX_2,2012-05-29 06:00:00,4.826354365145475,4.97114499609984
TX_2,2012-05-29 06:30:00,4.905000122611287,5.052150126289625
TX_2,2012-05-29 07:00:00,5.372304063595795,5.533473185503669
TX_2,2012-05-29 07:30:00,5.29107918793972,5.449811563577911
TX_2,2012-05-29 08:00:00,6.951184122758479,7.159719646441234
TX_2,2012-05-29 08:30:00,6.8539434188261374,7.059561721390922
TX_2,2012-05-29 09:00:00,6.636694769413618,6.835795612496026
TX_2,2012-05-29 09:30:00,5.315773326788244,5.475246526591891
TX_2,2012-05-29 10:00:00,5.779852346492766,5.953247916887549
TX_2,2012-05-29 10:30:00,5.054234231143336,5.205861258077636
TX_2,2012-05-29 11:00:00,4.463369378249264,4.597270459596742
TX_2,2012-05-29 11:30:00,6.1954744075303845,6.381338639756296
TX_2,2012-05-29 12:00:00,6.850990816585732,7.056520541083304
TX_2,2012-05-29 12:30:00,5.923533343285891,6.101239343584468
TX_2,2012-05-29 13:00:00,4.439091901893083,4.572264658949876
TX_2,2012-05-29 13:30:00,5.190578008664663,5.3462953489246035
TX_2,2012-05-29 14:00:00,4.237164256412329,4.364279184104698
TX_2,2012-05-29 14:30:00,3.8401962430790357,3.955402130371407
TX_2,2012-05-29 15:00:00,4.426692000333761,4.559492760343773
TX_2,2012-05-29 15:30:00,4.5373057670125,4.6734249400228745
TX_2,2012-05-29 16:00:00,4.183065766140612,4.308557739124831
TX_2,2012-05-29 16:30:00,6.298860610139185,6.487826428443361
TX_2,2012-05-29 17:00:00,5.162239277846748,5.317106456182151
TX_2,2012-05-29 17:30:00,6.86401970874881,7.069940300011274
TX_2,2012-05-29 18:00:00,5.241456559194989,5.398700255970839
TX_2,2012-05-29 18:30:00,6.396971530260368,6.588880676168179
TX_2,2012-05-29 19:00:00,7.459316519531829,7.683096015117784
TX_2,2012-05-29 19:30:00,9.623526243173739,9.912232030468951
TX_2,2012-05-29 20:00:00,7.960470160800283,8.199284265624293
TX_2,2012-05-29 20:30:00,7.038197246851053,7.249343164256585
TX_2,2012-05-29 21:00:00,8.471962475167006,8.726121349422016
TX_2,2012-05-29 21:30:00,8.160967888830946,8.405796925495874
TX_2,2012-05-29 22:00:00,8.148939311370745,8.393407490711867
TX_2,2012-05-29 22:30:00,6.3547198040526345,6.545361398174213
TX_2,2012-05-29 23:00:00,5.180892256218803,5.336319023905367
TX_2,2012-05-29 23:30:00,4.347781783262533,4.478215236760409
TX_2,2012-05-30 00:00:00,4.350845802774118,4.481371176857341
TX_2,2012-05-30 00:30:00,3.7102070792713095,3.821513291649449
TX_2,2012-05-30 01:00:00,3.7102009932894777,3.821507023088162
TX_2,2012-05-30 01:30:00,3.0811653445396967,3.1736003048758876
TX_2,2012-05-30 02:00:00,3.2564649616446597,3.3541589104939997
TX_2,2012-05-30 02:30:00,3.8622212549517645,3.9780878926003176
TX_2,2012-05-30 03:00:00,3.354171430445272,3.4547965733586303
TX_2,2012-05-30 03:30:00,3.1523777938148543,3.2469491276293
TX_2,2012-05-30 04:00:00,3.5438949108035405,3.650211758127647
TX_2,2012-05-30 04:30:00,5.616031451645683,5.784512395195054
TX_2,2012-05-30 05:00:00,3.8252567747588055,3.94001447800157
TX_2,2012-05-30 05:30:00,4.66182629372846,4.801681082540314
TX_2,2012-05-30 06:00:00,4.627360481449278,4.766181295892757
TX_2,2012-05-30 06:30:00,4.259059309393046,4.386831088674837
TX_2,2012-05-30 07:00:00,5.6907465144825355,5.861468909917011
TX_2,2012-05-30 07:30:00,4.850861196551705,4.996387032448256
TX_2,2012-05-30 08:00:00,6.171623179796775,6.356771875190678
TX_2,2012-05-30 08:30:00,4.983223448577972,5.132720152035311
TX_2,2012-05-30 09:00:00,4.912165089724674,5.059530042416414
TX_2,2012-05-30 09:30:00,6.6634148534933235,6.8633172990981235
TX_2,2012-05-30 10:00:00,5.861908775229653,6.037766038486542
TX_2,2012-05-30 10:30:00,4.436089704613458,4.569172395751862
TX_2,2012-05-30 11:00:00,4.613799285587112,4.752213264154726
TX_2,2012-05-30 11:30:00,5.967527731998459,6.146553563958412
TX_2,2012-05-30 12:00:00,8.343242774482542,8.593540057717018
TX_2,2012-05-30 12:30:00,6.07307577095773,6.255268044086462
TX_2,2012-05-30 13:00:00,6.0391149234186035,6.220288371121161
TX_2,2012-05-30 13:30:00,5.08533435825269,5.237894389000271
TX_2,2012-05-30 14:00:00,5.040385949838192,5.191597528333338
TX_2,2012-05-30 14:30:00,5.635416332137502,5.804478822101627
TX_2,2012-05-30 15:00:00,4.7096593666900315,4.8509491476907325
TX_2,2012-05-30 15:30:00,3.9726423785066474,4.0918216498618465
TX_2,2012-05-30 16:00:00,5.794999323922561,5.968849303640238
TX_2,2012-05-30 16:30:00,7.116424201158317,7.329916927193067
TX_2,2012-05-30 17:00:00,11.64322217870393,11.992518844065048
TX_2,2012-05-30 17:30:00,8.697039771060359,8.95795096419217
TX_2,2012-05-30 18:00:00,8.167570018797573,8.4125971193615
TX_2,2012-05-30 18:30:00,6.998514840513443,7.208470285728846
TX_2,2012-05-30 19:00:00,6.1318225374061885,6.315777213528374
TX_2,2012-05-30 19:30:00,5.510099853815724,5.6754028494301965
TX_2,2012-05-30 20:00:00,8.91352309396294,9.180928786781829
TX_2,2012-05-30 20:30:00,9.813507178396355,10.107912393748245
TX_2,2012-05-30 21:00:00,8.969627386153636,9.238716207738246
TX_2,2012-05-30 21:30:00,7.946526724253723,8.184922525981335
TX_2,2012-05-30 22:00:00,7.2718635494385335,7.49001945592169
TX_2,2012-05-30 22:30:00,8.063106975144441,8.305000184398775
TX_2,2012-05-30 23:00:00,7.61442572796992,7.842858499809018
TX_2,2012-05-30 23:30:00,4.839783321999228,4.984976821659205
TX_2,2012-05-31 00:00:00,3.6760979071885047,3.78638084440416
TX_2,2012-05-31 00:30:00,3.077682576267953,3.170013053555992
TX_2,2012-05-31 01:00:00,3.829863561477001,3.944759468321311
TX_2,2012-05-31 01:30:00,3.3406047750940644,3.4408229183468864
TX_2,2012-05-31 02:00:00,3.0763150700831945,3.1686045221856904
TX_2,2012-05-31 02:30:00,3.402157216817089,3.5042219333216016
TX_2,2012-05-31 03:00:00,3.524807618738264,3.630551847300412
TX_2,2012-05-31 03:30:00,2.732834742697903,2.81481978497884
TX_2,2012-05-31 04:00:00,2.860824094454211,2.9466488172878376
TX_2,2012-05-31 04:30:00,4.437188231868727,4.570303878824789
TX_2,2012-05-31 05:00:00,4.0536941340391595,4.175304958060335
TX_2,2012-05-31 05:30:00,4.647214534988116,4.786630971037759
TX_2,2012-05-31 06:00:00,7.2200574677890605,7.4366591918227325
TX_2,2012-05-31 06:30:00,5.967588349635686,6.146616000124757
TX_2,2012-05-31 07:00:00,6.08424855463343,6.266776011272434
TX_2,2012-05-31 07:30:00,4.812072292039718,4.95643446080091
TX_2,2012-05-31 08:00:00,4.768874813711246,4.911941058122584
TX_2,2012-05-31 08:30:00,4.99073819472167,5.140460340563321
TX_2,2012-05-31 09:00:00,8.523721253403847,8.779432891005962
TX_2,2012-05-31 09:30:00,5.983752989020965,6.163265578691593
TX_2,2012-05-31 10:00:00,5.552509814177458,5.719085108602782
TX_2,2012-05-31 10:30:00,4.143855217135147,4.2681708736492014
TX_2,2012-05-31 11:00:00,4.9882103378188,5.137856647953364
TX_2,2012-05-31 11:30:00,5.244634628536071,5.401973667392153
TX_2,2012-05-31 12:00:00,6.310321393997989,6.499631035817929
TX_2,2012-05-31 12:30:00,3.7354266283058584,3.8474894271550344
TX_2,2012-05-31 13:00:00,4.098572707295276,4.221529888514134
TX_2,2012-05-31 13:30:00,4.612384361734681,4.750755892586722
TX_2,2012-05-31 14:00:00,4.966265192950026,5.115253148738526
TX_2,2012-05-31 14:30:00,3.8312554138545143,3.94619307627015
TX_2,2012-05-31 15:00:00,4.907858782058065,5.055094545519807
TX_2,2012-05-31 15:30:00,7.761650402435067,7.994499914508119
TX_2,2012-05-31 16:00:00,5.7692862422238225,5.942364829490537
TX_2,2012-05-31 16:30:00,5.883903153547989,6.060420248154428
TX_2,2012-05-31 17:00:00,6.436175614259302,6.629260882687081
TX_2,2012-05-31 17:30:00,5.615832131264911,5.784307095202859
TX_2,2012-05-31 18:00:00,7.364247129608117,7.58517454349636
TX_2,2012-05-31 18:30:00,6.463481558132616,6.657386004876595
TX_2,2012-05-31 19:00:00,8.564440143088477,8.821373347381131
TX_2,2012-05-31 19:30:00,7.008450944872309,7.218704473218478
TX_2,2012-05-31 20:00:00,6.708463487058679,6.90971739167044
TX_2,2012-05-31 20:30:00,8.063945431833885,8.305863794788902
TX_2,2012-05-31 21:00:00,5.914176664601969,6.091601964540029
TX_2,2012-05-31 21:30:00,7.117890444178114,7.331427157503457
TX_2,2012-05-31 22:00:00,6.166267030992765,6.351255041922548
TX_2,2012-05-31 22:30:00,6.649764612329621,6.84925755069951
TX_2,2012-05-31 23:00:00,5.182655776637217,5.338135449936334
TX_2,2012-05-31 23:30:00,4.505017967143122,4.640168506157416
TX_2,2012-06-01 00:00:00,4.126805752058611,4.2506099246203695
TX_2,2012-06-01 00:30:00,3.906737291649352,4.023939410398833
TX_2,2012-06-01 01:00:00,3.519992813681569,3.625592598092016
TX_2,2012-06-01 01:30:00,3.854873363748148,3.9705195646605924
TX_2,2012-06-01 02:00:00,3.268379072559375,3.366430444736156
TX_2,2012-06-01 02:30:00,3.545560317758007,3.6519271272907474
TX_2,2012-06-01 03:00:00,4.25007007017496,4.377572172280209
TX_2,2012-06-01 03:30:00,3.0280621581136553,3.1189040228570653
TX_2,2012-06-01 04:00:00,3.1995010838080846,3.2954861163223272
TX_2,2012-06-01 04:30:00,4.282742017671472,4.411224278201616
TX_2,2012-06-01 05:00:00,4.41000583761095,4.542306012739279
TX_2,2012-06-01 05:30:00,4.154431147838003,4.279064082273143
TX_2,2012-06-01 06:00:00,3.9017913237682036,4.018845063481249
TX_2,2012-06-01 06:30:00,5.050914152265338,5.202441576833298
TX_2,2012-06-01 07:00:00,4.6732436872381555,4.8134409978553006
TX_2,2012-06-01 07:30:00,7.937132607243408,8.17524658546071
TX_2,2012-06-01 08:00:00,5.6379868083583915,5.8071264126091435
TX_2,2012-06-01 08:30:00,6.733614655374536,6.935623095035773
TX_2,2012-06-01 09:00:00,7.541164229234352,7.767399156111383
TX_2,2012-06-01 09:30:00,4.543552331439769,4.679858901382962
TX_2,2012-06-01 10:00:00,6.67137429043705,6.871515519150162
TX_2,2012-06-01 10:30:00,4.659929384758318,4.799727266301067
TX_2,2012-06-01 11:00:00,6.473524164679393,6.667729889619775
TX_2,2012-06-01 11:30:00,6.540992069097418,6.7372218311703405
TX_2,2012-06-01 12:00:00,6.353297969024154,6.543896908094879
TX_2,2012-06-01 12:30:00,5.5097167292177565,5.6750082310942895
TX_2,2012-06-01 13:00:00,8.343567482654098,8.593874507133721
TX_2,2012-06-01 13:30:00,8.116206687227793,8.359692887844627
TX_2,2012-06-01 14:00:00,8.536390478424801,8.792482192777545
TX_2,2012-06-01 14:30:00,6.655127182577808,6.854780998055142
TX_2,2012-06-01 15:00:00,5.786110626990028,5.959693945799729
TX_2,2012-06-01 15:30:00,5.919818583213679,6.09741314071009
TX_2,2012-06-01 16:00:00,6.160222181586934,6.345028847034542
TX_2,2012-06-01 16:30:00,5.501557312367168,5.666604031738183
TX_2,2012-06-01 17:00:00,6.6581592810338295,6.857904059464844
TX_2,2012-06-01 17:30:00,6.652076719508062,6.8516390210933045
TX_2,2012-06-01 18:00:00,10.31680120313435,10.626305239228381
TX_2,2012-06-01 18:30:00,11.762360856207646,12.115231681893876
TX_2,2012-06-01 19:00:00,6.693645881592521,6.8944552580402965
TX_2,2012-06-01 19:30:00,5.906132032072408,6.083315993034581
TX_2,2012-06-01 20:00:00,6.573555260635625,6.770761918454694
TX_2,2012-06-01 20:30:00,7.521816117308831,7.7474706008280965
TX_2,2012-06-01 21:00:00,9.977672374543587,10.277002545779895
TX_2,2012-06-01 21:30:00,8.419462363078745,8.672046233971107
TX_2,2012-06-01 22:00:00,5.68044939204494,5.850862873806288
TX_2,2012-06-01 22:30:00,5.911886196056164,6.089242781937849
TX_2,2012-06-01 23:00:00,5.555955692759846,5.7226343635426415
TX_2,2012-06-01 23:30:00,5.212013975531317,5.368374394797256
TX_2,2012-06-02 00:00:00,4.0129668983497275,4.13335590530022
TX_2,2012-06-02 00:30:00,3.245454451093235,3.342818084626032
TX_2,2012-06-02 01:00:00,3.497732922836088,3.6026649105211708
TX_2,2012-06-02 01:30:00,3.214579053462803,3.311016425066687
TX_2,2012-06-02 02:00:00,3.2532524852099045,3.3508500597662016
TX_2,2012-06-02 02:30:00,3.3422121113079366,3.442478474647175
TX_2,2012-06-02 03:00:00,3.246932407704784,3.3443403799359275
TX_2,2012-06-02 03:30:00,2.9692029811708123,3.058279070605937
TX_2,2012-06-02 04:00:00,3.165807345872266,3.260781566248434
TX_2,2012-06-02 04:30:00,3.7830079996896737,3.8964982396803642
TX_2,2012-06-02 05:00:00,3.5922039877920047,3.6999701074257647
TX_2,2012-06-02 05:30:00,3.108064914363659,3.2013068617945692
TX_2,2012-06-02 06:00:00,3.226629337753181,3.3234282178857764
TX_2,2012-06-02 06:30:00,3.488948440305792,3.593616893514966
TX_2,2012-06-02 07:00:00,4.589697688010212,4.727388618650518
TX_2,2012-06-02 07:30:00,5.161655116667065,5.316504770167077
TX_2,2012-06-02 08:00:00,5.440387514066855,5.603599139488861
TX_2,2012-06-02 08:30:00,5.409694978522329,5.571985827877999
TX_2,2012-06-02 09:00:00,5.923024371896581,6.100715103053479
TX_2,2012-06-02 09:30:00,7.096999728642086,7.309909720501349
TX_2,2012-06-02 10:00:00,5.711197504984065,5.882533430133587
TX_2,2012-06-02 10:30:00,5.9655044475336965,6.144469580959708
TX_2,2012-06-02 11:00:00,7.733773212070264,7.965786408432372
TX_2,2012-06-02 11:30:00,7.454162291985588,7.677787160745155
TX_2,2012-06-02 12:00:00,8.957108354367435,9.225821604998458
TX_2,2012-06-02 12:30:00,7.686587151964649,7.917184766523589
TX_2,2012-06-02 13:00:00,7.2377340075592675,7.4548660277860455
TX_2,2012-06-02 13:30:00,4.663598342850139,4.803506293135643
TX_2,2012-06-02 14:00:00,5.286271621304722,5.4448597699438634
TX_2,2012-06-02 14:30:00,4.463921242567837,4.597838879844872
TX_2,2012-06-02 15:00:00,4.919188903873513,5.066764570989719
TX_2,2012-06-02 15:30:00,5.191902482122082,5.347659556585744
TX_2,2012-06-02 16:00:00,6.205374494765185,6.391535729608141
TX_2,2012-06-02 16:30:00,4.664597679084876,4.804535609457423
TX_2,2012-06-02 17:00:00,4.544297996409691,4.680626936301982
TX_2,2012-06-02 17:30:00,5.448612662127901,5.612071041991738
TX_2,2012-06-02 18:00:00,5.5759534845478855,5.743232089084322
TX_2,2012-06-02 18:30:00,5.783404543992139,5.956906680311904
TX_2,2012-06-02 19:00:00,6.318146638201267,6.507691037347306
TX_2,2012-06-02 19:30:00,4.994335876013932,5.14416595229435
TX_2,2012-06-02 20:00:00,6.786578338390543,6.9901756885422595
TX_2,2012-06-02 20:30:00,6.962039652598954,7.170900842176923
TX_2,2012-06-02 21:00:00,7.067520390416041,7.279546002128522
TX_2,2012-06-02 21:30:00,6.4111604139851615,6.603495226404717
TX_2,2012-06-02 22:00:00,5.959025516214155,6.13779628170058
TX_2,2012-06-02 22:30:00,5.414614424029384,5.577052856750266
TX_2,2012-06-02 23:00:00,4.944103682592126,5.09242679306989
TX_2,2012-06-02 23:30:00,4.047277851479283,4.168696187023661
TX_2,2012-06-03 00:00:00,3.922947380979815,4.040635802409209
TX_2,2012-06-03 00:30:00,3.6832781867157895,3.7937765323172634
TX_2,2012-06-03 01:00:00,3.495618888303609,3.600487454952717
TX_2,2012-06-03 01:30:00,3.3033595693605857,3.4024603564414035
TX_2,2012-06-03 02:00:00,3.0491094620572765,3.140582745918995
TX_2,2012-06-03 02:30:00,3.5039423885563474,3.609060660213038
TX_2,2012-06-03 03:00:00,3.2032986658240263,3.2993976257987474
TX_2,2012-06-03 03:30:00,2.6182983668284887,2.6968473178333436
TX_2,2012-06-03 04:00:00,3.0156508910979305,3.1061204178308683
TX_2,2012-06-03 04:30:00,2.6587089994976063,2.7384702694825345
TX_2,2012-06-03 05:00:00,3.3250950136414548,3.4248478640506983
TX_2,2012-06-03 05:30:00,4.022366720993257,4.143037722623054
TX_2,2012-06-03 06:00:00,3.5455807914491935,3.6519482151926694
TX_2,2012-06-03 06:30:00,3.9087519354532163,4.026014493516813
TX_2,2012-06-03 07:00:00,4.754198578077296,4.896824535419615
TX_2,2012-06-03 07:30:00,5.2819689101175005,5.440427977421026
TX_2,2012-06-03 08:00:00,6.057547265157477,6.239273683112201
TX_2,2012-06-03 08:30:00,5.434344206627506,5.597374532826331
TX_2,2012-06-03 09:00:00,7.499711844991079,7.724703200340812
TX_2,2012-06-03 09:30:00,8.177802831508581,8.423136916453839
TX_2,2012-06-03 10:00:00,8.14647950420833,8.39087388933458
TX_2,2012-06-03 10:30:00,7.506910397340089,7.732117709260292
TX_2,2012-06-03 11:00:00,8.27389712660211,8.522114040400174
TX_2,2012-06-03 11:30:00,5.662897070971322,5.832783983100462
TX_2,2012-06-03 12:00:00,7.354221114716064,7.574847748157546
TX_2,2012-06-03 12:30:00,8.605868814042804,8.864044878464089
TX_2,2012-06-03 13:00:00,7.28754965979937,7.506176149593351
TX_2,2012-06-03 13:30:00,6.108335465420483,6.291585529383098
TX_2,2012-06-03 14:00:00,6.53012998355058,6.726033883057098
TX_2,2012-06-03 14:30:00,6.62225184715632,6.820919402571009
TX_2,2012-06-03 15:00:00,7.779201203076122,8.012577239168406
TX_2,2012-06-03 15:30:00,7.418725741887747,7.64128751414438
TX_2,2012-06-03 16:00:00,8.619997433939616,8.878597356957805
TX_2,2012-06-03 16:30:00,11.643980749160331,11.993300171635141
TX_2,2012-06-03 17:00:00,9.072397827489704,9.344569762314395
TX_2,2012-06-03 17:30:00,10.635433105465973,10.954496098629953
TX_2,2012-06-03 18:00:00,12.652860247513749,13.032446054939161
TX_2,2012-06-03 18:30:00,9.704439271470221,9.995572449614329
TX_2,2012-06-03 19:00:00,9.677394338515246,9.967716168670703
TX_2,2012-06-03 19:30:00,7.889245643178884,8.125923012474251
TX_2,2012-06-03 20:00:00,8.811465691244466,9.0758096619818
TX_2,2012-06-03 20:30:00,6.534832074230379,6.73087703645729
TX_2,2012-06-03 21:00:00,7.5672833096169,7.7943018089054075
TX_2,2012-06-03 21:30:00,6.5533087524802145,6.749908015054621
TX_2,2012-06-03 22:00:00,5.392073430545616,5.5538356334619845
TX_2,2012-06-03 22:30:00,5.206784520986963,5.3629880566165715
TX_2,2012-06-03 23:00:00,4.609315549443893,4.747595015927209
TX_2,2012-06-03 23:30:00,3.9280606925593435,4.045902513336124
TX_2,2012-06-04 00:00:00,4.114662475516622,4.23810234978212
TX_2,2012-06-04 00:30:00,3.876427390190654,3.9927202118963736
TX_2,2012-06-04 01:00:00,3.2193022459299305,3.3158813133078286
TX_2,2012-06-04 01:30:00,3.1063558006399106,3.199546474659108
TX_2,2012-06-04 02:00:00,3.80632408041655,3.9205138028290465
TX_2,2012-06-04 02:30:00,4.290076024727861,4.418778305469696
TX_2,2012-06-04 03:00:00,4.121319379006161,4.244958960376346
TX_2,2012-06-04 03:30:00,3.5568173481378085,3.6635218685819426
TX_2,2012-06-04 04:00:00,2.887220551446976,2.9738371679903857
TX_2,2012-06-04 04:30:00,2.9934280094834045,3.0832308497679066
TX_2,2012-06-04 05:00:00,2.756046790238613,2.8387281939457716
TX_2,2012-06-04 05:30:00,2.955220073948248,3.0438766761666955
TX_2,2012-06-04 06:00:00,3.291060438552526,3.389792251709102
TX_2,2012-06-04 06:30:00,4.330458485147731,4.4603722397021635
TX_2,2012-06-04 07:00:00,4.132519883342021,4.256495479842282
TX_2,2012-06-04 07:30:00,3.739642111776965,3.851831375130274
TX_2,2012-06-04 08:00:00,4.687259486888288,4.827877271494937
TX_2,2012-06-04 08:30:00,5.929337171991214,6.1072172871509505
TX_2,2012-06-04 09:00:00,6.746809688206251,6.9492139788524385
TX_2,2012-06-04 09:30:00,6.418804638625797,6.6113687777845715
TX_2,2012-06-04 10:00:00,7.207450357779531,7.4236738685129176
TX_2,2012-06-04 10:30:00,7.82004377575283,8.054645089025415
TX_2,2012-06-04 11:00:00,9.567063549467747,9.85407545595178
TX_2,2012-06-04 11:30:00,8.150672922213262,8.39519310987966
TX_2,2012-06-04 12:00:00,7.74811863607135,7.980562195153491
TX_2,2012-06-04 12:30:00,8.282922027982139,8.531409688821602
TX_2,2012-06-04 13:00:00,10.41126172832693,10.723599580176739
TX_2,2012-06-04 13:30:00,10.581631951895742,10.899080910452614
TX_2,2012-06-04 14:00:00,8.902232823557432,9.169299808264155
TX_2,2012-06-04 14:30:00,7.439329965982962,7.662509864962451
TX_2,2012-06-04 15:00:00,6.501439466924215,6.696482650931942
TX_2,2012-06-04 15:30:00,6.073640599447617,6.255849817431046
TX_2,2012-06-04 16:00:00,6.758732993245602,6.961494983042971
TX_2,2012-06-04 16:30:00,6.9314104506263785,7.13935276414517
TX_2,2012-06-04 17:00:00,8.334256552820802,8.584284249405426
TX_2,2012-06-04 17:30:00,7.602044454090034,7.830105787712736
TX_2,2012-06-04 18:00:00,7.582691167297185,7.8101719023161005
TX_2,2012-06-04 18:30:00,7.243140390585397,7.46043460230296
TX_2,2012-06-04 19:00:00,7.375675918720547,7.596946196282164
TX_2,2012-06-04 19:30:00,6.157007304941585,6.341717524089833
TX_2,2012-06-04 20:00:00,6.508195125626906,6.7034409793957135
TX_2,2012-06-04 20:30:00,6.263907849331318,6.451825084811258
TX_2,2012-06-04 21:00:00,7.091933093193914,7.304691085989732
TX_2,2012-06-04 21:30:00,6.462290754529949,6.656159477165848
TX_2,2012-06-04 22:00:00,7.552625019466043,7.7792037700500245
TX_2,2012-06-04 22:30:00,6.874321635065735,7.080551284117708
TX_2,2012-06-04 23:00:00,5.949409422965035,6.127891705653986
TX_2,2012-06-04 23:30:00,7.341429340931186,7.561672221159122
TX_2,2012-06-05 00:00:00,5.669363477288443,5.8394443816070964
TX_2,2012-06-05 00:30:00,3.605288823111871,3.7134474878052273
TX_2,2012-06-05 01:00:00,3.172298617738973,3.2674675762711423
TX_2,2012-06-05 01:30:00,4.8686426240632334,5.014701902785131
TX_2,2012-06-05 02:00:00,3.581542419741063,3.688988692333295
TX_2,2012-06-05 02:30:00,3.4753043500681264,3.57956348057017
TX_2,2012-06-05 03:00:00,3.8996123790565544,4.0166007504282515
TX_2,2012-06-05 03:30:00,2.7999222490745472,2.883919916546784
TX_2,2012-06-05 04:00:00,2.7313639789102298,2.813304898277537
TX_2,2012-06-05 04:30:00,4.012139461388084,4.132503645229726
TX_2,2012-06-05 05:00:00,4.765040056842833,4.907991258548118
TX_2,2012-06-05 05:30:00,3.363751632934234,3.464664181922261
TX_2,2012-06-05 06:00:00,3.7774184101589863,3.890740962463756
TX_2,2012-06-05 06:30:00,4.660262324396081,4.800070194127963
TX_2,2012-06-05 07:00:00,3.8251988210013015,3.9399547856313406
TX_2,2012-06-05 07:30:00,4.137297809683476,4.261416743973981
TX_2,2012-06-05 08:00:00,4.196710279283726,4.322611587662238
TX_2,2012-06-05 08:30:00,4.834790410268901,4.9798341225769684
TX_2,2012-06-05 09:00:00,6.1411308982290524,6.3253648251759245
TX_2,2012-06-05 09:30:00,10.188195758194997,10.493841630940848
TX_2,2012-06-05 10:00:00,7.874893947815576,8.111140766250044
TX_2,2012-06-05 10:30:00,4.37134769067819,4.502488121398536
TX_2,2012-06-05 11:00:00,5.71028308103023,5.8815915734611375
TX_2,2012-06-05 11:30:00,8.018135736151937,8.258679808236495
TX_2,2012-06-05 12:00:00,5.046479037872232,5.197873409008399
TX_2,2012-06-05 12:30:00,6.339946673354222,6.5301450735548485
TX_2,2012-06-05 13:00:00,6.578812602547854,6.77617698062429
TX_2,2012-06-05 13:30:00,6.4143148526531535,6.606744298232749
TX_2,2012-06-05 14:00:00,6.873711336765659,7.079922676868629
TX_2,2012-06-05 14:30:00,6.953335921028228,7.161935998659075
TX_2,2012-06-05 15:00:00,7.421346867941538,7.643987273979785
TX_2,2012-06-05 15:30:00,7.93933218213313,8.177512147597124
TX_2,2012-06-05 16:00:00,6.66024166340353,6.860048913305636
TX_2,2012-06-05 16:30:00,6.183016528357992,6.368507024208732
TX_2,2012-06-05 17:00:00,6.261272298649115,6.449110467608588
TX_2,2012-06-05 17:30:00,7.028384097534264,7.239235620460292
TX_2,2012-06-05 18:00:00,7.621643995922641,7.850293315800321
TX_2,2012-06-05 18:30:00,7.195457230082242,7.41132094698471
TX_2,2012-06-05 19:00:00,6.996240301463134,7.206127510507028
TX_2,2012-06-05 19:30:00,7.61553101281236,7.843996943196731
TX_2,2012-06-05 20:00:00,6.854376163545355,7.060007448451716
TX_2,2012-06-05 20:30:00,6.425955066698012,6.6187337186989526
TX_2,2012-06-05 21:00:00,6.69962887450035,6.900617740735361
TX_2,2012-06-05 21:30:00,6.5838001785143625,6.781314183869793
TX_2,2012-06-05 22:00:00,8.263950807139096,8.51186933135327
TX_2,2012-06-05 22:30:00,4.986776891363874,5.13638019810479
TX_2,2012-06-05 23:00:00,5.492675891909709,5.657456168667
TX_2,2012-06-05 23:30:00,4.855471497558267,5.001135642485015
TX_2,2012-06-06 00:00:00,4.090388786291099,4.213100449879832
TX_2,2012-06-06 00:30:00,3.393980758630006,3.495800181388906
TX_2,2012-06-06 01:00:00,3.9988431691456046,4.118808464219973
TX_2,2012-06-06 01:30:00,3.955319617223897,4.073979205740614
TX_2,2012-06-06 02:00:00,3.4899325352076587,3.5946305112638886
TX_2,2012-06-06 02:30:00,4.3263962395072,4.456188126692416
TX_2,2012-06-06 03:00:00,3.619091846741837,3.7276646021440922
TX_2,2012-06-06 03:30:00,3.07247385316048,3.1646480687552945
TX_2,2012-06-06 04:00:00,4.401791852573963,4.533845608151182
TX_2,2012-06-06 04:30:00,3.6567328162387405,3.7664348007259028
TX_2,2012-06-06 05:00:00,3.0748647699390395,3.1671107130372107
TX_2,2012-06-06 05:30:00,4.304433216712731,4.433566213214113
TX_2,2012-06-06 06:00:00,3.828283571540177,3.943132078686382
TX_2,2012-06-06 06:30:00,4.574700319858938,4.711941329454707
TX_2,2012-06-06 07:00:00,4.164407591113685,4.289339818847096
TX_2,2012-06-06 07:30:00,4.845162346178223,4.99051721656357
TX_2,2012-06-06 08:00:00,5.6907198101232765,5.861441404426975
TX_2,2012-06-06 08:30:00,5.376943463511037,5.5382517674163685
TX_2,2012-06-06 09:00:00,6.60857634336629,6.806833633667279
TX_2,2012-06-06 09:30:00,5.989171633687231,6.168846782697848
TX_2,2012-06-06 10:00:00,5.984336138357536,6.163866222508262
TX_2,2012-06-06 10:30:00,7.782265189145841,8.015733144820217
TX_2,2012-06-06 11:00:00,4.943499002472119,5.091803972546282
TX_2,2012-06-06 11:30:00,5.25570754564728,5.413378772016699
TX_2,2012-06-06 12:00:00,6.994947314936058,7.20479573438414
TX_2,2012-06-06 12:30:00,4.9842212934476136,5.133747932251042
TX_2,2012-06-06 13:00:00,5.909882049469729,6.087178510953821
TX_2,2012-06-06 13:30:00,6.570431990602646,6.767544950320726
TX_2,2012-06-06 14:00:00,5.38332631885936,5.5448261084251405
TX_2,2012-06-06 14:30:00,4.646117284261699,4.78550080278955
TX_2,2012-06-06 15:00:00,4.492794487579112,4.627578322206485
TX_2,2012-06-06 15:30:00,4.826710024560855,4.971511325297681
TX_2,2012-06-06 16:00:00,5.007159075004236,5.157373847254363
TX_2,2012-06-06 16:30:00,6.715442587941227,6.916905865579464
TX_2,2012-06-06 17:00:00,6.28224552793053,6.470712893768446
TX_2,2012-06-06 17:30:00,4.787941772188637,4.931580025354296
TX_2,2012-06-06 18:00:00,4.562296565201259,4.699165462157297
TX_2,2012-06-06 18:30:00,4.446151362501585,4.579535903376632
TX_2,2012-06-06 19:00:00,5.322317148797585,5.481986663261512
TX_2,2012-06-06 19:30:00,5.97114482238654,6.1502791670581365
TX_2,2012-06-06 20:00:00,8.31916959268997,8.56874468047067
TX_2,2012-06-06 20:30:00,8.325169368934551,8.574924450002587
TX_2,2012-06-06 21:00:00,8.029696573741955,8.270587470954213
TX_2,2012-06-06 21:30:00,8.25564717629004,8.503316591578741
TX_2,2012-06-06 22:00:00,7.2864934069922525,7.50508820920202
TX_2,2012-06-06 22:30:00,5.614150994555018,5.782575524391669
TX_2,2012-06-06 23:00:00,5.285707857677076,5.444279093407389
TX_2,2012-06-06 23:30:00,4.166594495130138,4.2915923299840415
TX_2,2012-06-07 00:00:00,3.7715308903419014,3.8846768170521586
TX_2,2012-06-07 00:30:00,4.197389542704182,4.3233112289853075
TX_2,2012-06-07 01:00:00,3.188780896226145,3.2844443231129294
TX_2,2012-06-07 01:30:00,3.370932107193909,3.4720600704097264
TX_2,2012-06-07 02:00:00,3.3270650375683335,3.4268769886953834
TX_2,2012-06-07 02:30:00,3.103012729080275,3.1961031109526834
TX_2,2012-06-07 03:00:00,3.5945818324432,3.702419287416496
TX_2,2012-06-07 03:30:00,3.0321301333978115,3.123094037399746
TX_2,2012-06-07 04:00:00,3.012683946011508,3.1030644643918532
TX_2,2012-06-07 04:30:00,4.138928485351394,4.263096339911936
TX_2,2012-06-07 05:00:00,4.710333945923065,4.851643964300757
TX_2,2012-06-07 05:30:00,3.872775849873348,3.9889591253695484
TX_2,2012-06-07 06:00:00,3.6095300959103094,3.7178159987876187
TX_2,2012-06-07 06:30:00,4.555748185506418,4.69242063107161
TX_2,2012-06-07 07:00:00,4.1170668291710255,4.240578834046157
TX_2,2012-06-07 07:30:00,4.886628379926428,5.033227231324221
TX_2,2012-06-07 08:00:00,4.353780651724443,4.484394071276176
TX_2,2012-06-07 08:30:00,4.991822881568831,5.141577568015896
TX_2,2012-06-07 09:00:00,5.11109355776316,5.264426364496055
TX_2,2012-06-07 09:30:00,3.7724332094528314,3.8856062057364165
TX_2,2012-06-07 10:00:00,6.426304215156955,6.619093341611665
TX_2,2012-06-07 10:30:00,5.312579283018348,5.471956661508899
TX_2,2012-06-07 11:00:00,5.167735350438445,5.322767410951599
TX_2,2012-06-07 11:30:00,4.293188493760672,4.421984148573492
TX_2,2012-06-07 12:00:00,4.978672567221969,5.128032744238628
TX_2,2012-06-07 12:30:00,5.042880446228801,5.194166859615665
TX_2,2012-06-07 13:00:00,6.30834439151182,6.497594723257175
TX_2,2012-06-07 13:30:00,6.417704593690314,6.610235731501024
TX_2,2012-06-07 14:00:00,5.740090511925992,5.912293227283771
TX_2,2012-06-07 14:30:00,6.392370308044695,6.584141417286037
TX_2,2012-06-07 15:00:00,8.663729968595009,8.92364186765286
TX_2,2012-06-07 15:30:00,9.387982541878086,9.66962201813443
TX_2,2012-06-07 16:00:00,10.069256269583088,10.371333957670581
TX_2,2012-06-07 16:30:00,11.42383741308231,11.76655253547478
TX_2,2012-06-07 17:00:00,8.087970175304054,8.330609280563175
TX_2,2012-06-07 17:30:00,7.542079177030635,7.768341552341554
TX_2,2012-06-07 18:00:00,8.373824331989535,8.625039061949222
TX_2,2012-06-07 18:30:00,11.002595026409601,11.332672877201889
TX_2,2012-06-07 19:00:00,10.790827878978744,11.114552715348108
TX_2,2012-06-07 19:30:00,13.219982736574389,13.61658221867162
TX_2,2012-06-07 20:00:00,12.450480513518727,12.82399492892429
TX_2,2012-06-07 20:30:00,9.045046425625115,9.316397818393868
TX_2,2012-06-07 21:00:00,8.676274576628618,8.936562813927477
TX_2,2012-06-07 21:30:00,8.612124382229265,8.870488113696142
TX_2,2012-06-07 22:00:00,8.892593106470503,9.15937089966462
TX_2,2012-06-07 22:30:00,5.832836132403286,6.007821216375385
TX_2,2012-06-07 23:00:00,5.522540254185102,5.688216461810655
TX_2,2012-06-07 23:30:00,4.994557115042883,5.14439382849417
TX_2,2012-06-08 00:00:00,3.9991717160903324,4.1191468675730425
TX_2,2012-06-08 00:30:00,3.715891941755428,3.827368700008091
TX_2,2012-06-08 01:00:00,3.7200606655154584,3.8316624854809223
TX_2,2012-06-08 01:30:00,4.246350369932828,4.373740881030813
TX_2,2012-06-08 02:00:00,2.829318327316768,2.9141978771362713
TX_2,2012-06-08 02:30:00,4.095430886285131,4.218293812873685
TX_2,2012-06-08 03:00:00,3.4693968434685707,3.573478748772628
TX_2,2012-06-08 03:30:00,2.8611412198668917,2.9469754564628987
TX_2,2012-06-08 04:00:00,3.1670696654328108,3.262081755395795
TX_2,2012-06-08 04:30:00,5.80589903775034,5.98007600888285
TX_2,2012-06-08 05:00:00,4.814533372876319,4.958969374062609
TX_2,2012-06-08 05:30:00,3.791682430467077,3.9054329033810893
TX_2,2012-06-08 06:00:00,4.116278444658848,4.239766797998613
TX_2,2012-06-08 06:30:00,5.013479988453968,5.163884388107587
TX_2,2012-06-08 07:00:00,4.217687361468514,4.34421798231257
TX_2,2012-06-08 07:30:00,5.337366111101423,5.497487094434465
TX_2,2012-06-08 08:00:00,9.845241392495812,10.140598634270686
TX_2,2012-06-08 08:30:00,9.626033083202357,9.914814075698427
TX_2,2012-06-08 09:00:00,7.85264537895307,8.088224740321662
TX_2,2012-06-08 09:30:00,8.47980584224986,8.734200017517356
TX_2,2012-06-08 10:00:00,5.045745960003189,5.197118338803285
TX_2,2012-06-08 10:30:00,8.078935656310573,8.321303725999892
TX_2,2012-06-08 11:00:00,5.321706280538007,5.4813574689541475
TX_2,2012-06-08 11:30:00,5.067564310238553,5.21959123954571
TX_2,2012-06-08 12:00:00,6.016758469026514,6.19726122309731
TX_2,2012-06-08 12:30:00,5.493209879170349,5.65800617554546
TX_2,2012-06-08 13:00:00,6.02661192053705,6.207410278153162
TX_2,2012-06-08 13:30:00,6.845975215162278,7.051354471617147
TX_2,2012-06-08 14:00:00,7.499065962812429,7.7240379416968015
TX_2,2012-06-08 14:30:00,6.9071681172611425,7.114383160778977
TX_2,2012-06-08 15:00:00,6.608989293087952,6.807258971880591
TX_2,2012-06-08 15:30:00,6.092479342855244,6.275253723140901
TX_2,2012-06-08 16:00:00,9.10392524859444,9.377043006052274
TX_2,2012-06-08 16:30:00,7.358295475649092,7.579044339918565
TX_2,2012-06-08 17:00:00,5.2369972544880525,5.394107172122694
TX_2,2012-06-08 17:30:00,6.087799916602435,6.270433914100509
TX_2,2012-06-08 18:00:00,7.87410118474968,8.11032422029217
TX_2,2012-06-08 18:30:00,7.790795226165444,8.024519082950407
TX_2,2012-06-08 19:00:00,8.803648222795857,9.067757669479732
TX_2,2012-06-08 19:30:00,6.841132591276702,7.046366569015004
TX_2,2012-06-08 20:00:00,5.793980030035253,5.967799430936311
TX_2,2012-06-08 20:30:00,6.290207475403549,6.478913699665656
TX_2,2012-06-08 21:00:00,6.212669347247177,6.399049427664592
TX_2,2012-06-08 21:30:00,9.083405641283143,9.355907810521638
TX_2,2012-06-08 22:00:00,6.634694511680202,6.833735347030608
TX_2,2012-06-08 22:30:00,6.521961162264683,6.717619997132624
TX_2,2012-06-08 23:00:00,6.351683458174192,6.542233961919418
TX_2,2012-06-08 23:30:00,4.112036228055965,4.235397314897644
TX_2,2012-06-09 00:00:00,4.177936271833026,4.303274359988017
TX_2,2012-06-09 00:30:00,4.186215030338529,4.3118014812486845
TX_2,2012-06-09 01:00:00,3.336201338801709,3.43628737896576
TX_2,2012-06-09 01:30:00,3.168235289434544,3.2632823481175803
TX_2,2012-06-09 02:00:00,3.688695400544269,3.799356262560597
TX_2,2012-06-09 02:30:00,3.322930855885583,3.4226187815621505
TX_2,2012-06-09 03:00:00,3.3885143586808244,3.490169789441249
TX_2,2012-06-09 03:30:00,3.046475734562174,3.137870006599039
TX_2,2012-06-09 04:00:00,2.823921810654225,2.908639464973852
TX_2,2012-06-09 04:30:00,4.059591066844989,4.181378798850339
TX_2,2012-06-09 05:00:00,3.9262373599364504,4.044024480734544
TX_2,2012-06-09 05:30:00,3.0846114783631764,3.177149822714072
TX_2,2012-06-09 06:00:00,2.9126655645241,3.000045531459823
TX_2,2012-06-09 06:30:00,4.879935311227733,5.026333370564565
TX_2,2012-06-09 07:00:00,4.914347351386557,5.0617777719281545
TX_2,2012-06-09 07:30:00,3.8750379146505614,3.991289052090078
TX_2,2012-06-09 08:00:00,4.34141428226415,4.471656710732074
TX_2,2012-06-09 08:30:00,5.476834430996414,5.641139463926306
TX_2,2012-06-09 09:00:00,4.524641378512804,4.660380619868189
TX_2,2012-06-09 09:30:00,4.657111991692832,4.796825351443617
TX_2,2012-06-09 10:00:00,8.871517749329541,9.137663281809427
TX_2,2012-06-09 10:30:00,6.06393516518116,6.2458532201365955
TX_2,2012-06-09 11:00:00,5.553437860531267,5.720040996347206
TX_2,2012-06-09 11:30:00,5.178459983005705,5.333813782495877
TX_2,2012-06-09 12:00:00,6.4414935522666354,6.6347383588346345
TX_2,2012-06-09 12:30:00,10.176170150835024,10.481455255360075
TX_2,2012-06-09 13:00:00,8.617164663869652,8.875679603785741
TX_2,2012-06-09 13:30:00,8.510794742681568,8.766118584962015
TX_2,2012-06-09 14:00:00,6.070818575163496,6.252943132418402
TX_2,2012-06-09 14:30:00,5.137910402061454,5.2920477141232976
TX_2,2012-06-09 15:00:00,6.528009705558723,6.723849996725486
TX_2,2012-06-09 15:30:00,7.033193552948217,7.244189359536663
TX_2,2012-06-09 16:00:00,10.328992254042687,10.638862021663968
TX_2,2012-06-09 16:30:00,9.114431705545694,9.387864656712065
TX_2,2012-06-09 17:00:00,8.982449805505556,9.251923299670723
TX_2,2012-06-09 17:30:00,7.946383633521686,8.184775142527336
TX_2,2012-06-09 18:00:00,7.871281904416566,8.107420361549064
TX_2,2012-06-09 18:30:00,7.272942680524997,7.491130960940747
TX_2,2012-06-09 19:00:00,6.795484255647348,6.999348783316768
TX_2,2012-06-09 19:30:00,8.498490832759002,8.753445557741772
TX_2,2012-06-09 20:00:00,9.218156103880816,9.49470078699724
TX_2,2012-06-09 20:30:00,7.773530067813268,8.006735969847666
TX_2,2012-06-09 21:00:00,7.139341997968661,7.353522257907722
TX_2,2012-06-09 21:30:00,6.286273356289133,6.474861556977807
TX_2,2012-06-09 22:00:00,6.047838989005083,6.229274158675236
TX_2,2012-06-09 22:30:00,5.4741797534811045,5.638405146085538
TX_2,2012-06-09 23:00:00,4.596183855232169,4.734069370889134
TX_2,2012-06-09 23:30:00,4.848286553838882,4.993735150454048
TX_2,2012-06-10 00:00:00,5.186329270723896,5.341919148845613
TX_2,2012-06-10 00:30:00,3.8322562406663714,3.9472239278863626
TX_2,2012-06-10 01:00:00,2.9219021609024036,3.009559225729476
TX_2,2012-06-10 01:30:00,3.3507727033720482,3.45129588447321
TX_2,2012-06-10 02:00:00,2.8899521158646286,2.9766506793405676
TX_2,2012-06-10 02:30:00,3.8057588686600234,3.9199316347198243
TX_2,2012-06-10 03:00:00,3.133254419917754,3.227252052515287
TX_2,2012-06-10 03:30:00,2.9955206608361964,3.0853862806612824
TX_2,2012-06-10 04:00:00,2.9712966744894613,3.060435574724145
TX_2,2012-06-10 04:30:00,4.132784428825999,4.2567679616907785
TX_2,2012-06-10 05:00:00,3.292768340589453,3.3915513908071366
TX_2,2012-06-10 05:30:00,3.34235914981387,3.442629924308286
TX_2,2012-06-10 06:00:00,3.5743044733563822,3.681533607557074
TX_2,2012-06-10 06:30:00,3.678375082767171,3.788726335250186
TX_2,2012-06-10 07:00:00,3.9863162394462983,4.105905726629687
TX_2,2012-06-10 07:30:00,4.616985366597309,4.755494927595228
TX_2,2012-06-10 08:00:00,3.6787185736168073,3.7890801308253117
TX_2,2012-06-10 08:30:00,3.2166733914650205,3.313173593208971
TX_2,2012-06-10 09:00:00,6.408846808834391,6.601112213099423
TX_2,2012-06-10 09:30:00,6.315152175608203,6.504606740876449
TX_2,2012-06-10 10:00:00,7.948205047284663,8.186651198703203
TX_2,2012-06-10 10:30:00,4.616044223597401,4.754525550305323
TX_2,2012-06-10 11:00:00,5.977161691639326,6.156476542388506
TX_2,2012-06-10 11:30:00,7.014131746833759,7.224555699238772
TX_2,2012-06-10 12:00:00,6.318447812873307,6.508001247259506
TX_2,2012-06-10 12:30:00,4.689365308045501,4.830046267286866
TX_2,2012-06-10 13:00:00,7.115797714026069,7.329271645446851
TX_2,2012-06-10 13:30:00,5.5022561135293175,5.6673237969351975
TX_2,2012-06-10 14:00:00,4.69622029256696,4.83710690134397
TX_2,2012-06-10 14:30:00,4.904323959574088,5.0514536783613115
TX_2,2012-06-10 15:00:00,3.888644962058372,4.005304310920123
TX_2,2012-06-10 15:30:00,4.19402464599585,4.319845385375726
TX_2,2012-06-10 16:00:00,5.728657875382982,5.900517611644472
TX_2,2012-06-10 16:30:00,6.202278323614352,6.388346673322783
TX_2,2012-06-10 17:00:00,7.247691081262473,7.465121813700347
TX_2,2012-06-10 17:30:00,8.224795959566478,8.471539838353472
TX_2,2012-06-10 18:00:00,7.98331676728812,8.222816270306764
TX_2,2012-06-10 18:30:00,10.72786326922607,11.049699167302853
TX_2,2012-06-10 19:00:00,7.760309403372597,7.9931186854737755
TX_2,2012-06-10 19:30:00,7.573710263762604,7.800921571675482
TX_2,2012-06-10 20:00:00,8.561490709642456,8.81833543093173
TX_2,2012-06-10 20:30:00,9.884030095306343,10.180550998165534
TX_2,2012-06-10 21:00:00,9.782589374669572,10.07606705590966
TX_2,2012-06-10 21:30:00,7.352077922543753,7.572640260220066
TX_2,2012-06-10 22:00:00,6.37866999158371,6.570030091331221
TX_2,2012-06-10 22:30:00,6.60575962897671,6.803932417846012
TX_2,2012-06-10 23:00:00,5.982768745544726,6.162251807911067
TX_2,2012-06-10 23:30:00,6.419449736118142,6.612033228201686
TX_2,2012-06-11 00:00:00,4.984301432802571,5.133830475786648
TX_2,2012-06-11 00:30:00,4.889500078612777,5.03618508097116
TX_2,2012-06-11 01:00:00,3.8252337796405387,3.939990793029755
TX_2,2012-06-11 01:30:00,4.707187446477142,4.848403069871456
TX_2,2012-06-11 02:00:00,3.7640609609308187,3.876982789758743
TX_2,2012-06-11 02:30:00,3.9974005030094015,4.117322518099684
TX_2,2012-06-11 03:00:00,3.2780473583012926,3.3763887790503313
TX_2,2012-06-11 03:30:00,2.799152272773374,2.8831268409565753
TX_2,2012-06-11 04:00:00,3.060232105103334,3.152039068256434
TX_2,2012-06-11 04:30:00,5.163645231948196,5.3185545889066415
TX_2,2012-06-11 05:00:00,3.5286168566366727,3.634475362335773
TX_2,2012-06-11 05:30:00,4.752278372578532,4.894846723755888
TX_2,2012-06-11 06:00:00,5.974467508413505,6.15370153366591
TX_2,2012-06-11 06:30:00,5.9248614090377725,6.102607251308906
TX_2,2012-06-11 07:00:00,5.882919146665448,6.059406721065412
TX_2,2012-06-11 07:30:00,5.861824361634866,6.037679092483913
TX_2,2012-06-11 08:00:00,7.794692470329717,8.02853324443961
TX_2,2012-06-11 08:30:00,6.8248446508386404,7.0295899903637995
TX_2,2012-06-11 09:00:00,8.553189719223884,8.8097854108006
TX_2,2012-06-11 09:30:00,8.524598975724077,8.780336944995799
TX_2,2012-06-11 10:00:00,10.482365126770034,10.796836080573135
TX_2,2012-06-11 10:30:00,9.130732987822766,9.404654977457449
TX_2,2012-06-11 11:00:00,10.280776974263837,10.589200283491753
TX_2,2012-06-11 11:30:00,9.145340554800693,9.419700771444715
TX_2,2012-06-11 12:00:00,9.398163249777078,9.68010814727039
TX_2,2012-06-11 12:30:00,7.539398189627669,7.765580135316499
TX_2,2012-06-11 13:00:00,8.889814971636243,9.15650942078533
TX_2,2012-06-11 13:30:00,8.07986513532211,8.322261089381774
TX_2,2012-06-11 14:00:00,7.938237624583386,8.176384753320887
TX_2,2012-06-11 14:30:00,7.1354087393001215,7.349471001479126
TX_2,2012-06-11 15:00:00,7.718676422516107,7.950236715191591
TX_2,2012-06-11 15:30:00,6.105866165066804,6.289042150018808
TX_2,2012-06-11 16:00:00,5.985329090770245,6.164888963493352
TX_2,2012-06-11 16:30:00,7.154197339602126,7.36882325979019
TX_2,2012-06-11 17:00:00,8.082805389195656,8.325289550871526
TX_2,2012-06-11 17:30:00,9.221473581803387,9.498117789257488
TX_2,2012-06-11 18:00:00,9.76722464386107,10.060241383176903
TX_2,2012-06-11 18:30:00,10.336319696387468,10.646409287279093
TX_2,2012-06-11 19:00:00,11.16122378802428,11.496060501665008
TX_2,2012-06-11 19:30:00,13.820458836599618,14.235072601697608
TX_2,2012-06-11 20:00:00,10.034549692727683,10.335586183509514
TX_2,2012-06-11 20:30:00,8.895130324349578,9.161984234080066
TX_2,2012-06-11 21:00:00,9.724111055936758,10.015834387614861
TX_2,2012-06-11 21:30:00,7.639472628999471,7.868656807869455
TX_2,2012-06-11 22:00:00,6.203136879402282,6.389230985784351
TX_2,2012-06-11 22:30:00,6.910400127252379,7.117712131069951
TX_2,2012-06-11 23:00:00,8.301348250523366,8.550388698039068
TX_2,2012-06-11 23:30:00,5.191017677463369,5.346748207787271
TX_2,2012-06-12 00:00:00,4.9353281867090955,5.083388032310369
TX_2,2012-06-12 00:30:00,5.089172241116723,5.241847408350225
TX_2,2012-06-12 01:00:00,4.334347179065405,4.464377594437368
TX_2,2012-06-12 01:30:00,4.70516173308264,4.84631658507512
TX_2,2012-06-12 02:00:00,4.303916268017056,4.433033756057568
TX_2,2012-06-12 02:30:00,4.839661193886436,4.984851029703029
TX_2,2012-06-12 03:00:00,4.632136532422818,4.771100628395502
TX_2,2012-06-12 03:30:00,4.1090853696646885,4.232357930754629
TX_2,2012-06-12 04:00:00,4.459154475947507,4.592929110225932
TX_2,2012-06-12 04:30:00,6.4671106216955785,6.661123940346446
TX_2,2012-06-12 05:00:00,5.81499589826123,5.9894457752090675
TX_2,2012-06-12 05:30:00,6.309059008711072,6.498330778972405
TX_2,2012-06-12 06:00:00,5.737670249748292,5.909800357240741
TX_2,2012-06-12 06:30:00,8.063962179579926,8.305881044967323
TX_2,2012-06-12 07:00:00,7.588894064424334,7.816560886357064
TX_2,2012-06-12 07:30:00,6.842384193705383,7.047655719516545
TX_2,2012-06-12 08:00:00,5.20882155593795,5.365086202616089
TX_2,2012-06-12 08:30:00,7.364011854206824,7.5849322098330285
TX_2,2012-06-12 09:00:00,7.348160809171694,7.568605633446845
TX_2,2012-06-12 09:30:00,5.286521232122053,5.445116869085714
TX_2,2012-06-12 10:00:00,4.359869707594069,4.490665798821891
TX_2,2012-06-12 10:30:00,5.101678205800885,5.254728551974912
TX_2,2012-06-12 11:00:00,4.871405643864137,5.0175478131800615
TX_2,2012-06-12 11:30:00,5.454527925221685,5.618163762978336
TX_2,2012-06-12 12:00:00,5.693651619424389,5.864461168007121
TX_2,2012-06-12 12:30:00,5.517588192451441,5.6831158382249845
TX_2,2012-06-12 13:00:00,6.295081370796798,6.483933811920703
TX_2,2012-06-12 13:30:00,6.393607727702327,6.585415959533397
TX_2,2012-06-12 14:00:00,4.552918330938527,4.689505880866683
TX_2,2012-06-12 14:30:00,5.382320781949055,5.543790405407527
TX_2,2012-06-12 15:00:00,4.890813360187054,5.037537760992666
TX_2,2012-06-12 15:30:00,7.015694897860028,7.226165744795829
TX_2,2012-06-12 16:00:00,9.17886977769168,9.454235871022432
TX_2,2012-06-12 16:30:00,6.832404288302947,7.037376416952036
TX_2,2012-06-12 17:00:00,5.641293350145768,5.810532150650141
TX_2,2012-06-12 17:30:00,6.1907997558858545,6.37652374856243
TX_2,2012-06-12 18:00:00,7.169505306932486,7.384590466140461
TX_2,2012-06-12 18:30:00,9.383075793921702,9.664568067739353
TX_2,2012-06-12 19:00:00,10.519054468293213,10.834626102342009
TX_2,2012-06-12 19:30:00,7.986791068246045,8.226394800293425
TX_2,2012-06-12 20:00:00,6.693731574460372,6.8945435216941835
TX_2,2012-06-12 20:30:00,11.420406617560113,11.763018816086916
TX_2,2012-06-12 21:00:00,9.146083703275744,9.420466214374017
TX_2,2012-06-12 21:30:00,7.812416810898212,8.046789315225158
TX_2,2012-06-12 22:00:00,7.622316498336668,7.850985993286768
TX_2,2012-06-12 22:30:00,8.671984222138624,8.932143748802783
TX_2,2012-06-12 23:00:00,7.767364323842522,8.000385253557798
TX_2,2012-06-12 23:30:00,5.3104165227442435,5.4697290184265706
TX_2,2012-06-13 00:00:00,4.946675880164088,5.095076156569011
TX_2,2012-06-13 00:30:00,4.299151815169683,4.428126369624773
TX_2,2012-06-13 01:00:00,3.3580751678598313,3.4588174228956263
TX_2,2012-06-13 01:30:00,3.0790149593589358,3.1713854081397037
TX_2,2012-06-13 02:00:00,3.096611542658556,3.189509888938313
TX_2,2012-06-13 02:30:00,4.215695948543621,4.34216682699993
TX_2,2012-06-13 03:00:00,3.6375938999482798,3.746721716946728
TX_2,2012-06-13 03:30:00,3.6065362294461334,3.7147323163295174
TX_2,2012-06-13 04:00:00,3.193818973275052,3.2896335424733034
TX_2,2012-06-13 04:30:00,3.1227941963771784,3.2164780222684937
TX_2,2012-06-13 05:00:00,3.306076018687298,3.405258299247917
TX_2,2012-06-13 05:30:00,2.8927844751959704,2.9795680094518495
TX_2,2012-06-13 06:00:00,3.0938936763400764,3.186710486630279
TX_2,2012-06-13 06:30:00,3.5521909750644163,3.6587567043163487
TX_2,2012-06-13 07:00:00,3.719378949157258,3.830960317631976
TX_2,2012-06-13 07:30:00,4.609587075015117,4.747874687265571
TX_2,2012-06-13 08:00:00,4.602632222251658,4.7407111889192075
TX_2,2012-06-13 08:30:00,4.327495507647904,4.457320372877342
TX_2,2012-06-13 09:00:00,4.322833283813328,4.452518282327728
TX_2,2012-06-13 09:30:00,3.4497014189088437,3.553192461476109
TX_2,2012-06-13 10:00:00,3.2416937621457405,3.3389445750101125
TX_2,2012-06-13 10:30:00,3.844368805660902,3.9596998698307293
TX_2,2012-06-13 11:00:00,3.87476661817238,3.9910096167175517
TX_2,2012-06-13 11:30:00,3.8880962088847313,4.004739095151273
TX_2,2012-06-13 12:00:00,4.767909883813282,4.91094718032768
TX_2,2012-06-13 12:30:00,5.295615283881522,5.454483742397968
TX_2,2012-06-13 13:00:00,4.096256462565778,4.219144156442751
TX_2,2012-06-13 13:30:00,4.999707205246573,5.149698421403971
TX_2,2012-06-13 14:00:00,5.660990677142937,5.8308203974572255
TX_2,2012-06-13 14:30:00,3.3296167734386417,3.429505276641801
TX_2,2012-06-13 15:00:00,3.4159250183750056,3.518402768926256
TX_2,2012-06-13 15:30:00,3.6886572206963026,3.799316937317192
TX_2,2012-06-13 16:00:00,4.373831968643866,4.505046927703182
TX_2,2012-06-13 16:30:00,3.9683659349797904,4.087416913029184
TX_2,2012-06-13 17:00:00,5.839826838651424,6.015021643810967
TX_2,2012-06-13 17:30:00,5.21269279374854,5.369073577560997
TX_2,2012-06-13 18:00:00,4.878345018286473,5.024695368835068
TX_2,2012-06-13 18:30:00,5.737822108338642,5.909956771588801
TX_2,2012-06-13 19:00:00,4.88013756266324,5.026541689543137
TX_2,2012-06-13 19:30:00,9.14263638645057,9.416915478044087
TX_2,2012-06-13 20:00:00,7.2972364744980025,7.516153568732943
TX_2,2012-06-13 20:30:00,5.561882375306733,5.7287388465659355
TX_2,2012-06-13 21:00:00,7.6418631953265574,7.871119091186355
TX_2,2012-06-13 21:30:00,7.365253222231794,7.586210818898748
TX_2,2012-06-13 22:00:00,6.794120527252973,6.997944143070563
TX_2,2012-06-13 22:30:00,6.245713226124717,6.433084622908458
TX_2,2012-06-13 23:00:00,6.502774498742393,6.697857733704665
TX_2,2012-06-13 23:30:00,4.400633249778664,4.532652247272025
TX_2,2012-06-14 00:00:00,3.4611105049811197,3.564943820130553
TX_2,2012-06-14 00:30:00,3.9993479200858264,4.119328357688401
TX_2,2012-06-14 01:00:00,3.2956156170243482,3.394484085535079
TX_2,2012-06-14 01:30:00,3.058442029621734,3.150195290510386
TX_2,2012-06-14 02:00:00,3.1958170656920073,3.2916915776627675
TX_2,2012-06-14 02:30:00,3.162165552623727,3.257030519202439
TX_2,2012-06-14 03:00:00,3.0347444034749493,3.1257867355791977
TX_2,2012-06-14 03:30:00,2.5023609187484515,2.577431746310905
TX_2,2012-06-14 04:00:00,2.670165031143205,2.750269982077501
TX_2,2012-06-14 04:30:00,3.064192594754019,3.15611837259664
TX_2,2012-06-14 05:00:00,2.919747235578017,3.0073396526453577
TX_2,2012-06-14 05:30:00,3.3680144158110004,3.4690548482853303
TX_2,2012-06-14 06:00:00,3.5988746533773557,3.7068408929786765
TX_2,2012-06-14 06:30:00,3.9822054388360013,4.1016716020010815
TX_2,2012-06-14 07:00:00,5.179454444850598,5.334838078196116
TX_2,2012-06-14 07:30:00,5.633613337630906,5.802621737759833
TX_2,2012-06-14 08:00:00,5.235142124265568,5.392196387993535
TX_2,2012-06-14 08:30:00,5.824263344261945,5.998991244589804
TX_2,2012-06-14 09:00:00,5.742361761194006,5.914632614029827
TX_2,2012-06-14 09:30:00,4.705315819219783,4.846475293796377
TX_2,2012-06-14 10:00:00,4.745968878828529,4.8883479451933844
TX_2,2012-06-14 10:30:00,5.938503857703695,6.116658973434806
TX_2,2012-06-14 11:00:00,6.239110095426234,6.426283398289021
TX_2,2012-06-14 11:30:00,5.105470471670051,5.258634585820152
TX_2,2012-06-14 12:00:00,7.024033809718391,7.2347548240099435
TX_2,2012-06-14 12:30:00,8.365136941781241,8.61609105003468
TX_2,2012-06-14 13:00:00,5.796791175456657,5.970694910720357
TX_2,2012-06-14 13:30:00,4.455351314914367,4.589011854361798
TX_2,2012-06-14 14:00:00,4.2747535416965015,4.4029961479473965
TX_2,2012-06-14 14:30:00,5.717931500711598,5.889469445732946
TX_2,2012-06-14 15:00:00,4.565621865378745,4.702590521340107
TX_2,2012-06-14 15:30:00,5.419895562390172,5.582492429261878
TX_2,2012-06-14 16:00:00,8.366309399079702,8.617298681052093
TX_2,2012-06-14 16:30:00,5.226142850515079,5.382927136030531
TX_2,2012-06-14 17:00:00,6.621237089955768,6.819874202654441
TX_2,2012-06-14 17:30:00,8.529910646109053,8.785807965492324
TX_2,2012-06-14 18:00:00,11.119614513678611,11.45320294908897
TX_2,2012-06-14 18:30:00,11.571904875756749,11.919062022029452
TX_2,2012-06-14 19:00:00,11.405083759208516,11.747236271984772
TX_2,2012-06-14 19:30:00,10.432461433278423,10.745435276276776
TX_2,2012-06-14 20:00:00,9.021069970619218,9.291702069737795
TX_2,2012-06-14 20:30:00,9.620062527931431,9.908664403769373
TX_2,2012-06-14 21:00:00,8.0045134000537,8.24464880205531
TX_2,2012-06-14 21:30:00,9.182059726115044,9.457521517898495
TX_2,2012-06-14 22:00:00,7.036054422262827,7.247136054930713
TX_2,2012-06-14 22:30:00,5.751244818389884,5.92378216294158
TX_2,2012-06-14 23:00:00,4.820685609679682,4.9653061779700725
TX_2,2012-06-14 23:30:00,4.621746642104389,4.760399041367521
TX_2,2012-06-15 00:00:00,4.068554740938814,4.190611383166979
TX_2,2012-06-15 00:30:00,3.459128675614386,3.5629025358828175
TX_2,2012-06-15 01:00:00,2.7904975051218246,2.8742124302754792
TX_2,2012-06-15 01:30:00,3.2330933847073386,3.330086186248559
TX_2,2012-06-15 02:00:00,2.220161456040762,2.286766299721985
TX_2,2012-06-15 02:30:00,3.020085379851859,3.110687941247415
TX_2,2012-06-15 03:00:00,2.848021775182268,2.933462428437736
TX_2,2012-06-15 03:30:00,2.6081441020510217,2.6863884251125523
TX_2,2012-06-15 04:00:00,2.435539035371546,2.5086052064326925
TX_2,2012-06-15 04:30:00,4.389849479171403,4.521544963546545
TX_2,2012-06-15 05:00:00,6.14831783254837,6.332767367524822
TX_2,2012-06-15 05:30:00,4.886539893979379,5.033136090798761
TX_2,2012-06-15 06:00:00,3.7197028911570866,3.831293977891799
TX_2,2012-06-15 06:30:00,3.9272954892754606,4.045114353953725
TX_2,2012-06-15 07:00:00,4.556984638401883,4.69369417755394
TX_2,2012-06-15 07:30:00,6.16754575339144,6.352572125993184
TX_2,2012-06-15 08:00:00,6.078178611827951,6.26052397018279
TX_2,2012-06-15 08:30:00,7.316656558712294,7.536156255473664
TX_2,2012-06-15 09:00:00,6.733246924284742,6.935244332013284
TX_2,2012-06-15 09:30:00,6.8793432674647015,7.085723565488642
TX_2,2012-06-15 10:00:00,6.376541554380838,6.567837801012263
TX_2,2012-06-15 10:30:00,6.128599505124148,6.312457490277873
TX_2,2012-06-15 11:00:00,5.123180503062614,5.276875918154493
TX_2,2012-06-15 11:30:00,5.299851332984181,5.458846872973707
TX_2,2012-06-15 12:00:00,5.871074173918582,6.047206399136139
TX_2,2012-06-15 12:30:00,5.368035731154496,5.529076803089131
TX_2,2012-06-15 13:00:00,6.296602054935237,6.485500116583294
TX_2,2012-06-15 13:30:00,5.6260524360653585,5.794834009147319
TX_2,2012-06-15 14:00:00,4.465656199508925,4.599625885494193
TX_2,2012-06-15 14:30:00,4.035658790424649,4.156728554137389
TX_2,2012-06-15 15:00:00,3.4774023615604555,3.581724432407269
TX_2,2012-06-15 15:30:00,4.573174888634008,4.7103701352930285
TX_2,2012-06-15 16:00:00,5.273785513143079,5.4319990785373715
TX_2,2012-06-15 16:30:00,6.455550740728967,6.6492172629508355
TX_2,2012-06-15 17:00:00,5.971402192086583,6.150544257849181
TX_2,2012-06-15 17:30:00,7.955851653406324,8.194527203008514
TX_2,2012-06-15 18:00:00,10.349067443068956,10.659539466361025
TX_2,2012-06-15 18:30:00,10.470387450245445,10.784499073752809
TX_2,2012-06-15 19:00:00,6.647072948225984,6.846485136672763
TX_2,2012-06-15 19:30:00,5.500249747428364,5.665257239851215
TX_2,2012-06-15 20:00:00,5.665634478955629,5.835603513324298
TX_2,2012-06-15 20:30:00,7.362438965970332,7.583312134949442
TX_2,2012-06-15 21:00:00,6.2427365577659595,6.430018654498938
TX_2,2012-06-15 21:30:00,8.883197896440343,9.149693833333554
TX_2,2012-06-15 22:00:00,6.868823629751565,7.0748883386441115
TX_2,2012-06-15 22:30:00,5.415540199888105,5.578006405884748
TX_2,2012-06-15 23:00:00,5.6624381385042755,5.832311282659404
TX_2,2012-06-15 23:30:00,4.338115803511405,4.468259277616747
TX_2,2012-06-16 00:00:00,4.762109322674281,4.904972602354509
TX_2,2012-06-16 00:30:00,3.0693978009806275,3.1614797350100465
TX_2,2012-06-16 01:00:00,2.237450444678374,2.304573958018725
TX_2,2012-06-16 01:30:00,2.5991546432499333,2.6771292825474315
TX_2,2012-06-16 02:00:00,2.2454443406988878,2.3128076709198546
TX_2,2012-06-16 02:30:00,2.1978724835160977,2.263808658021581
TX_2,2012-06-16 03:00:00,2.1170851519424954,2.1805977065007704
TX_2,2012-06-16 03:30:00,1.7360933689307727,1.788176169998696
TX_2,2012-06-16 04:00:00,1.6792386162021553,1.72961577468822
TX_2,2012-06-16 04:30:00,2.0256365511870413,2.0864056477226525
TX_2,2012-06-16 05:00:00,2.081759402177609,2.1442121842429374
TX_2,2012-06-16 05:30:00,1.7288314663985977,1.7806964103905558
TX_2,2012-06-16 06:00:00,1.9743242478325687,2.0335539752675458
TX_2,2012-06-16 06:30:00,2.722397503010085,2.8040694281003877
TX_2,2012-06-16 07:00:00,3.151151076010333,3.245685608290643
TX_2,2012-06-16 07:30:00,2.883334357430947,2.969834388153876
TX_2,2012-06-16 08:00:00,3.866492094850841,3.982486857696366
TX_2,2012-06-16 08:30:00,3.385201761987307,3.4867578148469263
TX_2,2012-06-16 09:00:00,3.225113935965747,3.3218673540447194
TX_2,2012-06-16 09:30:00,5.551686853934165,5.71823745955219
TX_2,2012-06-16 10:00:00,2.6354715583865524,2.714535705138149
TX_2,2012-06-16 10:30:00,4.152129855556954,4.276693751223663
TX_2,2012-06-16 11:00:00,4.156053018318516,4.280734608868071
TX_2,2012-06-16 11:30:00,3.2682097924480695,3.3662560862215116
TX_2,2012-06-16 12:00:00,2.7989042860221534,2.882871414602818
TX_2,2012-06-16 12:30:00,3.580971869943299,3.688401026041598
TX_2,2012-06-16 13:00:00,5.55811140382267,5.72485474593735
TX_2,2012-06-16 13:30:00,3.4420350734558998,3.545296125659577
TX_2,2012-06-16 14:00:00,3.529846389491714,3.6357417811764656
TX_2,2012-06-16 14:30:00,3.361357272928153,3.4621979911159975
TX_2,2012-06-16 15:00:00,3.0866484670737604,3.1792479210859734
TX_2,2012-06-16 15:30:00,2.5449665645657658,2.6213155615027386
TX_2,2012-06-16 16:00:00,3.2017617921079955,3.2978146458712354
TX_2,2012-06-16 16:30:00,2.6210726101432384,2.699704788447536
TX_2,2012-06-16 17:00:00,4.992795769372652,5.142579642453832
TX_2,2012-06-16 17:30:00,4.80300530226802,4.947095461336061
TX_2,2012-06-16 18:00:00,5.022602305129566,5.173280374283453
TX_2,2012-06-16 18:30:00,6.032180755872355,6.213146178548526
TX_2,2012-06-16 19:00:00,4.728421454560984,4.870274098197814
TX_2,2012-06-16 19:30:00,3.5256489851528476,3.631418454707433
TX_2,2012-06-16 20:00:00,4.431036991959729,4.563968101718522
TX_2,2012-06-16 20:30:00,4.580061771193266,4.717463624329064
TX_2,2012-06-16 21:00:00,3.808152759304851,3.922397342083997
TX_2,2012-06-16 21:30:00,3.9921376907003125,4.111901821421322
TX_2,2012-06-16 22:00:00,4.01720833445454,4.137724584488176
TX_2,2012-06-16 22:30:00,2.595453287049869,2.6733168856613654
TX_2,2012-06-16 23:00:00,2.496998195050267,2.571908140901775
TX_2,2012-06-16 23:30:00,2.6104969708490264,2.688811879974497
TX_2,2012-06-17 00:00:00,2.388236225177997,2.459883311933337
TX_2,2012-06-17 00:30:00,3.5044031783471166,3.60953527369753
TX_2,2012-06-17 01:00:00,3.836329184552106,3.9514190600886696
TX_2,2012-06-17 01:30:00,3.545983597074426,3.6523631049866587
TX_2,2012-06-17 02:00:00,3.3783618561180733,3.4797127118016156
TX_2,2012-06-17 02:30:00,3.2018026711196006,3.297856751253189
TX_2,2012-06-17 03:00:00,3.623914434387928,3.732631867419566
TX_2,2012-06-17 03:30:00,2.7619530094649445,2.8448115997488927
TX_2,2012-06-17 04:00:00,3.4713069784896833,3.5754461878443737
TX_2,2012-06-17 04:30:00,4.392076561416897,4.5238388582594045
TX_2,2012-06-17 05:00:00,4.004574365480646,4.124711596445065
TX_2,2012-06-17 05:30:00,3.239369673023069,3.3365507632137614
TX_2,2012-06-17 06:00:00,3.4075169204909512,3.50974242810568
TX_2,2012-06-17 06:30:00,3.112325816048899,3.205695590530366
TX_2,2012-06-17 07:00:00,4.270555211316295,4.398671867655784
TX_2,2012-06-17 07:30:00,4.441792802480769,4.575046586555192
TX_2,2012-06-17 08:00:00,5.200998728491591,5.357028690346339
TX_2,2012-06-17 08:30:00,6.09760817005175,6.2805364151533025
TX_2,2012-06-17 09:00:00,7.015383915212079,7.225845432668442
TX_2,2012-06-17 09:30:00,6.606929705970598,6.805137597149716
TX_2,2012-06-17 10:00:00,6.928382656634159,7.136234136333184
TX_2,2012-06-17 10:30:00,6.677296397331117,6.87761528925105
TX_2,2012-06-17 11:00:00,8.399489379183624,8.651474060559133
TX_2,2012-06-17 11:30:00,9.533243418606427,9.81924072116462
TX_2,2012-06-17 12:00:00,9.579256170326238,9.866633855436024
TX_2,2012-06-17 12:30:00,7.039660414414888,7.2508502268473345
TX_2,2012-06-17 13:00:00,5.099299311852239,5.252278291207807
TX_2,2012-06-17 13:30:00,7.051575998140607,7.263123278084826
TX_2,2012-06-17 14:00:00,6.6023990187165715,6.800470989278069
TX_2,2012-06-17 14:30:00,5.612581262794176,5.780958700678002
TX_2,2012-06-17 15:00:00,4.834331245429786,4.9793611827926805
TX_2,2012-06-17 15:30:00,7.38038582800177,7.601797402841823
TX_2,2012-06-17 16:00:00,6.334210663982401,6.524236983901873
TX_2,2012-06-17 16:30:00,5.561306656834666,5.728145856539706
TX_2,2012-06-17 17:00:00,6.77329705943611,6.976495971219193
TX_2,2012-06-17 17:30:00,9.418981237466,9.70155067458998
TX_2,2012-06-17 18:00:00,11.659253774711013,12.009031387952344
TX_2,2012-06-17 18:30:00,10.523721223407856,10.839432860110092
TX_2,2012-06-17 19:00:00,11.112451667383496,11.445825217405002
TX_2,2012-06-17 19:30:00,7.264442724541889,7.482376006278146
TX_2,2012-06-17 20:00:00,8.111553813933192,8.354900428351188
TX_2,2012-06-17 20:30:00,10.52781043891655,10.843644752084046
TX_2,2012-06-17 21:00:00,9.451614482417419,9.735162916889943
TX_2,2012-06-17 21:30:00,7.156316034543047,7.371005515579339
TX_2,2012-06-17 22:00:00,8.745590848851077,9.007958574316609
TX_2,2012-06-17 22:30:00,8.251714284286777,8.499265712815381
TX_2,2012-06-17 23:00:00,10.903982894714066,11.231102381555488
TX_2,2012-06-17 23:30:00,6.759960930118151,6.962759758021695
TX_2,2012-06-18 00:00:00,4.700369693645716,4.841380784455088
TX_2,2012-06-18 00:30:00,4.012941087387041,4.133329320008652
TX_2,2012-06-18 01:00:00,3.2867246376474233,3.3853263767768462
TX_2,2012-06-18 01:30:00,2.9799777353163486,3.069377067375839
TX_2,2012-06-18 02:00:00,2.8850455033555065,2.9715968684561718
TX_2,2012-06-18 02:30:00,3.3724372047090436,3.473610320850315
TX_2,2012-06-18 03:00:00,3.218784528489048,3.3153480643437194
TX_2,2012-06-18 03:30:00,2.874936263452712,2.9611843513562937
TX_2,2012-06-18 04:00:00,2.883510712177352,2.970016033542673
TX_2,2012-06-18 04:30:00,4.863327774139069,5.009227607363242
TX_2,2012-06-18 05:00:00,4.079910567105954,4.202307884119133
TX_2,2012-06-18 05:30:00,4.338761126190553,4.468923959976269
TX_2,2012-06-18 06:00:00,4.731111755064858,4.873045107716804
TX_2,2012-06-18 06:30:00,5.813061636485876,5.987453485580453
TX_2,2012-06-18 07:00:00,6.506975199183095,6.702184455158588
TX_2,2012-06-18 07:30:00,7.519332994907414,7.744912984754636
TX_2,2012-06-18 08:00:00,7.986073669332658,8.225655879412638
TX_2,2012-06-18 08:30:00,7.041878377856454,7.253134729192148
TX_2,2012-06-18 09:00:00,10.41469964264516,10.727140631924517
TX_2,2012-06-18 09:30:00,9.778938764736106,10.07230692767819
TX_2,2012-06-18 10:00:00,7.172773805486432,7.387957019651025
TX_2,2012-06-18 10:30:00,7.857267628302117,8.09298565715118
TX_2,2012-06-18 11:00:00,6.414999227596135,6.607449204424019
TX_2,2012-06-18 11:30:00,7.774936024790145,8.00818410553385
TX_2,2012-06-18 12:00:00,5.361350191878752,5.522190697635114
TX_2,2012-06-18 12:30:00,6.005197975712817,6.185353914984201
TX_2,2012-06-18 13:00:00,4.626420946676763,4.765213575077066
TX_2,2012-06-18 13:30:00,4.328708496467301,4.45856975136132
TX_2,2012-06-18 14:00:00,4.539582865997728,4.67577035197766
TX_2,2012-06-18 14:30:00,5.157455293315588,5.312178952115056
TX_2,2012-06-18 15:00:00,5.179795598140795,5.335189466085019
TX_2,2012-06-18 15:30:00,5.8642667173781815,6.040194718899527
TX_2,2012-06-18 16:00:00,5.093356200318124,5.246156886327667
TX_2,2012-06-18 16:30:00,4.91248290716016,5.059857394374965
TX_2,2012-06-18 17:00:00,5.679553315756575,5.849939915229272
TX_2,2012-06-18 17:30:00,7.226424644624442,7.443217383963175
TX_2,2012-06-18 18:00:00,7.342555230337106,7.562831887247219
TX_2,2012-06-18 18:30:00,8.423988792261843,8.676708456029699
TX_2,2012-06-18 19:00:00,7.571425739787835,7.79856851198147
TX_2,2012-06-18 19:30:00,7.879057884497023,8.115429621031934
TX_2,2012-06-18 20:00:00,7.461548537746827,7.685394993879232
TX_2,2012-06-18 20:30:00,7.902913401491689,8.14000080353644
TX_2,2012-06-18 21:00:00,9.655148157318962,9.94480260203853
TX_2,2012-06-18 21:30:00,8.58602575615838,8.84360652884313
TX_2,2012-06-18 22:00:00,7.004894950222568,7.215041798729246
TX_2,2012-06-18 22:30:00,7.834665102641027,8.069705055720258
TX_2,2012-06-18 23:00:00,6.68546609781472,6.886030080749162
TX_2,2012-06-18 23:30:00,4.883034226296777,5.029525253085681
TX_2,2012-06-19 00:00:00,3.9141343412802905,4.031558371518699
TX_2,2012-06-19 00:30:00,3.900662107059406,4.017681970271188
TX_2,2012-06-19 01:00:00,3.3023584687151417,3.401429222776596
TX_2,2012-06-19 01:30:00,3.5803352540909232,3.687745311713651
TX_2,2012-06-19 02:00:00,2.8669640354490538,2.9529729565125256
TX_2,2012-06-19 02:30:00,3.240560850183634,3.3377776756891433
TX_2,2012-06-19 03:00:00,3.0472751955068746,3.138693451372081
TX_2,2012-06-19 03:30:00,3.265898120450019,3.3638750640635195
TX_2,2012-06-19 04:00:00,3.152354365021478,3.246924995972122
TX_2,2012-06-19 04:30:00,3.3934662200069523,3.495270206607161
TX_2,2012-06-19 05:00:00,3.0896259790691256,3.1823147584411995
TX_2,2012-06-19 05:30:00,5.3850206754397085,5.5465712957029
TX_2,2012-06-19 06:00:00,5.06107287706161,5.212905063373459
TX_2,2012-06-19 06:30:00,4.87034836290308,5.016458813790172
TX_2,2012-06-19 07:00:00,6.659351294822832,6.859131833667517
TX_2,2012-06-19 07:30:00,5.566171706251493,5.733156857439037
TX_2,2012-06-19 08:00:00,8.072536116208793,8.314712199695057
TX_2,2012-06-19 08:30:00,6.775208099597887,6.978464342585824
TX_2,2012-06-19 09:00:00,4.715158067872833,4.856612809909018
TX_2,2012-06-19 09:30:00,5.636266887449412,5.805354894072894
TX_2,2012-06-19 10:00:00,4.85656408666394,5.002261009263858
TX_2,2012-06-19 10:30:00,5.304910379201591,5.464057690577638
TX_2,2012-06-19 11:00:00,6.304864591784911,6.494010529538459
TX_2,2012-06-19 11:30:00,4.532198604471579,4.668164562605726
TX_2,2012-06-19 12:00:00,7.3504199525075995,7.570932551082827
TX_2,2012-06-19 12:30:00,7.062841918291111,7.274727175839844
TX_2,2012-06-19 13:00:00,3.783775934109747,3.89728921213304
TX_2,2012-06-19 13:30:00,4.766342499560202,4.909332774547008
TX_2,2012-06-19 14:00:00,7.206448781104109,7.422642244537233
TX_2,2012-06-19 14:30:00,4.6584521946594535,4.798205760499237
TX_2,2012-06-19 15:00:00,3.836241124814041,3.9513283585584627
TX_2,2012-06-19 15:30:00,4.695847165890603,4.836722580867321
TX_2,2012-06-19 16:00:00,4.621826052293284,4.760480833862083
TX_2,2012-06-19 16:30:00,7.475772333641087,7.70004550365032
TX_2,2012-06-19 17:00:00,7.5375015287380585,7.763626574600201
TX_2,2012-06-19 17:30:00,5.284295024585311,5.44282387532287
TX_2,2012-06-19 18:00:00,8.641676413790227,8.900926706203935
TX_2,2012-06-19 18:30:00,9.031519908259007,9.302465505506778
TX_2,2012-06-19 19:00:00,6.999470119697696,7.209454223288627
TX_2,2012-06-19 19:30:00,7.828214129294918,8.063060553173766
TX_2,2012-06-19 20:00:00,6.42717315446786,6.619988349101896
TX_2,2012-06-19 20:30:00,6.662481438975607,6.862355882144875
TX_2,2012-06-19 21:00:00,8.00959827554203,8.249886223808291
TX_2,2012-06-19 21:30:00,7.594986773128917,7.822836376322784
TX_2,2012-06-19 22:00:00,6.536808949260428,6.732913217738242
TX_2,2012-06-19 22:30:00,7.510476385424615,7.735790676987353
TX_2,2012-06-19 23:00:00,6.442431474729707,6.635704418971598
TX_2,2012-06-19 23:30:00,5.859908357299033,6.035705608018004
TX_2,2012-06-20 00:00:00,4.179233656164464,4.304610665849398
TX_2,2012-06-20 00:30:00,4.579618925235596,4.717007492992663
TX_2,2012-06-20 01:00:00,3.5376504531503428,3.643779966744853
TX_2,2012-06-20 01:30:00,3.041992415505209,3.133252187970365
TX_2,2012-06-20 02:00:00,3.406521333586103,3.508716973593686
TX_2,2012-06-20 02:30:00,3.2974202009053726,3.396342806932534
TX_2,2012-06-20 03:00:00,2.843013086438063,2.928303479031205
TX_2,2012-06-20 03:30:00,2.742730057122577,2.8250119588362543
TX_2,2012-06-20 04:00:00,2.808754838098111,2.8930174832410542
TX_2,2012-06-20 04:30:00,3.7229044732179988,3.8345916074145387
TX_2,2012-06-20 05:00:00,3.818932842603087,3.9335008278811796
TX_2,2012-06-20 05:30:00,4.142545639049168,4.266822008220643
TX_2,2012-06-20 06:00:00,3.4921367136987294,3.5969008151096915
TX_2,2012-06-20 06:30:00,3.7382741366902135,3.85042236079092
TX_2,2012-06-20 07:00:00,4.569165846346067,4.706240821736449
TX_2,2012-06-20 07:30:00,5.755131513133024,5.927785458527015
TX_2,2012-06-20 08:00:00,4.894780429727697,5.041623842619528
TX_2,2012-06-20 08:30:00,5.64325897511214,5.812556744365504
TX_2,2012-06-20 09:00:00,5.146831408398313,5.301236350650263
TX_2,2012-06-20 09:30:00,3.8629323018239616,3.9788202708786806
TX_2,2012-06-20 10:00:00,4.599802220536266,4.737796287152354
TX_2,2012-06-20 10:30:00,4.550085851794349,4.6865884273481795
TX_3,2012-05-21 10:30:00,0.43525512832394503,0.4483127821736634
TX_3,2012-05-21 11:00:00,0.3131472023611312,0.32254161843196516
TX_3,2012-05-21 11:30:00,0.2775812496391343,0.2859086871283083
TX_3,2012-05-21 12:00:00,0.43575216637066483,0.4488247313617848
TX_3,2012-05-21 12:30:00,0.4931608519905121,0.5079556775502274
TX_3,2012-05-21 13:00:00,0.7709112153983974,0.7940385518603493
TX_3,2012-05-21 13:30:00,0.46472942841837883,0.4786713112709302
TX_3,2012-05-21 14:00:00,0.5257467109969902,0.5415191123269
TX_3,2012-05-21 14:30:00,0.4996977400704796,0.5146886722725941
TX_3,2012-05-21 15:00:00,0.5414752221467987,0.5577194788112027
TX_3,2012-05-21 15:30:00,1.019116174467651,1.0496896597016805
TX_3,2012-05-21 16:00:00,0.7694992495146373,0.7925842270000765
TX_3,2012-05-21 16:30:00,0.6395867939868605,0.6587743978064663
TX_3,2012-05-21 17:00:00,0.5134961100647633,0.5289009933667062
TX_3,2012-05-21 17:30:00,0.7695177948390375,0.7926033286842086
TX_3,2012-05-21 18:00:00,0.5586650668038722,0.5754250188079884
TX_3,2012-05-21 18:30:00,0.9651569601617277,0.9941116689665795
TX_3,2012-05-21 19:00:00,0.4979490640580329,0.5128875359797739
TX_3,2012-05-21 19:30:00,0.45043546638107057,0.4639485303725027
TX_3,2012-05-21 20:00:00,0.6153078901422897,0.6337671268465584
TX_3,2012-05-21 20:30:00,0.3931872583928889,0.4049828761446756
TX_3,2012-05-21 21:00:00,0.6307575671003669,0.6496802941133779
TX_3,2012-05-21 21:30:00,1.3912743795840745,1.4330126109715968
TX_3,2012-05-21 22:00:00,0.8801918742303698,0.9065976304572809
TX_3,2012-05-21 22:30:00,0.4311346795567394,0.4440687199434416
TX_3,2012-05-21 23:00:00,0.3639261303894888,0.3748439143011735
TX_3,2012-05-21 23:30:00,0.2919005554125554,0.30065757207493204
TX_3,2012-05-22 00:00:00,0.162922040941848,0.16780970217010346
TX_3,2012-05-22 00:30:00,0.3534084877420481,0.3640107423743095
TX_3,2012-05-22 01:00:00,0.2653172349909675,0.2732767520406965
TX_3,2012-05-22 01:30:00,0.3577531589575682,0.3684857537262953
TX_3,2012-05-22 02:00:00,0.19166349965877372,0.19741340464853693
TX_3,2012-05-22 02:30:00,0.36960598279404255,0.38069416227786385
TX_3,2012-05-22 03:00:00,0.1580105459300376,0.16275086230793873
TX_3,2012-05-22 03:30:00,0.35865747421733096,0.3694171984438509
TX_3,2012-05-22 04:00:00,0.2399936336787571,0.2471934426891198
TX_3,2012-05-22 04:30:00,0.4281433675092445,0.4409876685345218
TX_3,2012-05-22 05:00:00,0.27698383476322064,0.28529334980611726
TX_3,2012-05-22 05:30:00,0.3343994747079427,0.344431458949181
TX_3,2012-05-22 06:00:00,0.3511130955999538,0.36164648846795244
TX_3,2012-05-22 06:30:00,0.3943784576818296,0.4062098114122845
TX_3,2012-05-22 07:00:00,0.4459613530403876,0.4593401936315992
TX_3,2012-05-22 07:30:00,0.6403936632314973,0.6596054731284422
TX_3,2012-05-22 08:00:00,0.7079662975112567,0.7292052864365944
TX_3,2012-05-22 08:30:00,0.5046635856824102,0.5198034932528826
TX_3,2012-05-22 09:00:00,0.29429316627942886,0.3031219612678117
TX_3,2012-05-22 09:30:00,0.2788008690150192,0.2871648950854698
TX_3,2012-05-22 10:00:00,0.9632045103218013,0.9921006456314554
TX_3,2012-05-22 10:30:00,0.2882684671651657,0.2969165211801207
TX_3,2012-05-22 11:00:00,0.291894946226723,0.3006517946135247
TX_3,2012-05-22 11:30:00,0.31730446688218317,0.32682360088864865
TX_3,2012-05-22 12:00:00,0.5311592351953585,0.5470940122512192
TX_3,2012-05-22 12:30:00,0.5865498958820374,0.6041463927584986
TX_3,2012-05-22 13:00:00,0.5226701869192243,0.538350292526801
TX_3,2012-05-22 13:30:00,0.3961487375114398,0.40803319963678303
TX_3,2012-05-22 14:00:00,0.6528558971817832,0.6724415740972367
TX_3,2012-05-22 14:30:00,0.6146235840830246,0.6330622916055154
TX_3,2012-05-22 15:00:00,0.5114739128781883,0.526818130264534
TX_3,2012-05-22 15:30:00,0.3349718873879934,0.3450210440096332
TX_3,2012-05-22 16:00:00,0.4370384885735612,0.45014964323076806
TX_3,2012-05-22 16:30:00,0.5484148087312724,0.5648672529932105
TX_3,2012-05-22 17:00:00,0.3834912564753433,0.3949959941696036
TX_3,2012-05-22 17:30:00,0.6741608344008545,0.6943856594328801
TX_3,2012-05-22 18:00:00,0.5266141692192325,0.5424125942958096
TX_3,2012-05-22 18:30:00,0.4400527354601738,0.45325431752397904
TX_3,2012-05-22 19:00:00,0.658849182534078,0.6786146580101003
TX_3,2012-05-22 19:30:00,0.6371642588233029,0.656279186588002
TX_3,2012-05-22 20:00:00,0.539805595075917,0.5559997629281945
TX_3,2012-05-22 20:30:00,0.4381210232195319,0.45126465391611786
TX_3,2012-05-22 21:00:00,0.576628634599059,0.5939274936370308
TX_3,2012-05-22 21:30:00,0.4181285357539952,0.4306723918266151
TX_3,2012-05-22 22:00:00,0.5173860093328871,0.5329075896128738
TX_3,2012-05-22 22:30:00,0.3168203097939192,0.32632491908773675
TX_3,2012-05-22 23:00:00,0.2856779993579204,0.294248339338658
TX_3,2012-05-22 23:30:00,0.2289840179358938,0.23585353847397061
TX_3,2012-05-23 00:00:00,0.2446147978232436,0.2519532417579409
TX_3,2012-05-23 00:30:00,0.2909500675021473,0.2996785695272117
TX_3,2012-05-23 01:00:00,0.268285993471017,0.27633457327514754
TX_3,2012-05-23 01:30:00,0.2485426093787511,0.25599888766011364
TX_3,2012-05-23 02:00:00,0.2286078193773668,0.2354660539586878
TX_3,2012-05-23 02:30:00,0.2632699831162379,0.271168082609725
TX_3,2012-05-23 03:00:00,0.26932829723803897,0.27740814615518017
TX_3,2012-05-23 03:30:00,0.2493825057646741,0.2568639809376143
TX_3,2012-05-23 04:00:00,0.2317585478918045,0.23871130432855864
TX_3,2012-05-23 04:30:00,0.4421203060269731,0.4553839152077823
TX_3,2012-05-23 05:00:00,0.1817264755694927,0.18717826983657748
TX_3,2012-05-23 05:30:00,0.3286959089579599,0.3385567862266987
TX_3,2012-05-23 06:00:00,0.667089255886268,0.6871019335628561
TX_3,2012-05-23 06:30:00,0.600921234464827,0.6189488714987719
TX_3,2012-05-23 07:00:00,0.6199702822869069,0.6385693907555141
TX_3,2012-05-23 07:30:00,0.7348996044116141,0.7569465925439625
TX_3,2012-05-23 08:00:00,0.6471394788089975,0.6665536631732674
TX_3,2012-05-23 08:30:00,0.4086782361147384,0.42093858319818056
TX_3,2012-05-23 09:00:00,1.4109288635638606,1.4532567294707766
TX_3,2012-05-23 09:30:00,3.8293394570984254,3.944219640811378
TX_3,2012-05-23 10:00:00,5.604104340770589,5.772227470993707
TX_3,2012-05-23 10:30:00,6.623088303384749,6.821780952486292
TX_3,2012-05-23 11:00:00,4.680614733410868,4.821033175413194
TX_3,2012-05-23 11:30:00,3.4266960958722383,3.5294969787484054
TX_3,2012-05-23 12:00:00,3.706732703627669,3.817934684736499
TX_3,2012-05-23 12:30:00,4.091442534690659,4.2141858107313785
TX_3,2012-05-23 13:00:00,3.953676219441203,4.072286506024439
TX_3,2012-05-23 13:30:00,5.05523147184284,5.206888415998126
TX_3,2012-05-23 14:00:00,4.848858023991729,4.994323764711481
TX_3,2012-05-23 14:30:00,4.308021479321311,4.43726212370095
TX_3,2012-05-23 15:00:00,4.948296009270505,5.096744889548621
TX_3,2012-05-23 15:30:00,5.606172217010024,5.774357383520325
TX_3,2012-05-23 16:00:00,3.6369225945149557,3.7460302723504046
TX_3,2012-05-23 16:30:00,4.810222572893352,4.954529250080153
TX_3,2012-05-23 17:00:00,5.248955580780713,5.406424248204134
TX_3,2012-05-23 17:30:00,5.103615929445647,5.256724407329017
TX_3,2012-05-23 18:00:00,6.027364581262601,6.208185518700479
TX_3,2012-05-23 18:30:00,4.95217474498893,5.100739987338598
TX_3,2012-05-23 19:00:00,7.4596732888284025,7.683463487493254
TX_3,2012-05-23 19:30:00,9.89141418402708,10.188156609547894
TX_3,2012-05-23 20:00:00,5.429362319622834,5.592243189211519
TX_3,2012-05-23 20:30:00,5.815070659730986,5.989522779522916
TX_3,2012-05-23 21:00:00,6.720561482341536,6.922178326811782
TX_3,2012-05-23 21:30:00,6.888055844353064,7.094697519683656
TX_3,2012-05-23 22:00:00,10.917560962430944,11.245087791303872
TX_3,2012-05-23 22:30:00,4.363791334944874,4.49470507499322
TX_3,2012-05-23 23:00:00,3.7080288239117687,3.819269688629122
TX_3,2012-05-23 23:30:00,2.8978024211444975,2.9847364937788323
TX_3,2012-05-24 00:00:00,2.8022428218869884,2.886310106543598
TX_3,2012-05-24 00:30:00,3.040073782264814,3.1312759957327585
TX_3,2012-05-24 01:00:00,2.623810179458783,2.702524484842547
TX_3,2012-05-24 01:30:00,3.59570497028141,3.703576119389852
TX_3,2012-05-24 02:00:00,2.517852535103713,2.593388111156824
TX_3,2012-05-24 02:30:00,2.8147549449115497,2.8991975932588963
TX_3,2012-05-24 03:00:00,4.890669654314832,5.037389743944277
TX_3,2012-05-24 03:30:00,2.3008491124870396,2.369874585861651
TX_3,2012-05-24 04:00:00,2.8147997877697586,2.8992437814028515
TX_3,2012-05-24 04:30:00,3.20394310596614,3.3000613991451244
TX_3,2012-05-24 05:00:00,3.1693927846024743,3.2644745681405487
TX_3,2012-05-24 05:30:00,4.113420524592894,4.236823140330681
TX_3,2012-05-24 06:00:00,3.2418747944301027,3.3391310382630057
TX_3,2012-05-24 06:30:00,6.15901372095294,6.343784132581528
TX_3,2012-05-24 07:00:00,5.134384264859471,5.288415792805256
TX_3,2012-05-24 07:30:00,6.810471936272447,7.014786094360621
TX_3,2012-05-24 08:00:00,4.600707035745672,4.7387282468180425
TX_3,2012-05-24 08:30:00,4.449910211706143,4.583407518057328
TX_3,2012-05-24 09:00:00,3.353791828921252,3.4544055837888896
TX_3,2012-05-24 09:30:00,4.133559225032489,4.257566001783464
TX_3,2012-05-24 10:00:00,5.150884465395756,5.305410999357629
TX_3,2012-05-24 10:30:00,5.783712523010473,5.957223898700787
TX_3,2012-05-24 11:00:00,4.096414626665999,4.219307065465979
TX_3,2012-05-24 11:30:00,4.615475467754911,4.7539397317875585
TX_3,2012-05-24 12:00:00,5.277757185296937,5.436089900855845
TX_3,2012-05-24 12:30:00,4.585829371780915,4.723404252934342
TX_3,2012-05-24 13:00:00,5.762099463032324,5.9349624469232936
TX_3,2012-05-24 13:30:00,5.082817707387138,5.235302238608752
TX_3,2012-05-24 14:00:00,4.503579976522892,4.638687375818579
TX_3,2012-05-24 14:30:00,3.380082446475654,3.481484919869924
TX_3,2012-05-24 15:00:00,4.064229635178731,4.186156524234093
TX_3,2012-05-24 15:30:00,4.6136801300022805,4.752090533902349
TX_3,2012-05-24 16:00:00,5.299259625903646,5.458237414680756
TX_3,2012-05-24 16:30:00,4.793151873781599,4.936946429995047
TX_3,2012-05-24 17:00:00,4.718126478346171,4.859670272696556
TX_3,2012-05-24 17:30:00,5.337809507310974,5.497943792530303
TX_3,2012-05-24 18:00:00,6.386858687955468,6.578464448594132
TX_3,2012-05-24 18:30:00,5.28359724904878,5.442105166520244
TX_3,2012-05-24 19:00:00,6.630392376400391,6.829304147692404
TX_3,2012-05-24 19:30:00,5.597550336093577,5.765476846176385
TX_3,2012-05-24 20:00:00,5.512470918769805,5.677845046332899
TX_3,2012-05-24 20:30:00,7.169821600799717,7.384916248823709
TX_3,2012-05-24 21:00:00,5.535014801813021,5.701065245867412
TX_3,2012-05-24 21:30:00,6.02437232683966,6.20510349664485
TX_3,2012-05-24 22:00:00,5.152119058837695,5.306682630602825
TX_3,2012-05-24 22:30:00,5.578454833500902,5.745808478505929
TX_3,2012-05-24 23:00:00,3.9061096685531864,4.023292958609782
TX_3,2012-05-24 23:30:00,3.719433158194908,3.831016152940755
TX_3,2012-05-25 00:00:00,2.652488672470961,2.73206333264509
TX_3,2012-05-25 00:30:00,2.161814012427428,2.226668432800251
TX_3,2012-05-25 01:00:00,3.3340190181371137,3.434039588681227
TX_3,2012-05-25 01:30:00,2.20335452740797,2.2694551632302096
TX_3,2012-05-25 02:00:00,2.1294965251237667,2.19338142087748
TX_3,2012-05-25 02:30:00,4.323179523429436,4.452874909132319
TX_3,2012-05-25 03:00:00,2.3645504551309924,2.435486968784922
TX_3,2012-05-25 03:30:00,1.999244767213738,2.05922211023015
TX_3,2012-05-25 04:00:00,1.886139233574417,1.9427234105816495
TX_3,2012-05-25 04:30:00,2.6295131214854766,2.7083985151300407
TX_3,2012-05-25 05:00:00,2.607874145075267,2.6861103694275252
TX_3,2012-05-25 05:30:00,4.262035647642645,4.389896717071925
TX_3,2012-05-25 06:00:00,3.596083585996308,3.7039660935761973
TX_3,2012-05-25 06:30:00,3.43172273567839,3.5346744177487417
TX_3,2012-05-25 07:00:00,3.5844393526187277,3.6919725331972897
TX_3,2012-05-25 07:30:00,5.435199961717149,5.598255960568664
TX_3,2012-05-25 08:00:00,3.564710286075992,3.6716515946582717
TX_3,2012-05-25 08:30:00,3.8480506793427214,3.963492199723003
TX_3,2012-05-25 09:00:00,4.905179690818036,5.052335081542577
TX_3,2012-05-25 09:30:00,3.4600443852120786,3.563845716768441
TX_3,2012-05-25 10:00:00,4.01990115806089,4.140498192802716
TX_3,2012-05-25 10:30:00,3.658408837975398,3.76816110311466
TX_3,2012-05-25 11:00:00,4.207346207411345,4.333566593633686
TX_3,2012-05-25 11:30:00,3.7819541005884862,3.895412723606141
TX_3,2012-05-25 12:00:00,4.883822571169372,5.030337248304453
TX_3,2012-05-25 12:30:00,6.710112771518155,6.9114161546637
TX_3,2012-05-25 13:00:00,4.04640433339256,4.167796463394336
TX_3,2012-05-25 13:30:00,4.509316634575351,4.644596133612612
TX_3,2012-05-25 14:00:00,3.2099221085968495,3.3062197718547552
TX_3,2012-05-25 14:30:00,3.3062490027112683,3.4054364727926063
TX_3,2012-05-25 15:00:00,3.1397088673429225,3.2339001333632105
TX_3,2012-05-25 15:30:00,4.1374067722637715,4.261528975431685
TX_3,2012-05-25 16:00:00,5.04234354218648,5.193613848452075
TX_3,2012-05-25 16:30:00,5.284552879294642,5.443089465673482
TX_3,2012-05-25 17:00:00,5.4753111938426535,5.6395705296579335
TX_3,2012-05-25 17:30:00,7.048045922279382,7.2594872999477635
TX_3,2012-05-25 18:00:00,8.691022391859944,8.951753063615742
TX_3,2012-05-25 18:30:00,8.897755899228798,9.164688576205663
TX_3,2012-05-25 19:00:00,11.467947846064469,11.811986281446403
TX_3,2012-05-25 19:30:00,7.24287915430922,7.4601655289384965
TX_3,2012-05-25 20:00:00,5.941964487235138,6.1202234218521925
TX_3,2012-05-25 20:30:00,5.74141244511473,5.9136548184681725
TX_3,2012-05-25 21:00:00,6.298213556910667,6.487159963617987
TX_3,2012-05-25 21:30:00,5.889302483054102,6.065981557545726
TX_3,2012-05-25 22:00:00,6.452480775869045,6.646055199145117
TX_3,2012-05-25 22:30:00,5.209500771302961,5.365785794442051
TX_3,2012-05-25 23:00:00,5.149175505012522,5.303650770162898
TX_3,2012-05-25 23:30:00,4.597805528456546,4.735739694310243
TX_3,2012-05-26 00:00:00,5.049635088108643,5.201124140751903
TX_3,2012-05-26 00:30:00,3.0231242062712727,3.113817932459411
TX_3,2012-05-26 01:00:00,2.664692711316153,2.744633492655638
TX_3,2012-05-26 01:30:00,4.095325221177479,4.218184977812803
TX_3,2012-05-26 02:00:00,2.313188296791984,2.382583945695744
TX_3,2012-05-26 02:30:00,3.3811078682396456,3.482541104286835
TX_3,2012-05-26 03:00:00,2.99107391199232,3.08080612935209
TX_3,2012-05-26 03:30:00,2.6148357294639517,2.6932808013478704
TX_3,2012-05-26 04:00:00,2.5193186216692274,2.594898180319304
TX_3,2012-05-26 04:30:00,2.4610312025847993,2.5348621386623433
TX_3,2012-05-26 05:00:00,2.8858880057455836,2.972464645917951
TX_3,2012-05-26 05:30:00,3.103160662677539,3.196255482557865
TX_3,2012-05-26 06:00:00,3.3237773857368005,3.4234907073089045
TX_3,2012-05-26 06:30:00,3.0245349653499276,3.1152710143104256
TX_3,2012-05-26 07:00:00,3.0082219263427743,3.0984685841330575
TX_3,2012-05-26 07:30:00,3.76181277595645,3.874667159235144
TX_3,2012-05-26 08:00:00,3.7629825341274437,3.875872010151267
TX_3,2012-05-26 08:30:00,4.372185063137519,4.5033506150316445
TX_3,2012-05-26 09:00:00,6.526910817600303,6.722718142128312
TX_3,2012-05-26 09:30:00,3.9343059264185927,4.05233510421115
TX_3,2012-05-26 10:00:00,6.126827664126166,6.310632494049951
TX_3,2012-05-26 10:30:00,5.870305545159456,6.04641471151424
TX_3,2012-05-26 11:00:00,4.302632809447567,4.431711793730994
TX_3,2012-05-26 11:30:00,3.5572200088471373,3.6639366091125516
TX_3,2012-05-26 12:00:00,4.278111031032499,4.406454361963474
TX_3,2012-05-26 12:30:00,5.9817786968919044,6.161232057798662
TX_3,2012-05-26 13:00:00,3.547001034016542,3.653411065037038
TX_3,2012-05-26 13:30:00,4.824300666025714,4.969029686006485
TX_3,2012-05-26 14:00:00,3.547623537125975,3.654052243239754
TX_3,2012-05-26 14:30:00,4.236148956489258,4.363233425183935
TX_3,2012-05-26 15:00:00,3.1827429164551724,3.2782252039488275
TX_3,2012-05-26 15:30:00,3.1977278791481036,3.293659715522547
TX_3,2012-05-26 16:00:00,3.9429545664840275,4.061243203478549
TX_3,2012-05-26 16:30:00,2.7396539009688743,2.8218435179979404
TX_3,2012-05-26 17:00:00,2.8509248043276156,2.936452548457444
TX_3,2012-05-26 17:30:00,5.684835480887272,5.85538054531389
TX_3,2012-05-26 18:00:00,3.777923653301082,3.8912613629001145
TX_3,2012-05-26 18:30:00,4.549724593148094,4.686216330942536
TX_3,2012-05-26 19:00:00,7.670193309887762,7.900299109184395
TX_3,2012-05-26 19:30:00,7.674583253739002,7.904820751351172
TX_3,2012-05-26 20:00:00,9.91460094122623,10.212038969463016
TX_3,2012-05-26 20:30:00,7.050379240360517,7.261890617571332
TX_3,2012-05-26 21:00:00,5.42257545827929,5.585252722027669
TX_3,2012-05-26 21:30:00,5.4356844062981695,5.598754938487115
TX_3,2012-05-26 22:00:00,5.271966942863647,5.430125951149556
TX_3,2012-05-26 22:30:00,4.0659395270294105,4.187917712840293
TX_3,2012-05-26 23:00:00,4.10848558343576,4.231740150938833
TX_3,2012-05-26 23:30:00,3.1265998144620237,3.2203978088958847
TX_3,2012-05-27 00:00:00,3.227946806110354,3.3247852102936646
TX_3,2012-05-27 00:30:00,3.0530710508741596,3.1446631824003846
TX_3,2012-05-27 01:00:00,5.498984211594731,5.663953737942573
TX_3,2012-05-27 01:30:00,4.591154096160305,4.7288887190451145
TX_3,2012-05-27 02:00:00,4.858187430552494,5.003933053469069
TX_3,2012-05-27 02:30:00,2.8200838056632223,2.904686319833119
TX_3,2012-05-27 03:00:00,2.369241606266191,2.440318854454177
TX_3,2012-05-27 03:30:00,2.0456422872519076,2.1070115558694646
TX_3,2012-05-27 04:00:00,1.8489281711936698,1.90439601632948
TX_3,2012-05-27 04:30:00,1.9495593950056624,2.0080461768558324
TX_3,2012-05-27 05:00:00,1.8364634615479658,1.8915573653944049
TX_3,2012-05-27 05:30:00,2.6397430401568145,2.718935331361519
TX_3,2012-05-27 06:00:00,2.6147406193259912,2.693182837905771
TX_3,2012-05-27 06:30:00,2.2765414295737556,2.3448376724609683
TX_3,2012-05-27 07:00:00,2.2311206359062963,2.298054254983485
TX_3,2012-05-27 07:30:00,3.451578903965231,3.555126271084188
TX_3,2012-05-27 08:00:00,3.722651329985024,3.834330869884575
TX_3,2012-05-27 08:30:00,4.827842763143543,4.97267804603785
TX_3,2012-05-27 09:00:00,5.497521624833789,5.6624472735788025
TX_3,2012-05-27 09:30:00,7.552141244666878,7.778705482006885
TX_3,2012-05-27 10:00:00,11.662646763522586,12.012526166428264
TX_3,2012-05-27 10:30:00,10.712695493063592,11.0340763578555
TX_3,2012-05-27 11:00:00,8.058359637535238,8.300110426661295
TX_3,2012-05-27 11:30:00,8.748341158963374,9.010791393732275
TX_3,2012-05-27 12:00:00,7.230324437767385,7.4472341709004075
TX_3,2012-05-27 12:30:00,7.591843874349112,7.819599190579586
TX_3,2012-05-27 13:00:00,5.596304660718167,5.764193800539712
TX_3,2012-05-27 13:30:00,5.248394511308649,5.405846346647909
TX_3,2012-05-27 14:00:00,6.145386667014752,6.329748267025195
TX_3,2012-05-27 14:30:00,5.909644780486951,6.0869341239015595
TX_3,2012-05-27 15:00:00,4.971508582625324,5.120653840104084
TX_3,2012-05-27 15:30:00,6.492354024300439,6.687124645029452
TX_3,2012-05-27 16:00:00,6.424656963094811,6.617396671987655
TX_3,2012-05-27 16:30:00,6.744239940651265,6.946567138870803
TX_3,2012-05-27 17:00:00,5.441023197957333,5.604253893896053
TX_3,2012-05-27 17:30:00,7.397562773052706,7.619489656244287
TX_3,2012-05-27 18:00:00,7.792872426909969,8.026658599717267
TX_3,2012-05-27 18:30:00,10.90961767911649,11.236906209489986
TX_3,2012-05-27 19:00:00,5.682986139122857,5.853475723296543
TX_3,2012-05-27 19:30:00,4.634216947110846,4.773243455524171
TX_3,2012-05-27 20:00:00,5.627210891797662,5.796027218551592
TX_3,2012-05-27 20:30:00,3.931623753547543,4.049572466153969
TX_3,2012-05-27 21:00:00,3.90668322058756,4.0238837172051864
TX_3,2012-05-27 21:30:00,4.885071617843522,5.031623766378828
TX_3,2012-05-27 22:00:00,5.669335214324853,5.839415270754599
TX_3,2012-05-27 22:30:00,6.2068432705640495,6.393048568680971
TX_3,2012-05-27 23:00:00,4.985892099751092,5.1354688627436245
TX_3,2012-05-27 23:30:00,2.8115765575540808,2.8959238542807033
TX_3,2012-05-28 00:00:00,2.8076401740141907,2.8918693792346164
TX_3,2012-05-28 00:30:00,2.5032306104885858,2.5783275288032432
TX_3,2012-05-28 01:00:00,2.4949854191042187,2.5698349816773454
TX_3,2012-05-28 01:30:00,3.16800114138725,3.2630411756288678
TX_3,2012-05-28 02:00:00,2.4117421723561168,2.4840944375268004
TX_3,2012-05-28 02:30:00,2.918160431528197,3.005705244474043
TX_3,2012-05-28 03:00:00,3.962571593665872,4.081448741475849
TX_3,2012-05-28 03:30:00,2.0099981084582654,2.0702980517120135
TX_3,2012-05-28 04:00:00,2.422647142904496,2.4953265571916305
TX_3,2012-05-28 04:30:00,2.6740790561133965,2.7543014277967983
TX_3,2012-05-28 05:00:00,2.431999006539416,2.5049589767355984
TX_3,2012-05-28 05:30:00,4.41088614295226,4.543212727240828
TX_3,2012-05-28 06:00:00,3.9140219824022204,4.031442641874287
TX_3,2012-05-28 06:30:00,4.409662085814996,4.541951948389446
TX_3,2012-05-28 07:00:00,6.043702082994588,6.225013145484426
TX_3,2012-05-28 07:30:00,4.810987956083286,4.955317594765785
TX_3,2012-05-28 08:00:00,5.1950701703766695,5.35092227548797
TX_3,2012-05-28 08:30:00,5.713934719494438,5.885352761079272
TX_3,2012-05-28 09:00:00,5.371016553069722,5.5321470496618135
TX_3,2012-05-28 09:30:00,5.011100492002407,5.161433506762479
TX_3,2012-05-28 10:00:00,4.22883063772329,4.355695556854989
TX_3,2012-05-28 10:30:00,5.5642470616940525,5.731174473544875
TX_3,2012-05-28 11:00:00,5.6407757682809185,5.8099990413293465
TX_3,2012-05-28 11:30:00,6.5066105120706395,6.7018088274327585
TX_3,2012-05-28 12:00:00,4.380239343988303,4.511646524307952
TX_3,2012-05-28 12:30:00,3.532889290429199,3.638875969142075
TX_3,2012-05-28 13:00:00,3.5982295399655513,3.706176426164518
TX_3,2012-05-28 13:30:00,6.013456762023296,6.193860464883994
TX_3,2012-05-28 14:00:00,7.026255986500764,7.237043666095786
TX_3,2012-05-28 14:30:00,7.339827487062072,7.560022311673935
TX_3,2012-05-28 15:00:00,4.685318469683464,4.825878023773968
TX_3,2012-05-28 15:30:00,4.8911711306947225,5.037906264615565
TX_3,2012-05-28 16:00:00,4.843019954832193,4.988310553477159
TX_3,2012-05-28 16:30:00,3.6942986986923736,3.8051276596531447
TX_3,2012-05-28 17:00:00,4.448849946835097,4.58231544524015
TX_3,2012-05-28 17:30:00,5.749853625885014,5.9223492346615645
TX_3,2012-05-28 18:00:00,5.099491454142722,5.252476197767004
TX_3,2012-05-28 18:30:00,7.343528907104212,7.563834774317339
TX_3,2012-05-28 19:00:00,6.582559370409934,6.780036151522232
TX_3,2012-05-28 19:30:00,4.686562687102008,4.827159567715068
TX_3,2012-05-28 20:00:00,4.58673436071433,4.72433639153576
TX_3,2012-05-28 20:30:00,6.20944437472461,6.395727705966348
TX_3,2012-05-28 21:00:00,7.438505271724115,7.661660429875839
TX_3,2012-05-28 21:30:00,6.0708429533486985,6.2529682419491595
TX_3,2012-05-28 22:00:00,4.703753359822887,4.8448659606175735
TX_3,2012-05-28 22:30:00,4.184412293077125,4.309944661869439
TX_3,2012-05-28 23:00:00,3.6746927948736823,3.784933578719893
TX_3,2012-05-28 23:30:00,3.3163993762855974,3.4158913575741656
TX_3,2012-05-29 00:00:00,2.649302186120432,2.728781251704045
TX_3,2012-05-29 00:30:00,3.2113070331544975,3.3076462441491326
TX_3,2012-05-29 01:00:00,2.976933166730774,3.0662411617326972
TX_3,2012-05-29 01:30:00,2.5135398650816887,2.5889460610341395
TX_3,2012-05-29 02:00:00,4.154859121992808,4.279504895652592
TX_3,2012-05-29 02:30:00,2.6614231826336523,2.741265878112662
TX_3,2012-05-29 03:00:00,2.732627760967878,2.8146065937969142
TX_3,2012-05-29 03:30:00,2.1743911749722127,2.239622910221379
TX_3,2012-05-29 04:00:00,2.216252567500969,2.2827401445259983
TX_3,2012-05-29 04:30:00,3.1832535253647025,3.278751131125644
TX_3,2012-05-29 05:00:00,2.166578971347871,2.231576340488307
TX_3,2012-05-29 05:30:00,3.388863068081201,3.490528960123637
TX_3,2012-05-29 06:00:00,3.1453800239575678,3.239741424676295
TX_3,2012-05-29 06:30:00,4.734938971709386,4.876987140860668
TX_3,2012-05-29 07:00:00,3.441191815699521,3.544427570170507
TX_3,2012-05-29 07:30:00,5.762713499032724,5.935594904003706
TX_3,2012-05-29 08:00:00,3.744027064602014,3.8563478765400743
TX_3,2012-05-29 08:30:00,3.9526627120128106,4.071242593373195
TX_3,2012-05-29 09:00:00,4.512745958928458,4.6481283376963125
TX_3,2012-05-29 09:30:00,4.442259831218786,4.57552762615535
TX_3,2012-05-29 10:00:00,5.234365986366904,5.391396965957911
TX_3,2012-05-29 10:30:00,6.983302435321884,7.1928015083815415
TX_3,2012-05-29 11:00:00,5.172653487935729,5.3278330925738
TX_3,2012-05-29 11:30:00,5.839594138154617,6.0147819622992555
TX_3,2012-05-29 12:00:00,5.64439228081522,5.813724049239677
TX_3,2012-05-29 12:30:00,5.7501365992843425,5.922640697262873
TX_3,2012-05-29 13:00:00,5.33018814250274,5.490093786777822
TX_3,2012-05-29 13:30:00,4.107169093661534,4.230384166471381
TX_3,2012-05-29 14:00:00,4.03344879951889,4.1544522635044565
TX_3,2012-05-29 14:30:00,5.212327445092917,5.368697268445705
TX_3,2012-05-29 15:00:00,3.572831838409723,3.6800167935620145
TX_3,2012-05-29 15:30:00,6.325490954484276,6.515255683118804
TX_3,2012-05-29 16:00:00,5.742243348854134,5.914510649319759
TX_3,2012-05-29 16:30:00,4.294890338937526,4.423737049105652
TX_3,2012-05-29 17:00:00,3.9891061921938666,4.108779377959682
TX_3,2012-05-29 17:30:00,4.2865289649774905,4.415124833926815
TX_3,2012-05-29 18:00:00,5.008962696460482,5.159231577354296
TX_3,2012-05-29 18:30:00,5.083047457335818,5.235538881055892
TX_3,2012-05-29 19:00:00,4.418311935443689,4.550861293506999
TX_3,2012-05-29 19:30:00,6.073249277772938,6.255446756106126
TX_3,2012-05-29 20:00:00,6.166325824687706,6.351315599428338
TX_3,2012-05-29 20:30:00,5.693440153559745,5.864243358166537
TX_3,2012-05-29 21:00:00,4.840537550809804,4.985753677334099
TX_3,2012-05-29 21:30:00,5.290950980520928,5.449679509936556
TX_3,2012-05-29 22:00:00,5.029554384802092,5.180441016346155
TX_3,2012-05-29 22:30:00,4.2383485146023805,4.365498970040452
TX_3,2012-05-29 23:00:00,3.435452283412457,3.5385158519148305
TX_3,2012-05-29 23:30:00,4.709443237368833,4.850726534489898
TX_3,2012-05-30 00:00:00,5.16236469260104,5.317235633379071
TX_3,2012-05-30 00:30:00,3.5170128581462343,3.6225232438906216
TX_3,2012-05-30 01:00:00,3.16654435472771,3.2615406853695412
TX_3,2012-05-30 01:30:00,2.1710642986464466,2.23619622760584
TX_3,2012-05-30 02:00:00,2.1603436086625796,2.2251539169224572
TX_3,2012-05-30 02:30:00,2.6154131072560034,2.6938755004736836
TX_3,2012-05-30 03:00:00,2.3001812751439896,2.3691867133983093
TX_3,2012-05-30 03:30:00,2.051144148151454,2.1126784725959977
TX_3,2012-05-30 04:00:00,2.3620405446952244,2.432901761036081
TX_3,2012-05-30 04:30:00,4.549701013060511,4.686192043452326
TX_3,2012-05-30 05:00:00,2.7560685142419805,2.83875056966924
TX_3,2012-05-30 05:30:00,6.239516792000883,6.42670229576091
TX_3,2012-05-30 06:00:00,5.119414080867585,5.272996503293613
TX_3,2012-05-30 06:30:00,3.8613743923499753,3.9772156241204746
TX_3,2012-05-30 07:00:00,5.916570943550171,6.094068071856677
TX_3,2012-05-30 07:30:00,3.1435821490859466,3.237889613558525
TX_3,2012-05-30 08:00:00,3.034157955965796,3.12518269464477
TX_3,2012-05-30 08:30:00,2.847729701172414,2.9331615922075867
TX_3,2012-05-30 09:00:00,3.64303055476316,3.752321471406055
TX_3,2012-05-30 09:30:00,4.8155141089223585,4.9599795321900295
TX_3,2012-05-30 10:00:00,4.962387511481674,5.111259136826124
TX_3,2012-05-30 10:30:00,4.014476494300412,4.134910789129425
TX_3,2012-05-30 11:00:00,2.8610317747843874,2.946862728027919
TX_3,2012-05-30 11:30:00,5.276242483103468,5.4345297575965725
TX_3,2012-05-30 12:00:00,6.799226059709262,7.00320284150054
TX_3,2012-05-30 12:30:00,5.370178319066031,5.531283668638012
TX_3,2012-05-30 13:00:00,5.4371709662401715,5.600286095227377
TX_3,2012-05-30 13:30:00,3.5333691904295823,3.63937026614247
TX_3,2012-05-30 14:00:00,3.5727496175481233,3.679932106074567
TX_3,2012-05-30 14:30:00,4.683754575556207,4.824267212822893
TX_3,2012-05-30 15:00:00,3.264662565580032,3.3626024425474332
TX_3,2012-05-30 15:30:00,6.628188415165896,6.827034067620873
TX_3,2012-05-30 16:00:00,5.953370704411681,6.131971825544031
TX_3,2012-05-30 16:30:00,5.489564151711051,5.654251076262383
TX_3,2012-05-30 17:00:00,6.470805341131056,6.664929501364988
TX_3,2012-05-30 17:30:00,4.500257242701823,4.6352649599828775
TX_3,2012-05-30 18:00:00,4.995065359340591,5.144917320120809
TX_3,2012-05-30 18:30:00,7.878745619606686,8.115107988194888
TX_3,2012-05-30 19:00:00,7.484567007952124,7.709104018190687
TX_3,2012-05-30 19:30:00,6.343504350427567,6.533809480940395
TX_3,2012-05-30 20:00:00,7.687404860894457,7.918027006721291
TX_3,2012-05-30 20:30:00,9.329030233837075,9.608901140852188
TX_3,2012-05-30 21:00:00,8.853159115886097,9.11875388936268
TX_3,2012-05-30 21:30:00,9.181893107913726,9.457349901151138
TX_3,2012-05-30 22:00:00,6.197938596843187,6.383876754748483
TX_3,2012-05-30 22:30:00,4.158469654661583,4.283223744301431
TX_3,2012-05-30 23:00:00,4.709425915839784,4.850708693314978
TX_3,2012-05-30 23:30:00,3.170776727926098,3.265900029763881
TX_3,2012-05-31 00:00:00,2.374547897433296,2.445784334356295
TX_3,2012-05-31 00:30:00,2.423095403566575,2.495788265673572
TX_3,2012-05-31 01:00:00,3.5601047884711177,3.6669079321252513
TX_3,2012-05-31 01:30:00,2.4996721738204237,2.5746623390350365
TX_3,2012-05-31 02:00:00,2.2647245277773638,2.332666263610685
TX_3,2012-05-31 02:30:00,2.707596872551943,2.788824778728501
TX_3,2012-05-31 03:00:00,2.535717904735332,2.611789441877392
TX_3,2012-05-31 03:30:00,2.3587678881495138,2.4295309247939993
TX_3,2012-05-31 04:00:00,2.331869197385587,2.401825273307155
TX_3,2012-05-31 04:30:00,3.3001733056689324,3.3991785048390004
TX_3,2012-05-31 05:00:00,3.264358467398574,3.3622892214205313
TX_3,2012-05-31 05:30:00,6.12929656522733,6.31317546218415
TX_3,2012-05-31 06:00:00,10.163480157630545,10.46838456235946
TX_3,2012-05-31 06:30:00,7.345377371846067,7.565738693001449
TX_3,2012-05-31 07:00:00,3.982300445013835,4.1017694583642506
TX_3,2012-05-31 07:30:00,6.6205335657435045,6.81914957271581
TX_3,2012-05-31 08:00:00,3.8482453636115053,3.9636927245198503
TX_3,2012-05-31 08:30:00,6.348949023517546,6.5394174942230725
TX_3,2012-05-31 09:00:00,5.0535211269740365,5.205126760783258
TX_3,2012-05-31 09:30:00,3.7201551693976858,3.8317598244796165
TX_3,2012-05-31 10:00:00,4.233371296393394,4.360372435285196
TX_3,2012-05-31 10:30:00,5.293753276851095,5.452565875156628
TX_3,2012-05-31 11:00:00,6.1074517602363105,6.2906753130434
TX_3,2012-05-31 11:30:00,6.051168316078191,6.232703365560536
TX_3,2012-05-31 12:00:00,4.778543974977867,4.921900294227203
TX_3,2012-05-31 12:30:00,3.1618422085067657,3.256697474761969
TX_3,2012-05-31 13:00:00,3.7887901230244707,3.902453826715205
TX_3,2012-05-31 13:30:00,7.315220191758909,7.534676797511676
TX_3,2012-05-31 14:00:00,5.5497209976117565,5.716212627540109
TX_3,2012-05-31 14:30:00,4.208604908898511,4.334863056165466
TX_3,2012-05-31 15:00:00,4.644908896420075,4.784256163312677
TX_3,2012-05-31 15:30:00,7.987319803388728,8.22693939749039
TX_3,2012-05-31 16:00:00,4.1942913449170325,4.320120085264543
TX_3,2012-05-31 16:30:00,6.266312493365347,6.454301868166308
TX_3,2012-05-31 17:00:00,5.847471987878682,6.022896147515042
TX_3,2012-05-31 17:30:00,4.765589381830974,4.908557063285904
TX_3,2012-05-31 18:00:00,5.330934008991135,5.490862029260869
TX_3,2012-05-31 18:30:00,5.514233482587938,5.6796604870655765
TX_3,2012-05-31 19:00:00,7.198330192810347,7.4142800985946575
TX_3,2012-05-31 19:30:00,9.566152270843048,9.85313683896834
TX_3,2012-05-31 20:00:00,8.225836605755564,8.472611703928232
TX_3,2012-05-31 20:30:00,6.005022195087959,6.1851728609405985
TX_3,2012-05-31 21:00:00,5.202065843169848,5.3581278184649435
TX_3,2012-05-31 21:30:00,6.837377653080687,7.042498982673108
TX_3,2012-05-31 22:00:00,6.704825497530833,6.9059702624567585
TX_3,2012-05-31 22:30:00,6.730718930923704,6.932640498851415
TX_3,2012-05-31 23:00:00,3.3194283885197025,3.4190112401752937
TX_3,2012-05-31 23:30:00,2.953184863650109,3.041780409559612
TX_3,2012-06-01 00:00:00,2.5838754795087664,2.6613917438940295
TX_3,2012-06-01 00:30:00,2.633419320773312,2.712421900396511
TX_3,2012-06-01 01:00:00,2.358868006201068,2.4296340463871
TX_3,2012-06-01 01:30:00,3.320656509707142,3.4202762049983564
TX_3,2012-06-01 02:00:00,2.572986759163508,2.650176361938413
TX_3,2012-06-01 02:30:00,2.5610965740896248,2.6379294713123134
TX_3,2012-06-01 03:00:00,4.298798067735402,4.427762009767464
TX_3,2012-06-01 03:30:00,2.0433342025783694,2.1046342286557205
TX_3,2012-06-01 04:00:00,1.9934331875595261,2.053236183186312
TX_3,2012-06-01 04:30:00,2.924735261935494,3.012477319793559
TX_3,2012-06-01 05:00:00,2.977482215027383,3.0668066814782047
TX_3,2012-06-01 05:30:00,3.731606995721882,3.8435552055935385
TX_3,2012-06-01 06:00:00,3.6070966019369757,3.715309499995085
TX_3,2012-06-01 06:30:00,3.3358784234013115,3.435954776103351
TX_3,2012-06-01 07:00:00,3.9324704442209564,4.050444557547586
TX_3,2012-06-01 07:30:00,6.148900382583872,6.333367394061389
TX_3,2012-06-01 08:00:00,6.71231822586538,6.913687772641342
TX_3,2012-06-01 08:30:00,5.300976381518882,5.460005672964448
TX_3,2012-06-01 09:00:00,4.681354098597886,4.821794721555823
TX_3,2012-06-01 09:30:00,2.876880734285616,2.9631871563141847
TX_3,2012-06-01 10:00:00,3.7033571130518395,3.8144578264433946
TX_3,2012-06-01 10:30:00,2.8211706635483713,2.9058057834548223
TX_3,2012-06-01 11:00:00,3.71955798211943,3.8311447215830126
TX_3,2012-06-01 11:30:00,4.944074435649982,5.092396668719482
TX_3,2012-06-01 12:00:00,5.61867772969506,5.787238061585912
TX_3,2012-06-01 12:30:00,3.857892351702994,3.973629122254084
TX_3,2012-06-01 13:00:00,5.091132989299249,5.243866978978226
TX_3,2012-06-01 13:30:00,3.9380415592122118,4.056182805988578
TX_3,2012-06-01 14:00:00,3.614359244054344,3.7227900213759746
TX_3,2012-06-01 14:30:00,3.6468408633683285,3.7562460892693785
TX_3,2012-06-01 15:00:00,3.2501144749316064,3.347617909179555
TX_3,2012-06-01 15:30:00,4.94070823539236,5.08892948245413
TX_3,2012-06-01 16:00:00,7.2373291529496715,7.454449027538161
TX_3,2012-06-01 16:30:00,4.507478398465651,4.6427027504196205
TX_3,2012-06-01 17:00:00,5.697413011935287,5.868335402293345
TX_3,2012-06-01 17:30:00,5.373545640135542,5.534752009339608
TX_3,2012-06-01 18:00:00,7.814905739219483,8.049352911396069
TX_3,2012-06-01 18:30:00,8.149248659690269,8.393726119480977
TX_3,2012-06-01 19:00:00,11.097304832920521,11.430223977908136
TX_3,2012-06-01 19:30:00,7.3363046623123465,7.556393802181717
TX_3,2012-06-01 20:00:00,7.175803898884352,7.391078015850883
TX_3,2012-06-01 20:30:00,6.895428704797925,7.102291565941862
TX_3,2012-06-01 21:00:00,7.487540617078405,7.712166835590757
TX_3,2012-06-01 21:30:00,6.6871276050605415,6.887741433212358
TX_3,2012-06-01 22:00:00,4.874692456926149,5.020933230633934
TX_3,2012-06-01 22:30:00,4.696608905939932,4.83750717311813
TX_3,2012-06-01 23:00:00,4.352770827231169,4.4833539520481045
TX_3,2012-06-01 23:30:00,3.730386485184352,3.8422980797398827
TX_3,2012-06-02 00:00:00,3.0405123327686683,3.1317277027517285
TX_3,2012-06-02 00:30:00,2.500221769811221,2.5752284229055573
TX_3,2012-06-02 01:00:00,2.366054515058357,2.437036150510108
TX_3,2012-06-02 01:30:00,2.370513448546228,2.441628852002615
TX_3,2012-06-02 02:00:00,2.3032094477480474,2.372305731180489
TX_3,2012-06-02 02:30:00,2.92370222862124,3.0114132954798776
TX_3,2012-06-02 03:00:00,2.5273102289553746,2.603129535824036
TX_3,2012-06-02 03:30:00,2.383934863656178,2.4554529095658637
TX_3,2012-06-02 04:00:00,2.416762552294395,2.4892654288632268
TX_3,2012-06-02 04:30:00,2.801868524801506,2.8859245805455513
TX_3,2012-06-02 05:00:00,2.5727758200467146,2.649959094648116
TX_3,2012-06-02 05:30:00,2.551640617476066,2.6281898360003484
TX_3,2012-06-02 06:00:00,5.356262523368346,5.516950399069397
TX_3,2012-06-02 06:30:00,5.250879041437997,5.408405412681137
TX_3,2012-06-02 07:00:00,6.900644825374931,7.107664170136179
TX_3,2012-06-02 07:30:00,5.806608480583715,5.980806735001226
TX_3,2012-06-02 08:00:00,6.037189524311908,6.218305210041265
TX_3,2012-06-02 08:30:00,4.630539014316672,4.769455184746172
TX_3,2012-06-02 09:00:00,4.642401590598136,4.7816736383160805
TX_3,2012-06-02 09:30:00,5.1171106194595675,5.270623938043355
TX_3,2012-06-02 10:00:00,4.238188190222774,4.365333835929457
TX_3,2012-06-02 10:30:00,4.222683061713946,4.3493635535653645
TX_3,2012-06-02 11:00:00,6.428581208707814,6.621438644969048
TX_3,2012-06-02 11:30:00,5.651719261571189,5.821270839418324
TX_3,2012-06-02 12:00:00,3.7549519595036145,3.867600518288723
TX_3,2012-06-02 12:30:00,5.7429364731090065,5.9152245673022765
TX_3,2012-06-02 13:00:00,5.415453007056389,5.57791659726808
TX_3,2012-06-02 13:30:00,3.858519012116126,3.97427458247961
TX_3,2012-06-02 14:00:00,4.187060589503071,4.312672407188163
TX_3,2012-06-02 14:30:00,3.813375110174519,3.927776363479755
TX_3,2012-06-02 15:00:00,4.056969276672977,4.178678354973166
TX_3,2012-06-02 15:30:00,4.145251372408284,4.269608913580533
TX_3,2012-06-02 16:00:00,5.054055767733476,5.205677440765481
TX_3,2012-06-02 16:30:00,4.139748319423417,4.263940769006119
TX_3,2012-06-02 17:00:00,3.4267437446669633,3.5295460570069723
TX_3,2012-06-02 17:30:00,5.147505613345068,5.30193078174542
TX_3,2012-06-02 18:00:00,5.185184708595068,5.340740249852921
TX_3,2012-06-02 18:30:00,7.591154517046624,7.818889152558023
TX_3,2012-06-02 19:00:00,9.171366296725955,9.446507285627733
TX_3,2012-06-02 19:30:00,5.4355805136369435,5.598647929046052
TX_3,2012-06-02 20:00:00,5.296808445508542,5.455712698873798
TX_3,2012-06-02 20:30:00,4.983302896929539,5.1328019838374255
TX_3,2012-06-02 21:00:00,5.1722437494002245,5.3274110618822315
TX_3,2012-06-02 21:30:00,5.551515333810996,5.718060793825326
TX_3,2012-06-02 22:00:00,4.907459050911993,5.054682822439353
TX_3,2012-06-02 22:30:00,5.211869916712985,5.3682260142143745
TX_3,2012-06-02 23:00:00,4.535543168914066,4.671609463981489
TX_3,2012-06-02 23:30:00,3.8990030557384596,4.015973147410613
TX_3,2012-06-03 00:00:00,3.7032207992650905,3.8143174232430432
TX_3,2012-06-03 00:30:00,3.4473389355444315,3.5507591036107646
TX_3,2012-06-03 01:00:00,3.0104399478249424,3.1007531462596907
TX_3,2012-06-03 01:30:00,2.4044589428990206,2.476592711185991
TX_3,2012-06-03 02:00:00,2.208054263174291,2.27429589106952
TX_3,2012-06-03 02:30:00,2.6657607337649956,2.7457335557779454
TX_3,2012-06-03 03:00:00,2.461112269386094,2.534945637467677
TX_3,2012-06-03 03:30:00,2.0317307765145087,2.092682699809944
TX_3,2012-06-03 04:00:00,2.1901040156035654,2.2558071360716725
TX_3,2012-06-03 04:30:00,1.984905412012307,2.0444525743726762
TX_3,2012-06-03 05:00:00,2.1739081290318047,2.239125372902759
TX_3,2012-06-03 05:30:00,2.8519356240161238,2.9374936927366075
TX_3,2012-06-03 06:00:00,2.7163211483682757,2.797810782819324
TX_3,2012-06-03 06:30:00,2.8620129432846704,2.9478733315832106
TX_3,2012-06-03 07:00:00,5.1932234848783585,5.349020189424709
TX_3,2012-06-03 07:30:00,7.05249001351125,7.2640647139165875
TX_3,2012-06-03 08:00:00,6.4117991603487265,6.604153135159189
TX_3,2012-06-03 08:30:00,4.268849803859017,4.396915297974788
TX_3,2012-06-03 09:00:00,5.9610846538094435,6.139917193423727
TX_3,2012-06-03 09:30:00,4.962930001530209,5.111817901576115
TX_3,2012-06-03 10:00:00,4.89179243439446,5.038546207426293
TX_3,2012-06-03 10:30:00,4.813355987864434,4.957756667500368
TX_3,2012-06-03 11:00:00,4.8444880866058435,4.989822729204019
TX_3,2012-06-03 11:30:00,5.048444206434848,5.199897532627894
TX_3,2012-06-03 12:00:00,8.78176780653589,9.045220840731968
TX_3,2012-06-03 12:30:00,7.352248586167739,7.572816043752771
TX_3,2012-06-03 13:00:00,7.174197379268966,7.389423300647035
TX_3,2012-06-03 13:30:00,5.279760585138702,5.438153402692864
TX_3,2012-06-03 14:00:00,4.263624870383396,4.391533616494898
TX_3,2012-06-03 14:30:00,4.872159628367459,5.0183244172184835
TX_3,2012-06-03 15:00:00,5.215318255150371,5.371777802804882
TX_3,2012-06-03 15:30:00,7.262376293571013,7.480247582378144
TX_3,2012-06-03 16:00:00,9.639172589760207,9.928347767453014
TX_3,2012-06-03 16:30:00,12.848562091649871,13.234018954399367
TX_3,2012-06-03 17:00:00,9.201098961859591,9.477131930715379
TX_3,2012-06-03 17:30:00,13.726383957812121,14.138175476546486
TX_3,2012-06-03 18:00:00,9.388772561341383,9.670435738181625
TX_3,2012-06-03 18:30:00,11.549457972354674,11.895941711525314
TX_3,2012-06-03 19:00:00,10.116224817735711,10.419711562267782
TX_3,2012-06-03 19:30:00,7.284818376529271,7.503362927825149
TX_3,2012-06-03 20:00:00,7.929415780354001,8.16729825376462
TX_3,2012-06-03 20:30:00,5.875089731778926,6.051342423732295
TX_3,2012-06-03 21:00:00,6.896387031852958,7.103278642808547
TX_3,2012-06-03 21:30:00,7.739698153882896,7.971889098499384
TX_3,2012-06-03 22:00:00,5.472946354667932,5.63713474530797
TX_3,2012-06-03 22:30:00,5.099556640145592,5.25254333934996
TX_3,2012-06-03 23:00:00,4.517130839850872,4.652644765046398
TX_3,2012-06-03 23:30:00,3.5830955467733823,3.690588413176584
TX_3,2012-06-04 00:00:00,3.810053220516509,3.9243548171320044
TX_3,2012-06-04 00:30:00,5.541570234767281,5.7078173418102995
TX_3,2012-06-04 01:00:00,3.432357881771743,3.535328618224895
TX_3,2012-06-04 01:30:00,3.4202538390335815,3.522861454204589
TX_3,2012-06-04 02:00:00,5.2047759726119995,5.360919251790359
TX_3,2012-06-04 02:30:00,4.709669053384299,4.8509591249858275
TX_3,2012-06-04 03:00:00,3.995817814819406,4.1156923492639885
TX_3,2012-06-04 03:30:00,3.26364191050926,3.361551167824538
TX_3,2012-06-04 04:00:00,1.9787391473952407,2.038101321817098
TX_3,2012-06-04 04:30:00,2.1656676687819747,2.230637698845434
TX_3,2012-06-04 05:00:00,2.00872748341601,2.06898930791849
TX_3,2012-06-04 05:30:00,2.5226100814294976,2.5982883838723825
TX_3,2012-06-04 06:00:00,2.6318907180286133,2.7108474395694717
TX_3,2012-06-04 06:30:00,3.9383199828474442,4.056469582332868
TX_3,2012-06-04 07:00:00,3.2809998035740864,3.379429797681309
TX_3,2012-06-04 07:30:00,3.8163088495368833,3.93079811502299
TX_3,2012-06-04 08:00:00,3.8833948902984394,3.9998967370073926
TX_3,2012-06-04 08:30:00,4.74358210003747,4.885889563038594
TX_3,2012-06-04 09:00:00,6.1641916914303625,6.349117442173274
TX_3,2012-06-04 09:30:00,7.221337368323189,7.4379774893728845
TX_3,2012-06-04 10:00:00,6.119062786230522,6.302634669817438
TX_3,2012-06-04 10:30:00,5.199774834976587,5.355768080025885
TX_3,2012-06-04 11:00:00,5.543503942188002,5.709809060453642
TX_3,2012-06-04 11:30:00,5.293960432956514,5.45277924594521
TX_3,2012-06-04 12:00:00,5.348202604595528,5.508648682733394
TX_3,2012-06-04 12:30:00,7.1849796952165335,7.400529086073029
TX_3,2012-06-04 13:00:00,7.181441632294969,7.396884881263818
TX_3,2012-06-04 13:30:00,8.254217877922208,8.501844414259875
TX_3,2012-06-04 14:00:00,8.460025828529586,8.713826603385474
TX_3,2012-06-04 14:30:00,8.511642769109788,8.766992052183081
TX_3,2012-06-04 15:00:00,6.688777319503504,6.889440639088609
TX_3,2012-06-04 15:30:00,5.573682826820887,5.740893311625514
TX_3,2012-06-04 16:00:00,7.1258192073679725,7.339593783589012
TX_3,2012-06-04 16:30:00,5.593337958568334,5.761138097325384
TX_3,2012-06-04 17:00:00,5.8492803063252845,6.024758715515043
TX_3,2012-06-04 17:30:00,5.6381798126573965,5.807325207037119
TX_3,2012-06-04 18:00:00,6.240120885731472,6.427324512303416
TX_3,2012-06-04 18:30:00,7.878340681125925,8.114690901559703
TX_3,2012-06-04 19:00:00,7.22977303622372,7.446666227310431
TX_3,2012-06-04 19:30:00,5.790996849776163,5.9647267552694485
TX_3,2012-06-04 20:00:00,5.87747219029794,6.053796356006878
TX_3,2012-06-04 20:30:00,6.17938552694796,6.364767092756399
TX_3,2012-06-04 21:00:00,6.55061897127899,6.747137540417359
TX_3,2012-06-04 21:30:00,6.75945586835568,6.9622395444063505
TX_3,2012-06-04 22:00:00,6.633767761204295,6.832780794040424
TX_3,2012-06-04 22:30:00,5.791065958882134,5.964797937648599
TX_3,2012-06-04 23:00:00,4.18801755376631,4.313658080379299
TX_3,2012-06-04 23:30:00,4.226285782211105,4.353074355677438
TX_3,2012-06-05 00:00:00,3.4014063846726876,3.503448576212868
TX_3,2012-06-05 00:30:00,3.2699368003657736,3.368034904376747
TX_3,2012-06-05 01:00:00,2.995275515771842,3.0851337812449975
TX_3,2012-06-05 01:30:00,7.127061029442382,7.3408728603256534
TX_3,2012-06-05 02:00:00,3.9642587610165716,4.083186523847069
TX_3,2012-06-05 02:30:00,3.671537842721814,3.7816839780034686
TX_3,2012-06-05 03:00:00,5.144147407616023,5.2984718298445035
TX_3,2012-06-05 03:30:00,2.7791019508700465,2.862475009396148
TX_3,2012-06-05 04:00:00,2.569734304345807,2.6468263334761817
TX_3,2012-06-05 04:30:00,3.4292066468473594,3.5320828462527802
TX_3,2012-06-05 05:00:00,3.55608930963491,3.6627719889239576
TX_3,2012-06-05 05:30:00,2.844389427152429,2.929721109967002
TX_3,2012-06-05 06:00:00,3.203166614325887,3.2992616127556635
TX_3,2012-06-05 06:30:00,3.1832802175792105,3.278778624106587
TX_3,2012-06-05 07:00:00,3.71824563646457,3.829793005558507
TX_3,2012-06-05 07:30:00,3.3940231866833472,3.4958438822838476
TX_3,2012-06-05 08:00:00,6.673143099256091,6.873337392233774
TX_3,2012-06-05 08:30:00,6.709957194691953,6.911255910532712
TX_3,2012-06-05 09:00:00,6.338468693031277,6.528622753822215
TX_3,2012-06-05 09:30:00,6.743406362574371,6.945708553451602
TX_3,2012-06-05 10:00:00,8.213125822462825,8.45951959713671
TX_3,2012-06-05 10:30:00,7.85882798072706,8.094592820148872
TX_3,2012-06-05 11:00:00,7.249089912153468,7.466562609518072
TX_3,2012-06-05 11:30:00,7.762921318452563,7.99580895800614
TX_3,2012-06-05 12:00:00,7.081574497466389,7.29402173239038
TX_3,2012-06-05 12:30:00,8.269865283424245,8.517961241926972
TX_3,2012-06-05 13:00:00,7.735326461166784,7.967386255001787
TX_3,2012-06-05 13:30:00,7.87473545340254,8.110977517004617
TX_3,2012-06-05 14:00:00,5.423422180899717,5.586124846326709
TX_3,2012-06-05 14:30:00,4.949882866086882,5.098379352069489
TX_3,2012-06-05 15:00:00,7.607647643305284,7.835877072604442
TX_3,2012-06-05 15:30:00,4.310522823744032,4.4398385084563525
TX_3,2012-06-05 16:00:00,5.031384992807972,5.182326542592211
TX_3,2012-06-05 16:30:00,4.773813662153709,4.91702807201832
TX_3,2012-06-05 17:00:00,6.300747582786668,6.489770010270268
TX_3,2012-06-05 17:30:00,5.637860527323617,5.806996343143325
TX_3,2012-06-05 18:00:00,7.124615313155307,7.338353772549967
TX_3,2012-06-05 18:30:00,10.071700501754849,10.373851516807495
TX_3,2012-06-05 19:00:00,10.020166262972367,10.320771250861538
TX_3,2012-06-05 19:30:00,9.912844667584043,10.210230007611564
TX_3,2012-06-05 20:00:00,8.886160763884755,9.152745586801299
TX_3,2012-06-05 20:30:00,6.1752687708474845,6.3605268339729095
TX_3,2012-06-05 21:00:00,6.492711471728108,6.687492815879952
TX_3,2012-06-05 21:30:00,7.011064116902909,7.221396040409997
TX_3,2012-06-05 22:00:00,5.955718408498259,6.134389960753207
TX_3,2012-06-05 22:30:00,4.723493131611604,4.8651979255599525
TX_3,2012-06-05 23:00:00,4.941280582371433,5.089518999842576
TX_3,2012-06-05 23:30:00,3.6623608975559936,3.7722317244826735
TX_3,2012-06-06 00:00:00,3.0386513272961313,3.1298108671150153
TX_3,2012-06-06 00:30:00,2.7434150404376316,2.8257174916507606
TX_3,2012-06-06 01:00:00,3.8582785124212244,3.9740268677938615
TX_3,2012-06-06 01:30:00,2.85594237430369,2.941620645532801
TX_3,2012-06-06 02:00:00,2.552634939276071,2.629213987454353
TX_3,2012-06-06 02:30:00,5.052828551940622,5.204413408498841
TX_3,2012-06-06 03:00:00,2.862969619343069,2.9488587079233612
TX_3,2012-06-06 03:30:00,2.3142964198378033,2.3837253124329374
TX_3,2012-06-06 04:00:00,2.954126966369122,3.042750775360196
TX_3,2012-06-06 04:30:00,2.7548754593230282,2.837521723102719
TX_3,2012-06-06 05:00:00,2.68951426446393,2.770199692397848
TX_3,2012-06-06 05:30:00,4.647025249437183,4.786436006920299
TX_3,2012-06-06 06:00:00,3.6752869925972376,3.7855456023751546
TX_3,2012-06-06 06:30:00,3.9045760708677513,4.021713352993784
TX_3,2012-06-06 07:00:00,6.812978634494042,7.017367993528864
TX_3,2012-06-06 07:30:00,6.704692427174298,6.9058331999895275
TX_3,2012-06-06 08:00:00,5.47953142426483,5.643917366992775
TX_3,2012-06-06 08:30:00,4.890157266346446,5.036861984336839
TX_3,2012-06-06 09:00:00,4.6356910572473335,4.774761788964754
TX_3,2012-06-06 09:30:00,5.258247252972201,5.415994670561368
TX_3,2012-06-06 10:00:00,6.05303421987667,6.23462524647297
TX_3,2012-06-06 10:30:00,6.692682416972615,6.8934628894817935
TX_3,2012-06-06 11:00:00,4.106446182224434,4.229639567691167
TX_3,2012-06-06 11:30:00,5.493930691030722,5.658748611761644
TX_3,2012-06-06 12:00:00,6.539708214959476,6.735899461408261
TX_3,2012-06-06 12:30:00,4.152352383145033,4.276922954639383
TX_3,2012-06-06 13:00:00,4.277932788997465,4.40627077266739
TX_3,2012-06-06 13:30:00,5.846676768308728,6.02207707135799
TX_3,2012-06-06 14:00:00,5.318365178667473,5.477916134027497
TX_3,2012-06-06 14:30:00,3.722160373091691,3.833825184284442
TX_3,2012-06-06 15:00:00,8.46450163608403,8.718436685166552
TX_3,2012-06-06 15:30:00,5.7728884052461495,5.946075057403534
TX_3,2012-06-06 16:00:00,5.424632231451797,5.587371198395351
TX_3,2012-06-06 16:30:00,4.994991650401513,5.144841399913559
TX_3,2012-06-06 17:00:00,4.579429991546435,4.716812891292829
TX_3,2012-06-06 17:30:00,4.299917176771029,4.4289146920741596
TX_3,2012-06-06 18:00:00,5.150296206383208,5.304805092574704
TX_3,2012-06-06 18:30:00,5.928536575147977,6.106392672402416
TX_3,2012-06-06 19:00:00,6.426999631771736,6.6198096207248875
TX_3,2012-06-06 19:30:00,7.67191097368476,7.902068302895303
TX_3,2012-06-06 20:00:00,9.401661129896464,9.683710963793358
TX_3,2012-06-06 20:30:00,8.63317535158078,8.892170612128204
TX_3,2012-06-06 21:00:00,7.586380305704036,7.813971714875158
TX_3,2012-06-06 21:30:00,7.146346090376207,7.360736473087494
TX_3,2012-06-06 22:00:00,6.55913006048652,6.755903962301116
TX_3,2012-06-06 22:30:00,5.4989998225184324,5.663969817193985
TX_3,2012-06-06 23:00:00,4.988427578144976,5.138080405489325
TX_3,2012-06-06 23:30:00,4.479756081656628,4.614148764106327
TX_3,2012-06-07 00:00:00,4.382378027373756,4.513849368194968
TX_3,2012-06-07 00:30:00,5.550570318297375,5.717087427846296
TX_3,2012-06-07 01:00:00,2.9341304058518354,3.0221543180273907
TX_3,2012-06-07 01:30:00,3.60151575448143,3.7095612271158727
TX_3,2012-06-07 02:00:00,2.9713568178495287,3.0604975223850146
TX_3,2012-06-07 02:30:00,2.5587207150391524,2.6354823364903273
TX_3,2012-06-07 03:00:00,3.0309300832652637,3.1218579857632216
TX_3,2012-06-07 03:30:00,2.1621392078810167,2.227003384117447
TX_3,2012-06-07 04:00:00,2.455473853196187,2.5291380687920726
TX_3,2012-06-07 04:30:00,3.0601954363922768,3.152001299484045
TX_3,2012-06-07 05:00:00,3.3549376300904545,3.4555857589931684
TX_3,2012-06-07 05:30:00,4.336851301959665,4.466956841018455
TX_3,2012-06-07 06:00:00,3.6364299534767954,3.7455228520810993
TX_3,2012-06-07 06:30:00,3.3047395426229635,3.4038817289016525
TX_3,2012-06-07 07:00:00,3.610767432468188,3.7190904554422337
TX_3,2012-06-07 07:30:00,6.166536281152589,6.351532369587167
TX_3,2012-06-07 08:00:00,5.328424144077728,5.488276868400059
TX_3,2012-06-07 08:30:00,3.6069290431700005,3.7151369144651007
TX_3,2012-06-07 09:00:00,5.442677885060752,5.605958221612574
TX_3,2012-06-07 09:30:00,4.92867690345444,5.076537210558074
TX_3,2012-06-07 10:00:00,4.913824017864869,5.061238738400815
TX_3,2012-06-07 10:30:00,6.266708306143728,6.45470955532804
TX_3,2012-06-07 11:00:00,4.747415456454895,4.889837920148542
TX_3,2012-06-07 11:30:00,6.377098917863987,6.5684118853999065
TX_3,2012-06-07 12:00:00,4.119330955821389,4.24291088449603
TX_3,2012-06-07 12:30:00,4.21865415430996,4.345213778939259
TX_3,2012-06-07 13:00:00,3.89589090339248,4.012767630494254
TX_3,2012-06-07 13:30:00,5.505805361760015,5.670979522612816
TX_3,2012-06-07 14:00:00,3.9777821403877316,4.097115604599364
TX_3,2012-06-07 14:30:00,5.244265651989188,5.401593621548864
TX_3,2012-06-07 15:00:00,7.9232498862330285,8.16094738282002
TX_3,2012-06-07 15:30:00,9.206170247388622,9.48235535481028
TX_3,2012-06-07 16:00:00,6.4419510544598655,6.635209586093661
TX_3,2012-06-07 16:30:00,6.182200115889749,6.367666119366442
TX_3,2012-06-07 17:00:00,4.525422357378338,4.6611850280996885
TX_3,2012-06-07 17:30:00,6.153597950556263,6.338205889072951
TX_3,2012-06-07 18:00:00,5.19664723973526,5.352546656927317
TX_3,2012-06-07 18:30:00,6.989518468548698,7.1992040226051595
TX_3,2012-06-07 19:00:00,7.287152079346755,7.505766641727158
TX_3,2012-06-07 19:30:00,8.736500277762614,8.998595286095492
TX_3,2012-06-07 20:00:00,7.5919120305377294,7.8196693914538615
TX_3,2012-06-07 20:30:00,6.770019379020536,6.973119960391153
TX_3,2012-06-07 21:00:00,7.403456496114773,7.625560190998216
TX_3,2012-06-07 21:30:00,6.221429232255489,6.408072109223154
TX_3,2012-06-07 22:00:00,5.62595092863232,5.7947294564912895
TX_3,2012-06-07 22:30:00,5.498934901899604,5.663902948956593
TX_3,2012-06-07 23:00:00,4.453201854510463,4.586797910145777
TX_3,2012-06-07 23:30:00,4.048830228446584,4.170295135299981
TX_3,2012-06-08 00:00:00,4.029815816457924,4.150710290951661
TX_3,2012-06-08 00:30:00,3.0951655214444536,3.1880204870877873
TX_3,2012-06-08 01:00:00,2.5145015753447053,2.5899366226050464
TX_3,2012-06-08 01:30:00,5.059766309301298,5.211559298580338
TX_3,2012-06-08 02:00:00,2.311395157704396,2.3807370124355276
TX_3,2012-06-08 02:30:00,2.6020732908253716,2.680135489550133
TX_3,2012-06-08 03:00:00,2.1608483267382925,2.2256737765404413
TX_3,2012-06-08 03:30:00,1.8912330278510545,1.9479700186865863
TX_3,2012-06-08 04:00:00,2.0643208082081803,2.126250432454426
TX_3,2012-06-08 04:30:00,3.491410457349762,3.596152771070255
TX_3,2012-06-08 05:00:00,3.0555866697364378,3.147254269828531
TX_3,2012-06-08 05:30:00,4.289926472078904,4.418624266241271
TX_3,2012-06-08 06:00:00,3.3508951361688992,3.4514219902539662
TX_3,2012-06-08 06:30:00,3.406759750368857,3.5089625428799227
TX_3,2012-06-08 07:00:00,3.457710982651971,3.5614423121315304
TX_3,2012-06-08 07:30:00,7.390979914400607,7.612709311832626
TX_3,2012-06-08 08:00:00,4.395170658434218,4.5270257781872445
TX_3,2012-06-08 08:30:00,6.681262649349551,6.881700528830038
TX_3,2012-06-08 09:00:00,8.535195614482376,8.791251482916847
TX_3,2012-06-08 09:30:00,7.301749180656184,7.52080165607587
TX_3,2012-06-08 10:00:00,7.477656486757891,7.7019861813606285
TX_3,2012-06-08 10:30:00,9.012840276153225,9.283225484437823
TX_3,2012-06-08 11:00:00,6.118972367535774,6.302541538561847
TX_3,2012-06-08 11:30:00,7.354470289652647,7.575104398342226
TX_3,2012-06-08 12:00:00,5.99137167244873,6.171112822622192
TX_3,2012-06-08 12:30:00,5.642693006763831,5.811973796966746
TX_3,2012-06-08 13:00:00,4.2058138686001385,4.331988284658142
TX_3,2012-06-08 13:30:00,5.816299271098316,5.990788249231266
TX_3,2012-06-08 14:00:00,5.540039116872365,5.7062402903785365
TX_3,2012-06-08 14:30:00,6.338280673508983,6.528429093714252
TX_3,2012-06-08 15:00:00,5.538076435080634,5.704218728133053
TX_3,2012-06-08 15:30:00,5.332540794335082,5.492517018165135
TX_3,2012-06-08 16:00:00,6.622886079166154,6.821572661541139
TX_3,2012-06-08 16:30:00,6.039131034133867,6.220304965157883
TX_3,2012-06-08 17:00:00,6.888547348488188,7.0952037689428336
TX_3,2012-06-08 17:30:00,5.093411429753731,5.246213772646343
TX_3,2012-06-08 18:00:00,5.586043723331197,5.753625035031133
TX_3,2012-06-08 18:30:00,6.705295536379781,6.906454402471175
TX_3,2012-06-08 19:00:00,9.69274584307394,9.983528218366159
TX_3,2012-06-08 19:30:00,7.640728014881953,7.869949855328412
TX_3,2012-06-08 20:00:00,6.928343397861521,7.136193699797367
TX_3,2012-06-08 20:30:00,6.19647956187077,6.382373948726894
TX_3,2012-06-08 21:00:00,6.65113534420236,6.850669404528431
TX_3,2012-06-08 21:30:00,5.707621375369479,5.8788500166305635
TX_3,2012-06-08 22:00:00,4.80821713139057,4.952463645332288
TX_3,2012-06-08 22:30:00,4.693272398128126,4.834070570071971
TX_3,2012-06-08 23:00:00,6.1767352758116125,6.3620373340859615
TX_3,2012-06-08 23:30:00,3.108493067485074,3.2017478595096263
TX_3,2012-06-09 00:00:00,3.6164580580978942,3.7249517998408312
TX_3,2012-06-09 00:30:00,4.031609338273727,4.152557618421938
TX_3,2012-06-09 01:00:00,2.4899017695398427,2.564598822626038
TX_3,2012-06-09 01:30:00,2.6049353722490025,2.683083433416473
TX_3,2012-06-09 02:00:00,3.9802114026100415,4.099617744688342
TX_3,2012-06-09 02:30:00,2.7415097974403393,2.8237550913635494
TX_3,2012-06-09 03:00:00,2.5994813511632366,2.677465791698134
TX_3,2012-06-09 03:30:00,2.1118313587852704,2.1751862995488285
TX_3,2012-06-09 04:00:00,2.003831424199383,2.063946366925365
TX_3,2012-06-09 04:30:00,2.672568085183531,2.752745127739037
TX_3,2012-06-09 05:00:00,2.6514434938271556,2.7309867986419705
TX_3,2012-06-09 05:30:00,2.659818787079678,2.739613350692068
TX_3,2012-06-09 06:00:00,2.9449062391840863,3.033253426359609
TX_3,2012-06-09 06:30:00,3.2677462180462897,3.3657786045876783
TX_3,2012-06-09 07:00:00,4.214110124454775,4.340533428188419
TX_3,2012-06-09 07:30:00,4.897440727413602,5.04436394923601
TX_3,2012-06-09 08:00:00,8.157224067592496,8.401940789620271
TX_3,2012-06-09 08:30:00,4.615625340881314,4.7540941011077535
TX_3,2012-06-09 09:00:00,5.388865493659796,5.55053145846959
TX_3,2012-06-09 09:30:00,3.95597401947246,4.074653240056634
TX_3,2012-06-09 10:00:00,6.999665107540822,7.209655060767047
TX_3,2012-06-09 10:30:00,6.072929816208558,6.255117710694814
TX_3,2012-06-09 11:00:00,4.64720637706544,4.786622568377403
TX_3,2012-06-09 11:30:00,3.4949101203390875,3.5997574239492605
TX_3,2012-06-09 12:00:00,4.233443479477008,4.360446783861318
TX_3,2012-06-09 12:30:00,8.364256058663193,8.615183740423088
TX_3,2012-06-09 13:00:00,6.98156220565,7.191009071819501
TX_3,2012-06-09 13:30:00,6.759264998189107,6.962042948134781
TX_3,2012-06-09 14:00:00,4.419581998363189,4.5521694583140855
TX_3,2012-06-09 14:30:00,4.034434493631545,4.155467528440491
TX_3,2012-06-09 15:00:00,4.41100381550822,4.543333929973467
TX_3,2012-06-09 15:30:00,6.550876233119198,6.747402520112774
TX_3,2012-06-09 16:00:00,7.132733996658476,7.34671601655823
TX_3,2012-06-09 16:30:00,4.570902333615726,4.708029403624199
TX_3,2012-06-09 17:00:00,4.945722366079753,5.0940940370621455
TX_3,2012-06-09 17:30:00,7.324760678938035,7.544503499306177
TX_3,2012-06-09 18:00:00,8.424031918460193,8.676752876013998
TX_3,2012-06-09 18:30:00,7.628164811239464,7.857009755576648
TX_3,2012-06-09 19:00:00,5.037135129969458,5.188249183868542
TX_3,2012-06-09 19:30:00,5.866970895677626,6.042980022547955
TX_3,2012-06-09 20:00:00,6.889286538319015,7.095965134468586
TX_3,2012-06-09 20:30:00,5.094709477088498,5.247550761401153
TX_3,2012-06-09 21:00:00,5.865095458845371,6.041048322610732
TX_3,2012-06-09 21:30:00,5.523571135484941,5.689278269549489
TX_3,2012-06-09 22:00:00,5.177358498065822,5.332679253007797
TX_3,2012-06-09 22:30:00,5.4286580933743025,5.591517836175532
TX_3,2012-06-09 23:00:00,3.6572158459526403,3.7669323213312196
TX_3,2012-06-09 23:30:00,3.123438113202516,3.2171412565985915
TX_3,2012-06-10 00:00:00,4.160073636008063,4.284875845088305
TX_3,2012-06-10 00:30:00,3.5738452334434845,3.6810605904467892
TX_3,2012-06-10 01:00:00,2.732361905673212,2.8143327628434083
TX_3,2012-06-10 01:30:00,4.256642647716657,4.3843419271481565
TX_3,2012-06-10 02:00:00,2.179496183915564,2.244881069433031
TX_3,2012-06-10 02:30:00,2.7055231323825475,2.786688826354024
TX_3,2012-06-10 03:00:00,2.095853207741652,2.1587288039739017
TX_3,2012-06-10 03:30:00,2.117419730959743,2.1809423228885354
TX_3,2012-06-10 04:00:00,2.2062563582231847,2.2724440489698803
TX_3,2012-06-10 04:30:00,2.7799355994935624,2.8633336674783694
TX_3,2012-06-10 05:00:00,2.889872542133993,2.9765687183980125
TX_3,2012-06-10 05:30:00,2.7647188931877915,2.8476604599834254
TX_3,2012-06-10 06:00:00,3.053021376033163,3.144612017314158
TX_3,2012-06-10 06:30:00,3.3123298625518647,3.4116997584284205
TX_3,2012-06-10 07:00:00,2.9770780765416833,3.066390418837934
TX_3,2012-06-10 07:30:00,4.524881062448687,4.6606274943221475
TX_3,2012-06-10 08:00:00,5.5321644670551295,5.698129401066784
TX_3,2012-06-10 08:30:00,4.077953470220144,4.2002920743267484
TX_3,2012-06-10 09:00:00,4.382052786220056,4.513514369806658
TX_3,2012-06-10 09:30:00,5.838684071862157,6.013844594018022
TX_3,2012-06-10 10:00:00,6.548103819225306,6.744546933802065
TX_3,2012-06-10 10:30:00,6.001529177701108,6.181575053032141
TX_3,2012-06-10 11:00:00,6.209842312386738,6.396137581758341
TX_3,2012-06-10 11:30:00,6.854643843084063,7.060283158376586
TX_3,2012-06-10 12:00:00,6.964599638410322,7.173537627562632
TX_3,2012-06-10 12:30:00,5.230394178944145,5.38730600431247
TX_3,2012-06-10 13:00:00,7.535452501238931,7.761516076276099
TX_3,2012-06-10 13:30:00,11.328027186058844,11.66786800164061
TX_3,2012-06-10 14:00:00,6.675823455874067,6.876098159550289
TX_3,2012-06-10 14:30:00,3.7855823227551757,3.899149792437831
TX_3,2012-06-10 15:00:00,4.221128504752113,4.347762359894677
TX_3,2012-06-10 15:30:00,4.602699244133854,4.74078022145787
TX_3,2012-06-10 16:00:00,5.128590516150929,5.282448231635457
TX_3,2012-06-10 16:30:00,5.353533318979885,5.514139318549281
TX_3,2012-06-10 17:00:00,9.133363247272081,9.407364144690243
TX_3,2012-06-10 17:30:00,10.719315028390236,11.040894479241944
TX_3,2012-06-10 18:00:00,9.623738757403908,9.912450920126025
TX_3,2012-06-10 18:30:00,11.535242737849366,11.881300019984847
TX_3,2012-06-10 19:00:00,8.71715930732713,8.978674086546944
TX_3,2012-06-10 19:30:00,6.521645593914183,6.717294961731609
TX_3,2012-06-10 20:00:00,7.928835341389923,8.166700401631621
TX_3,2012-06-10 20:30:00,7.636300498250891,7.8653895131984175
TX_3,2012-06-10 21:00:00,6.371640774622941,6.562789997861629
TX_3,2012-06-10 21:30:00,5.070898258560424,5.223025206317237
TX_3,2012-06-10 22:00:00,4.968115804877784,5.117159279024118
TX_3,2012-06-10 22:30:00,4.30884029797199,4.43810550691115
TX_3,2012-06-10 23:00:00,3.2751972626670645,3.3734531805470764
TX_3,2012-06-10 23:30:00,2.681288493600409,2.761727148408421
TX_3,2012-06-11 00:00:00,2.460359460677878,2.5341702444982146
TX_3,2012-06-11 00:30:00,3.7025035541713525,3.813578660796493
TX_3,2012-06-11 01:00:00,2.253733226705978,2.321345223507157
TX_3,2012-06-11 01:30:00,4.357564940970291,4.4882918891994
TX_3,2012-06-11 02:00:00,2.642202617741155,2.7214686962733894
TX_3,2012-06-11 02:30:00,2.941356090132913,3.0295967728369004
TX_3,2012-06-11 03:00:00,2.462779540873023,2.536662927099214
TX_3,2012-06-11 03:30:00,2.1961200256627436,2.2620036264326258
TX_3,2012-06-11 04:00:00,2.550017753136205,2.6265182857302913
TX_3,2012-06-11 04:30:00,4.696990475211168,4.837900189467503
TX_3,2012-06-11 05:00:00,3.6078806663297684,3.7161170863196618
TX_3,2012-06-11 05:30:00,3.0076122458434105,3.097840613218713
TX_3,2012-06-11 06:00:00,5.228092235709722,5.384935002781014
TX_3,2012-06-11 06:30:00,4.67873696835331,4.8190990774039095
TX_3,2012-06-11 07:00:00,4.163402339471792,4.288304409655946
TX_3,2012-06-11 07:30:00,6.629912804799314,6.828810188943294
TX_3,2012-06-11 08:00:00,4.8103724021139405,4.954683574177359
TX_3,2012-06-11 08:30:00,7.299249682192851,7.518227172658637
TX_3,2012-06-11 09:00:00,8.048245946735499,8.289693325137563
TX_3,2012-06-11 09:30:00,7.028675589944762,7.239535857643105
TX_3,2012-06-11 10:00:00,8.851641942510149,9.117191200785454
TX_3,2012-06-11 10:30:00,7.796056202849818,8.029937888935313
TX_3,2012-06-11 11:00:00,8.725867349966595,8.987643370465593
TX_3,2012-06-11 11:30:00,8.580546465888128,8.837962859864772
TX_3,2012-06-11 12:00:00,9.002622007636928,9.272700667866037
TX_3,2012-06-11 12:30:00,7.240612229848876,7.457830596744343
TX_3,2012-06-11 13:00:00,8.90148356975331,9.16852807684591
TX_3,2012-06-11 13:30:00,6.378472263631963,6.569826431540922
TX_3,2012-06-11 14:00:00,4.492055284225544,4.626816942752311
TX_3,2012-06-11 14:30:00,4.777973706487464,4.921312917682088
TX_3,2012-06-11 15:00:00,5.837128447014611,6.01224230042505
TX_3,2012-06-11 15:30:00,5.974816649229921,6.154061148706819
TX_3,2012-06-11 16:00:00,5.1837947652994725,5.339308608258457
TX_3,2012-06-11 16:30:00,6.5435825777757755,6.739890055109049
TX_3,2012-06-11 17:00:00,7.826529444084216,8.061325327406744
TX_3,2012-06-11 17:30:00,7.445148860836653,7.668503326661753
TX_3,2012-06-11 18:00:00,8.21853089731632,8.46508682423581
TX_3,2012-06-11 18:30:00,8.917023443121769,9.184534146415423
TX_3,2012-06-11 19:00:00,10.607786945594572,10.92602055396241
TX_3,2012-06-11 19:30:00,10.0277418419138,10.328574097171215
TX_3,2012-06-11 20:00:00,7.754866006786921,7.987511986990529
TX_3,2012-06-11 20:30:00,6.463749298318142,6.657661777267686
TX_3,2012-06-11 21:00:00,6.052112515683009,6.2336758911535
TX_3,2012-06-11 21:30:00,4.858541365384181,5.004297606345707
TX_3,2012-06-11 22:00:00,4.164071879530792,4.288994035916716
TX_3,2012-06-11 22:30:00,4.443046421276779,4.5763378139150825
TX_3,2012-06-11 23:00:00,4.861932881951266,5.0077908684098045
TX_3,2012-06-11 23:30:00,4.084480772184812,4.2070151953503565
TX_3,2012-06-12 00:00:00,4.440414881115895,4.573627327549373
TX_3,2012-06-12 00:30:00,3.8365443546101394,3.9516406852484436
TX_3,2012-06-12 01:00:00,2.713833006700298,2.7952479969013067
TX_3,2012-06-12 01:30:00,4.811225384632149,4.955562146171113
TX_3,2012-06-12 02:00:00,3.008058677271542,3.0983004375896885
TX_3,2012-06-12 02:30:00,3.501182082006931,3.606217544467139
TX_3,2012-06-12 03:00:00,3.2491842092095986,3.3466597354858867
TX_3,2012-06-12 03:30:00,2.8038071129437867,2.8879213263321004
TX_3,2012-06-12 04:00:00,2.8235753496301816,2.908282610119087
TX_3,2012-06-12 04:30:00,4.726939712512751,4.868747903888133
TX_3,2012-06-12 05:00:00,5.813138911051184,5.98753307838272
TX_3,2012-06-12 05:30:00,5.701005998850402,5.872036178815914
TX_3,2012-06-12 06:00:00,5.145222584420507,5.299579261953123
TX_3,2012-06-12 06:30:00,5.323584620060234,5.4832921586620404
TX_3,2012-06-12 07:00:00,5.727564593048366,5.899391530839817
TX_3,2012-06-12 07:30:00,6.754075335388357,6.9566975954500085
TX_3,2012-06-12 08:00:00,4.8350853691806845,4.980137930256105
TX_3,2012-06-12 08:30:00,4.509543843029567,4.644830158320454
TX_3,2012-06-12 09:00:00,4.127382302733239,4.251203771815237
TX_3,2012-06-12 09:30:00,4.004903454871706,4.125050558517858
TX_3,2012-06-12 10:00:00,5.789641236928005,5.963330474035845
TX_3,2012-06-12 10:30:00,4.977926978237641,5.12726478758477
TX_3,2012-06-12 11:00:00,6.133022209329988,6.317012875609889
TX_3,2012-06-12 11:30:00,4.389998098619542,4.521698041578128
TX_3,2012-06-12 12:00:00,6.951548959739126,7.1600954285313
TX_3,2012-06-12 12:30:00,6.237796599151005,6.424930497125535
TX_3,2012-06-12 13:00:00,3.8411371439519155,3.9563712582704733
TX_3,2012-06-12 13:30:00,4.4939501903002625,4.628768696009271
TX_3,2012-06-12 14:00:00,4.061345709531163,4.183186080817098
TX_3,2012-06-12 14:30:00,4.9256132338652785,5.073381630881237
TX_3,2012-06-12 15:00:00,3.6498260622537226,3.7593208441213344
TX_3,2012-06-12 15:30:00,6.617222641679163,6.815739320929538
TX_3,2012-06-12 16:00:00,9.641136957927971,9.93037106666581
TX_3,2012-06-12 16:30:00,6.545543187617899,6.741909483246436
TX_3,2012-06-12 17:00:00,6.492077349969144,6.686839670468219
TX_3,2012-06-12 17:30:00,5.833033093252842,6.008024086050428
TX_3,2012-06-12 18:00:00,8.148663618587648,8.393123527145278
TX_3,2012-06-12 18:30:00,9.765144129767098,10.058098453660111
TX_3,2012-06-12 19:00:00,11.248410758720679,11.5858630814823
TX_3,2012-06-12 19:30:00,9.317441955668997,9.596965214339066
TX_3,2012-06-12 20:00:00,7.37711137406232,7.59842471528419
TX_3,2012-06-12 20:30:00,16.659214396368803,17.158990828259867
TX_3,2012-06-12 21:00:00,9.520028444293406,9.805629297622207
TX_3,2012-06-12 21:30:00,6.0845983081123824,6.267136257355754
TX_3,2012-06-12 22:00:00,4.833233820664004,4.978230835283925
TX_3,2012-06-12 22:30:00,7.520118136029371,7.745721680110252
TX_3,2012-06-12 23:00:00,4.210174477427476,4.3364797117503
TX_3,2012-06-12 23:30:00,3.442001549252555,3.5452615957301314
TX_3,2012-06-13 00:00:00,3.3715719336779135,3.472719091688251
TX_3,2012-06-13 00:30:00,3.0865567529637863,3.1791534555527
TX_3,2012-06-13 01:00:00,3.281203212163403,3.379639308528305
TX_3,2012-06-13 01:30:00,2.754481177314126,2.8371156126335495
TX_3,2012-06-13 02:00:00,2.5438247551351316,2.6201394977891854
TX_3,2012-06-13 02:30:00,4.955848457717219,5.104523911448736
TX_3,2012-06-13 03:00:00,2.8471030436790743,2.9325161349894464
TX_3,2012-06-13 03:30:00,2.3182457579455487,2.387793130683915
TX_3,2012-06-13 04:00:00,2.3123506722415628,2.3817211924088095
TX_3,2012-06-13 04:30:00,2.997811831025,3.08774618595575
TX_3,2012-06-13 05:00:00,4.7954406051282294,4.939303823282076
TX_3,2012-06-13 05:30:00,3.7659599414349363,3.8789387396779844
TX_3,2012-06-13 06:00:00,3.1564081055281408,3.251100348693985
TX_3,2012-06-13 06:30:00,2.83360598257889,2.918614162056257
TX_3,2012-06-13 07:00:00,5.6572312446182975,5.826948181956847
TX_3,2012-06-13 07:30:00,2.5922215903330663,2.669988238043058
TX_3,2012-06-13 08:00:00,2.489669800253937,2.564359894261555
TX_3,2012-06-13 08:30:00,2.740472886709195,2.8226870733104708
TX_3,2012-06-13 09:00:00,3.3505677625940895,3.451084795471912
TX_3,2012-06-13 09:30:00,2.8530456280116483,2.9386369968519976
TX_3,2012-06-13 10:00:00,2.91713889654651,3.0046530634429054
TX_3,2012-06-13 10:30:00,4.515148524695286,4.650602980436145
TX_3,2012-06-13 11:00:00,3.0395629870928187,3.1307498767056035
TX_3,2012-06-13 11:30:00,3.022352336444871,3.113022906538217
TX_3,2012-06-13 12:00:00,3.954283556539191,4.072912063235367
TX_3,2012-06-13 12:30:00,4.239531796974958,4.366717750884208
TX_3,2012-06-13 13:00:00,3.520316380958336,3.625925872387086
TX_3,2012-06-13 13:30:00,4.795587883726584,4.939455520238381
TX_3,2012-06-13 14:00:00,3.9797273345637327,4.099119154600645
TX_3,2012-06-13 14:30:00,3.4091014092175977,3.5113744514941256
TX_3,2012-06-13 15:00:00,3.4835664037095175,3.5880733958208033
TX_3,2012-06-13 15:30:00,5.887255438438828,6.063873101591993
TX_3,2012-06-13 16:00:00,6.0586163524073005,6.24037484297952
TX_3,2012-06-13 16:30:00,4.522402886821602,4.658074973426251
TX_3,2012-06-13 17:00:00,4.532987835951931,4.668977471030489
TX_3,2012-06-13 17:30:00,4.234905770064634,4.361952943166573
TX_3,2012-06-13 18:00:00,4.205362331989313,4.331523201948993
TX_3,2012-06-13 18:30:00,7.431248249175906,7.654185696651183
TX_3,2012-06-13 19:00:00,6.709733749570436,6.911025762057549
TX_3,2012-06-13 19:30:00,6.388528234138317,6.580184081162466
TX_3,2012-06-13 20:00:00,5.105130820825903,5.2582847454506805
TX_3,2012-06-13 20:30:00,5.301384418568427,5.46042595112548
TX_3,2012-06-13 21:00:00,5.58513508065379,5.752689133073403
TX_3,2012-06-13 21:30:00,5.100057237023664,5.253058954134374
TX_3,2012-06-13 22:00:00,3.7719117184206397,3.885069069973259
TX_3,2012-06-13 22:30:00,3.251054405788698,3.348586037962359
TX_3,2012-06-13 23:00:00,2.923777081487541,3.011490393932167
TX_3,2012-06-13 23:30:00,2.7184818932964974,2.800036350095392
TX_3,2012-06-14 00:00:00,3.081741745651669,3.1741939980212193
TX_3,2012-06-14 00:30:00,3.8293058797864616,3.9441850561800558
TX_3,2012-06-14 01:00:00,2.800640661461635,2.884659881305484
TX_3,2012-06-14 01:30:00,3.087094290893882,3.1797071196206983
TX_3,2012-06-14 02:00:00,3.4187499320182306,3.5213124299787775
TX_3,2012-06-14 02:30:00,2.7577035610721885,2.840434667904354
TX_3,2012-06-14 03:00:00,2.6072968391154174,2.68551574428888
TX_3,2012-06-14 03:30:00,2.2756731514254676,2.3439433459682317
TX_3,2012-06-14 04:00:00,2.4248384690357914,2.4975836231068653
TX_3,2012-06-14 04:30:00,3.003390004397871,3.093491704529807
TX_3,2012-06-14 05:00:00,2.778300479614209,2.861649494002635
TX_3,2012-06-14 05:30:00,4.247622799591386,4.375051483579128
TX_3,2012-06-14 06:00:00,4.312461633094876,4.441835482087722
TX_3,2012-06-14 06:30:00,3.840776841515292,3.956000146760751
TX_3,2012-06-14 07:00:00,5.3322667184454575,5.492234719998821
TX_3,2012-06-14 07:30:00,7.475910036404853,7.700187337496999
TX_3,2012-06-14 08:00:00,3.0514041269651755,3.142946250774131
TX_3,2012-06-14 08:30:00,3.0956341191488432,3.1885031427233086
TX_3,2012-06-14 09:00:00,3.3829897832888185,3.484479476787483
TX_3,2012-06-14 09:30:00,3.28602333387414,3.3846040338903642
TX_3,2012-06-14 10:00:00,2.9457292806350672,3.0341011590541194
TX_3,2012-06-14 10:30:00,3.870557278328395,3.9866739966782467
TX_3,2012-06-14 11:00:00,5.285359232547685,5.443920009524115
TX_3,2012-06-14 11:30:00,3.8301546436198053,3.9450592829283995
TX_3,2012-06-14 12:00:00,7.987857085663812,8.227492798233726
TX_3,2012-06-14 12:30:00,7.179836276006055,7.3952313642862375
TX_3,2012-06-14 13:00:00,5.696106833453237,5.8669900384568345
TX_3,2012-06-14 13:30:00,6.369076321076023,6.560148610708304
TX_3,2012-06-14 14:00:00,6.159166301599613,6.343941290647601
TX_3,2012-06-14 14:30:00,4.460473675072433,4.594287885324606
TX_3,2012-06-14 15:00:00,6.852719301372913,7.058300880414101
TX_3,2012-06-14 15:30:00,9.03438624333871,9.305417830638872
TX_3,2012-06-14 16:00:00,5.318809533202246,5.478373819198313
TX_3,2012-06-14 16:30:00,4.8026493204925265,4.946728800107302
TX_3,2012-06-14 17:00:00,5.538401958836122,5.704554017601206
TX_3,2012-06-14 17:30:00,6.8790153777089005,7.085385839040168
TX_3,2012-06-14 18:00:00,6.9928420793890105,7.202627341770681
TX_3,2012-06-14 18:30:00,7.985974338418378,8.22555356857093
TX_3,2012-06-14 19:00:00,10.89776057634544,11.224693393635803
TX_3,2012-06-14 19:30:00,11.207219261650323,11.543435839499834
TX_3,2012-06-14 20:00:00,9.656978851955323,9.946688217513982
TX_3,2012-06-14 20:30:00,8.296592610985932,8.54549038931551
TX_3,2012-06-14 21:00:00,6.539399345615769,6.735581325984243
TX_3,2012-06-14 21:30:00,6.702716875119434,6.903798381373018
TX_3,2012-06-14 22:00:00,6.603138428789167,6.801232581652842
TX_3,2012-06-14 22:30:00,4.551388436210393,4.687930089296705
TX_3,2012-06-14 23:00:00,3.7833462944381946,3.8968466832713404
TX_3,2012-06-14 23:30:00,3.010678275294241,3.1009986235530684
TX_3,2012-06-15 00:00:00,3.014139845645836,3.104564041015211
TX_3,2012-06-15 00:30:00,2.7526979259579165,2.835278863736654
TX_3,2012-06-15 01:00:00,1.6571432427076176,1.7068575399888462
TX_3,2012-06-15 01:30:00,3.7137143995213897,3.8251258315070316
TX_3,2012-06-15 02:00:00,1.4766930206298752,1.5209938112487715
TX_3,2012-06-15 02:30:00,2.3922911020369977,2.4640598350981078
TX_3,2012-06-15 03:00:00,2.2220439882416816,2.288705307888932
TX_3,2012-06-15 03:30:00,1.8468686892282633,1.9022747499051114
TX_3,2012-06-15 04:00:00,1.6737205477106851,1.7239321641420058
TX_3,2012-06-15 04:30:00,3.0553302464941243,3.146990153888948
TX_3,2012-06-15 05:00:00,3.849326386689345,3.9648061782900257
TX_3,2012-06-15 05:30:00,3.813381952313637,3.927783410883046
TX_3,2012-06-15 06:00:00,3.8245353038315204,3.939271362946466
TX_3,2012-06-15 06:30:00,4.638648841725443,4.777808306977207
TX_3,2012-06-15 07:00:00,4.464178714397676,4.598104075829606
TX_3,2012-06-15 07:30:00,5.835143886704594,6.010198203305731
TX_3,2012-06-15 08:00:00,7.067929891218309,7.279967787954859
TX_3,2012-06-15 08:30:00,4.6227380422142215,4.761420183480649
TX_3,2012-06-15 09:00:00,3.5847027261176363,3.6922438079011655
TX_3,2012-06-15 09:30:00,3.920769448706972,4.0383925321681815
TX_3,2012-06-15 10:00:00,6.138578336358664,6.322735686449424
TX_3,2012-06-15 10:30:00,6.548845762547891,6.745311135424328
TX_3,2012-06-15 11:00:00,4.985257605917851,5.134815334095387
TX_3,2012-06-15 11:30:00,6.554783737620284,6.751427249748893
TX_3,2012-06-15 12:00:00,7.152905117830512,7.367492271365427
TX_3,2012-06-15 12:30:00,7.699122431352518,7.930096104293094
TX_3,2012-06-15 13:00:00,8.494268926077403,8.749096993859725
TX_3,2012-06-15 13:30:00,5.509047419942502,5.674318842540777
TX_3,2012-06-15 14:00:00,5.044526746027512,5.195862548408337
TX_3,2012-06-15 14:30:00,5.68581583327396,5.856390308272179
TX_3,2012-06-15 15:00:00,6.64647543269951,6.845869695680495
TX_3,2012-06-15 15:30:00,5.313648909380402,5.473058376661814
TX_3,2012-06-15 16:00:00,5.368151938315695,5.529196496465166
TX_3,2012-06-15 16:30:00,6.004564406835115,6.184701339040169
TX_3,2012-06-15 17:00:00,5.04801231399419,5.199452683414015
TX_3,2012-06-15 17:30:00,7.951266941071031,8.189804949303163
TX_3,2012-06-15 18:00:00,9.84615867442287,10.141543434655556
TX_3,2012-06-15 18:30:00,11.129439222376437,11.46332239904773
TX_3,2012-06-15 19:00:00,6.632176388331586,6.831141679981534
TX_3,2012-06-15 19:30:00,5.579710610735214,5.747101929057271
TX_3,2012-06-15 20:00:00,6.256536144039842,6.444232228361037
TX_3,2012-06-15 20:30:00,5.3349256733408446,5.49497344354107
TX_3,2012-06-15 21:00:00,4.867505759679136,5.01353093246951
TX_3,2012-06-15 21:30:00,5.309904366301058,5.46920149729009
TX_3,2012-06-15 22:00:00,4.9888338770969565,5.138498893409865
TX_3,2012-06-15 22:30:00,3.7089706673032774,3.8202397873223757
TX_3,2012-06-15 23:00:00,2.790064891179769,2.8737668379151624
TX_3,2012-06-15 23:30:00,3.1166986095501925,3.2101995678366984
TX_3,2012-06-16 00:00:00,3.874873715291786,3.9911199267505393
TX_3,2012-06-16 00:30:00,4.3430324625846275,4.473323436462167
TX_3,2012-06-16 01:00:00,2.6229381576525466,2.701626302382123
TX_3,2012-06-16 01:30:00,3.216504855794513,3.3130000014683487
TX_3,2012-06-16 02:00:00,2.9766626596191976,3.0659625394077734
TX_3,2012-06-16 02:30:00,2.1673909643026947,2.2324126932317756
TX_3,2012-06-16 03:00:00,2.019666147788427,2.08025613222208
TX_3,2012-06-16 03:30:00,1.420235686268815,1.4628427568568796
TX_3,2012-06-16 04:00:00,1.6594415038472743,1.7092247489626926
TX_3,2012-06-16 04:30:00,2.064339594032542,2.1262697818535186
TX_3,2012-06-16 05:00:00,2.2575626135622744,2.3252894919691425
TX_3,2012-06-16 05:30:00,2.0077386953849445,2.067970856246493
TX_3,2012-06-16 06:00:00,2.7314477858098143,2.813391219384109
TX_3,2012-06-16 06:30:00,3.2541239022244945,3.3517476192912294
TX_3,2012-06-16 07:00:00,5.5885407441054165,5.756196966428579
TX_3,2012-06-16 07:30:00,5.15694511696247,5.311653470471344
TX_3,2012-06-16 08:00:00,3.74509936887487,3.857452349941116
TX_3,2012-06-16 08:30:00,9.169668866768006,9.444758932771046
TX_3,2012-06-16 09:00:00,4.052763007647405,4.174345897876828
TX_3,2012-06-16 09:30:00,5.375567353296877,5.5368343738957835
TX_3,2012-06-16 10:00:00,4.722979303762601,4.86466868287548
TX_3,2012-06-16 10:30:00,6.001182507254313,6.181217982471943
TX_3,2012-06-16 11:00:00,2.9983131673710464,3.088262562392178
TX_3,2012-06-16 11:30:00,4.660554744188828,4.8003713865144935
TX_3,2012-06-16 12:00:00,4.40298886682924,4.535078532834118
TX_3,2012-06-16 12:30:00,5.887697357068136,6.064328277780181
TX_3,2012-06-16 13:00:00,3.0819238009464183,3.1743815149748107
TX_3,2012-06-16 13:30:00,3.3381097812460094,3.4382530746833897
TX_3,2012-06-16 14:00:00,3.58512088789262,3.692674514529399
TX_3,2012-06-16 14:30:00,5.011100913053731,5.1614339404453435
TX_3,2012-06-16 15:00:00,4.658712018761406,4.798473379324249
TX_3,2012-06-16 15:30:00,6.044951584203085,6.226300131729178
TX_3,2012-06-16 16:00:00,6.065363403886057,6.247324306002638
TX_3,2012-06-16 16:30:00,2.609591891777332,2.687879648530652
TX_3,2012-06-16 17:00:00,3.3086701312629647,3.407930235200854
TX_3,2012-06-16 17:30:00,4.409031999748792,4.541302959741256
TX_3,2012-06-16 18:00:00,3.8336952469657177,3.9487061043746894
TX_3,2012-06-16 18:30:00,5.872143078909725,6.0483073712770175
TX_3,2012-06-16 19:00:00,7.868908542219856,8.104975798486452
TX_3,2012-06-16 19:30:00,5.083989584650492,5.236509272190007
TX_3,2012-06-16 20:00:00,7.266623661551295,7.484622371397834
TX_3,2012-06-16 20:30:00,7.499261078543312,7.7242389108996115
TX_3,2012-06-16 21:00:00,5.858832973322352,6.034597962522023
TX_3,2012-06-16 21:30:00,6.116321967970512,6.299811627009627
TX_3,2012-06-16 22:00:00,4.407785405797685,4.540018967971616
TX_3,2012-06-16 22:30:00,3.160001203179479,3.254801239274863
TX_3,2012-06-16 23:00:00,2.801834211998761,2.885889238358724
TX_3,2012-06-16 23:30:00,2.6448646044465502,2.724210542579947
TX_3,2012-06-17 00:00:00,2.598390866736442,2.676342592738535
TX_3,2012-06-17 00:30:00,4.133983932280338,4.258003450248748
TX_3,2012-06-17 01:00:00,5.76867855061081,5.941738907129134
TX_3,2012-06-17 01:30:00,4.41965518140466,4.5522448368468
TX_3,2012-06-17 02:00:00,4.193376905257231,4.319178212414948
TX_3,2012-06-17 02:30:00,2.9630828441828316,3.0519753295083167
TX_3,2012-06-17 03:00:00,3.0252075544207413,3.1159637810533636
TX_3,2012-06-17 03:30:00,2.6204838892722426,2.69909840595041
TX_3,2012-06-17 04:00:00,2.941238507265769,3.0294756624837422
TX_3,2012-06-17 04:30:00,2.9119179019549226,2.9992754390135703
TX_3,2012-06-17 05:00:00,2.8317578566449266,2.9167105923442747
TX_3,2012-06-17 05:30:00,2.9275835270129873,3.015411032823377
TX_3,2012-06-17 06:00:00,3.280062589726868,3.378464467418674
TX_3,2012-06-17 06:30:00,2.8193341671427077,2.903914192156989
TX_3,2012-06-17 07:00:00,6.818566667542157,7.023123667568422
TX_3,2012-06-17 07:30:00,6.686504780451119,6.887099923864652
TX_3,2012-06-17 08:00:00,7.03583619929862,7.246911285277579
TX_3,2012-06-17 08:30:00,6.662413310523749,6.862285709839462
TX_3,2012-06-17 09:00:00,3.9801851286717245,4.099590682531876
TX_3,2012-06-17 09:30:00,4.271856119327767,4.4000118029076
TX_3,2012-06-17 10:00:00,6.4877434160058565,6.682375718486032
TX_3,2012-06-17 10:30:00,6.959929365655645,7.1687272466253145
TX_3,2012-06-17 11:00:00,4.817853995637399,4.96238961550652
TX_3,2012-06-17 11:30:00,7.741864708204005,7.974120649450126
TX_3,2012-06-17 12:00:00,7.951589231107073,8.190136908040285
TX_3,2012-06-17 12:30:00,7.40985082531106,7.632146350070392
TX_3,2012-06-17 13:00:00,6.436209751641757,6.629296044191009
TX_3,2012-06-17 13:30:00,6.48339837713578,6.677900328449853
TX_3,2012-06-17 14:00:00,6.1562856532503725,6.340974222847883
TX_3,2012-06-17 14:30:00,4.5067999644607175,4.642003963394539
TX_3,2012-06-17 15:00:00,4.291909749957222,4.420667042455939
TX_3,2012-06-17 15:30:00,3.9592169963048676,4.077993506194014
TX_3,2012-06-17 16:00:00,4.26466544681731,4.3926054102218295
TX_3,2012-06-17 16:30:00,4.427191564687106,4.560007311627719
TX_3,2012-06-17 17:00:00,4.633089531514073,4.772082217459495
TX_3,2012-06-17 17:30:00,5.324005372686741,5.483725533867343
TX_3,2012-06-17 18:00:00,6.89806674312356,7.105008745417267
TX_3,2012-06-17 18:30:00,5.555118064517064,5.721771606452576
TX_3,2012-06-17 19:00:00,7.641642525805935,7.870891801580113
TX_3,2012-06-17 19:30:00,6.265777538350349,6.45375086450086
TX_3,2012-06-17 20:00:00,5.812264376700041,5.986632308001043
TX_3,2012-06-17 20:30:00,5.831278483955423,6.006216838474085
TX_3,2012-06-17 21:00:00,6.537528600155589,6.733654458160257
TX_3,2012-06-17 21:30:00,6.283618180315877,6.472126725725353
TX_3,2012-06-17 22:00:00,6.3771243370793975,6.56843806719178
TX_3,2012-06-17 22:30:00,6.483941173453275,6.678459408656873
TX_3,2012-06-17 23:00:00,6.336243742305848,6.526331054575024
TX_3,2012-06-17 23:30:00,4.6786757611098855,4.819036033943182
TX_3,2012-06-18 00:00:00,4.348891741369071,4.479358493610143
TX_3,2012-06-18 00:30:00,3.249991305175634,3.347491044330903
TX_3,2012-06-18 01:00:00,2.6747028224659446,2.754943907139923
TX_3,2012-06-18 01:30:00,2.270551751741122,2.3386683042933556
TX_3,2012-06-18 02:00:00,2.01942943196799,2.0800123149270298
TX_3,2012-06-18 02:30:00,2.6310855746249353,2.7100181418636833
TX_3,2012-06-18 03:00:00,2.6432865362052143,2.722585132291371
TX_3,2012-06-18 03:30:00,2.321628953134117,2.3912778217281407
TX_3,2012-06-18 04:00:00,2.4266227187145093,2.4994214002759447
TX_3,2012-06-18 04:30:00,4.179008408051351,4.304378660292892
TX_3,2012-06-18 05:00:00,3.492712216554094,3.5974935830507166
TX_3,2012-06-18 05:30:00,6.307934973110372,6.497173022303683
TX_3,2012-06-18 06:00:00,4.074477964596896,4.196712303534802
TX_3,2012-06-18 06:30:00,5.794552407758018,5.968388979990759
TX_3,2012-06-18 07:00:00,4.854927674580869,5.000575504818295
TX_3,2012-06-18 07:30:00,7.406406679737767,7.6285988801299
TX_3,2012-06-18 08:00:00,8.37294718638814,8.624135601979784
TX_3,2012-06-18 08:30:00,6.397961808601964,6.589900662860023
TX_3,2012-06-18 09:00:00,7.481381915460098,7.705823372923901
TX_3,2012-06-18 09:30:00,9.710523322718775,10.001839022400338
TX_3,2012-06-18 10:00:00,7.869094894162341,8.105167740987211
TX_3,2012-06-18 10:30:00,5.155253400994706,5.309911003024547
TX_3,2012-06-18 11:00:00,6.084808370006633,6.2673526211068324
TX_3,2012-06-18 11:30:00,6.47042421444994,6.664536940883439
TX_3,2012-06-18 12:00:00,4.657127055036068,4.79684086668715
TX_3,2012-06-18 12:30:00,6.356786647016782,6.5474902464272855
TX_3,2012-06-18 13:00:00,6.922141141131589,7.129805375365537
TX_3,2012-06-18 13:30:00,4.572464877620957,4.709638823949586
TX_3,2012-06-18 14:00:00,3.2959373106962224,3.3948154300171094
TX_3,2012-06-18 14:30:00,4.739054194727343,4.881225820569163
TX_3,2012-06-18 15:00:00,6.564724140105007,6.761665864308157
TX_3,2012-06-18 15:30:00,9.690255692047797,9.98096336280923
TX_3,2012-06-18 16:00:00,5.176828664539432,5.332133524475615
TX_3,2012-06-18 16:30:00,7.725066122845569,7.956818106530936
TX_3,2012-06-18 17:00:00,3.965964020131429,4.084942940735372
TX_3,2012-06-18 17:30:00,5.474171023311762,5.638396154011115
TX_3,2012-06-18 18:00:00,6.300455160834476,6.48946881565951
TX_3,2012-06-18 18:30:00,6.668393520744051,6.8684453263663725
TX_3,2012-06-18 19:00:00,6.157665683958532,6.342395654477288
TX_3,2012-06-18 19:30:00,5.474838584406018,5.639083741938198
TX_3,2012-06-18 20:00:00,6.293454832234744,6.482258477201786
TX_3,2012-06-18 20:30:00,5.882464186646133,6.058938112245517
TX_3,2012-06-18 21:00:00,6.3960603134838125,6.587942122888327
TX_3,2012-06-18 21:30:00,6.24079087994294,6.428014606341229
TX_3,2012-06-18 22:00:00,5.869351663028136,6.045432212918981
TX_3,2012-06-18 22:30:00,5.884118029785155,6.060641570678709
TX_3,2012-06-18 23:00:00,5.754836838817865,5.927481943982401
TX_3,2012-06-18 23:30:00,4.25926784942265,4.387045884905329
TX_3,2012-06-19 00:00:00,2.966486930154131,3.0554815380587548
TX_3,2012-06-19 00:30:00,3.673983040824598,3.784202532049336
TX_3,2012-06-19 01:00:00,2.6163416879846224,2.6948319386241613
TX_3,2012-06-19 01:30:00,4.103058197395661,4.22614994331753
TX_3,2012-06-19 02:00:00,2.481456103393051,2.5558997864948427
TX_3,2012-06-19 02:30:00,2.564474561423252,2.6414087982659495
TX_3,2012-06-19 03:00:00,2.3020922844638285,2.3711550529977434
TX_3,2012-06-19 03:30:00,2.6329320237099223,2.71191998442122
TX_3,2012-06-19 04:00:00,2.9328554787620607,3.0208411431249225
TX_3,2012-06-19 04:30:00,3.9268286555148113,4.044633515180256
TX_3,2012-06-19 05:00:00,3.1785175001081094,3.2738730251113526
TX_3,2012-06-19 05:30:00,6.143151982133001,6.327446541596991
TX_3,2012-06-19 06:00:00,3.9922854157781145,4.112053978251458
TX_3,2012-06-19 06:30:00,3.3063766354062833,3.405567934468472
TX_3,2012-06-19 07:00:00,4.187665751810991,4.313295724365321
TX_3,2012-06-19 07:30:00,6.263437960302468,6.451341099111542
TX_3,2012-06-19 08:00:00,5.270521159218272,5.42863679399482
TX_3,2012-06-19 08:30:00,3.8695536136100634,3.9856402220183655
TX_3,2012-06-19 09:00:00,3.001835804037638,3.0918908781587673
TX_3,2012-06-19 09:30:00,4.837972623389927,4.983111802091625
TX_3,2012-06-19 10:00:00,4.88435092483349,5.030881452578495
TX_3,2012-06-19 10:30:00,4.695269167452299,4.836127242475868
TX_3,2012-06-19 11:00:00,6.680229961095475,6.880636859928339
TX_3,2012-06-19 11:30:00,4.718848233112242,4.8604136801056095
TX_3,2012-06-19 12:00:00,4.882155582003737,5.028620249463849
TX_3,2012-06-19 12:30:00,6.281963741840071,6.470422654095274
TX_3,2012-06-19 13:00:00,5.237758653409983,5.394891413012283
TX_3,2012-06-19 13:30:00,5.175434827563192,5.330697872390088
TX_3,2012-06-19 14:00:00,4.097787664522477,4.220721294458151
TX_3,2012-06-19 14:30:00,4.383637418155788,4.515146540700461
TX_3,2012-06-19 15:00:00,6.473822036166494,6.668036697251489
TX_3,2012-06-19 15:30:00,7.088182589557554,7.3008280672442805
TX_3,2012-06-19 16:00:00,7.0397736358174825,7.250966844892007
TX_3,2012-06-19 16:30:00,7.1117273357322555,7.325079155804223
TX_3,2012-06-19 17:00:00,6.44952735977884,6.643013180572206
TX_3,2012-06-19 17:30:00,3.7914175168654762,3.9051600423714405
TX_3,2012-06-19 18:00:00,6.96425268547823,7.173180266042577
TX_3,2012-06-19 18:30:00,5.026939741317943,5.177747933557481
TX_3,2012-06-19 19:00:00,7.77780306057523,8.011137152392488
TX_3,2012-06-19 19:30:00,7.564175182094237,7.7911004375570645
TX_3,2012-06-19 20:00:00,6.203710023599787,6.389821324307781
TX_3,2012-06-19 20:30:00,5.303910857425606,5.463028183148374
TX_3,2012-06-19 21:00:00,6.304386574622136,6.4935181718608
TX_3,2012-06-19 21:30:00,5.947587600986264,6.126015229015852
TX_3,2012-06-19 22:00:00,5.374352043562941,5.53558260486983
TX_3,2012-06-19 22:30:00,5.633594687482788,5.802602528107271
TX_3,2012-06-19 23:00:00,4.738565894918778,4.880722871766341
TX_3,2012-06-19 23:30:00,4.047893690408412,4.1693305011206645
TX_3,2012-06-20 00:00:00,3.7476460065810207,3.860075386778451
TX_3,2012-06-20 00:30:00,4.739496877384302,4.881681783705831
TX_3,2012-06-20 01:00:00,3.443617465317269,3.546925989276787
TX_3,2012-06-20 01:30:00,2.4456936389127275,2.519064448080109
TX_3,2012-06-20 02:00:00,3.871161710387324,3.9872965616989435
TX_3,2012-06-20 02:30:00,2.7257436220505737,2.807515930712091
TX_3,2012-06-20 03:00:00,2.1547753460325247,2.2194186064135004
TX_3,2012-06-20 03:30:00,2.213512195316628,2.2799175611761267
TX_3,2012-06-20 04:00:00,2.097044697968571,2.159956038907628
TX_3,2012-06-20 04:30:00,3.325578748722422,3.4253461111840946
TX_3,2012-06-20 05:00:00,3.0942447188190947,3.1870720603836675
TX_3,2012-06-20 05:30:00,4.314444512592731,4.443877847970513
TX_3,2012-06-20 06:00:00,3.285845948003623,3.3844213264437317
TX_3,2012-06-20 06:30:00,3.414362553946206,3.5167934305645923
TX_3,2012-06-20 07:00:00,4.879119876298862,5.025493472587828
TX_3,2012-06-20 07:30:00,5.511954053932325,5.6773126755502945
TX_3,2012-06-20 08:00:00,4.026218502624917,4.147005057703664
TX_3,2012-06-20 08:30:00,3.2436702872762946,3.3409803958945834
TX_3,2012-06-20 09:00:00,5.40957152232875,5.571858667998613
TX_3,2012-06-20 09:30:00,6.4920600409136835,6.686821842141094
TX_3,2012-06-20 10:00:00,5.518460025293282,5.684013826052081
TX_3,2012-06-20 10:30:00,3.2811200402734544,3.379553641481658
TX_4,2012-05-21 10:30:00,0.8561611622558144,0.8818459971234889
TX_4,2012-05-21 11:00:00,1.065288281255026,1.0972469296926768
TX_4,2012-05-21 11:30:00,1.0025107901359356,1.0325861138400136
TX_4,2012-05-21 12:00:00,1.6121713975057306,1.6605365394309026
TX_4,2012-05-21 12:30:00,1.898077925306251,1.9550202630654385
TX_4,2012-05-21 13:00:00,0.8484987330073146,0.8739536949975341
TX_4,2012-05-21 13:30:00,1.0230544964238553,1.053746131316571
TX_4,2012-05-21 14:00:00,0.8285233379256691,0.8533790380634392
TX_4,2012-05-21 14:30:00,0.783584800569264,0.807092344586342
TX_4,2012-05-21 15:00:00,0.78898615742466,0.8126557421473999
TX_4,2012-05-21 15:30:00,1.4449668767639516,1.4883158830668701
TX_4,2012-05-21 16:00:00,1.1633049756486968,1.1982041249181579
TX_4,2012-05-21 16:30:00,0.6468716641618384,0.6662778140866935
TX_4,2012-05-21 17:00:00,0.6482341840551766,0.667681209576832
TX_4,2012-05-21 17:30:00,0.931439538367636,0.9593827245186651
TX_4,2012-05-21 18:00:00,2.3088553833813137,2.378121044882753
TX_4,2012-05-21 18:30:00,1.3736931819827896,1.4149039774422734
TX_4,2012-05-21 19:00:00,0.9201467508783745,0.9477511534047257
TX_4,2012-05-21 19:30:00,0.7364639316901628,0.7585578496408677
TX_4,2012-05-21 20:00:00,0.8141754165916089,0.8386006790893571
TX_4,2012-05-21 20:30:00,1.0794597752461708,1.111843568503556
TX_4,2012-05-21 21:00:00,1.627836597882494,1.676671695818969
TX_4,2012-05-21 21:30:00,1.6437101040498856,1.6930214071713823
TX_4,2012-05-21 22:00:00,1.077284562074862,1.1096030989371077
TX_4,2012-05-21 22:30:00,0.9115915903697666,0.9389393380808596
TX_4,2012-05-21 23:00:00,0.6295948999217893,0.648482746919443
TX_4,2012-05-21 23:30:00,0.6616618523563369,0.681511707927027
TX_4,2012-05-22 00:00:00,0.6005297764095656,0.6185456697018527
TX_4,2012-05-22 00:30:00,0.6726217105050494,0.6928003618202009
TX_4,2012-05-22 01:00:00,0.6093381132569008,0.6276182566546078
TX_4,2012-05-22 01:30:00,0.6681057402564636,0.6881489124641575
TX_4,2012-05-22 02:00:00,0.5568052192850733,0.5735093758636255
TX_4,2012-05-22 02:30:00,0.6590928165446354,0.6788656010409745
TX_4,2012-05-22 03:00:00,0.5055781066026895,0.5207454498007702
TX_4,2012-05-22 03:30:00,0.6255655549512595,0.6443325215997974
TX_4,2012-05-22 04:00:00,0.5724385814662757,0.589611738910264
TX_4,2012-05-22 04:30:00,0.542018812565619,0.5582793769425876
TX_4,2012-05-22 05:00:00,0.6491799452084379,0.668655343564691
TX_4,2012-05-22 05:30:00,0.6063030445519936,0.6244921358885533
TX_4,2012-05-22 06:00:00,0.5946371120588152,0.6124762254205797
TX_4,2012-05-22 06:30:00,0.6416656669687097,0.660915636977771
TX_4,2012-05-22 07:00:00,0.9273912868127439,0.9552130254171262
TX_4,2012-05-22 07:30:00,0.9309914283595498,0.9589211712103364
TX_4,2012-05-22 08:00:00,0.9780252191312949,1.0073659757052338
TX_4,2012-05-22 08:30:00,1.7118407432055347,1.7631959655017009
TX_4,2012-05-22 09:00:00,1.1468358291654,1.181240904040362
TX_4,2012-05-22 09:30:00,0.8689108922448066,0.8949782190121508
TX_4,2012-05-22 10:00:00,1.4563433815295808,1.5000336829754681
TX_4,2012-05-22 10:30:00,0.8711692994226765,0.8973043784053568
TX_4,2012-05-22 11:00:00,1.4627987353235903,1.506682697383298
TX_4,2012-05-22 11:30:00,1.1220838747307853,1.1557463909727088
TX_4,2012-05-22 12:00:00,0.9144546497744961,0.9418882892677309
TX_4,2012-05-22 12:30:00,0.958456259436275,0.9872099472193633
TX_4,2012-05-22 13:00:00,1.4387811003836417,1.481944533395151
TX_4,2012-05-22 13:30:00,1.358793003135286,1.3995567932293445
TX_4,2012-05-22 14:00:00,0.9327913911699858,0.9607751329050853
TX_4,2012-05-22 14:30:00,0.7996558802309118,0.8236455566378392
TX_4,2012-05-22 15:00:00,0.8229565222821345,0.8476452179505986
TX_4,2012-05-22 15:30:00,0.6485894401314497,0.6680471233353932
TX_4,2012-05-22 16:00:00,0.7968788473520734,0.8207852127726356
TX_4,2012-05-22 16:30:00,0.7513732653563118,0.7739144633170011
TX_4,2012-05-22 17:00:00,1.6871011497046156,1.737714184195754
TX_4,2012-05-22 17:30:00,1.004959539274452,1.0351083254526856
TX_4,2012-05-22 18:00:00,1.084463789934944,1.1169977036329923
TX_4,2012-05-22 18:30:00,0.8599516317093506,0.8857501806606312
TX_4,2012-05-22 19:00:00,0.8999196477265148,0.9269172371583102
TX_4,2012-05-22 19:30:00,0.8580767441138593,0.883819046437275
TX_4,2012-05-22 20:00:00,0.9408047011488734,0.9690288421833396
TX_4,2012-05-22 20:30:00,0.8152960134173042,0.8397548938198234
TX_4,2012-05-22 21:00:00,1.0014569173415246,1.0315006248617704
TX_4,2012-05-22 21:30:00,0.9424100879564384,0.9706823905951316
TX_4,2012-05-22 22:00:00,0.9920149933473386,1.0217754431477588
TX_4,2012-05-22 22:30:00,0.7203497707130123,0.7419602638344027
TX_4,2012-05-22 23:00:00,0.6582763276322193,0.6780246174611859
TX_4,2012-05-22 23:30:00,0.5819060608128898,0.5993632426372765
TX_4,2012-05-23 00:00:00,0.5796401130247687,0.5970293164155118
TX_4,2012-05-23 00:30:00,0.6279423048928379,0.646780574039623
TX_4,2012-05-23 01:00:00,0.5987195326342704,0.6166811186132984
TX_4,2012-05-23 01:30:00,0.6259761296976388,0.644755413588568
TX_4,2012-05-23 02:00:00,0.6873138681421718,0.707933284186437
TX_4,2012-05-23 02:30:00,0.6780269032571457,0.69836771035486
TX_4,2012-05-23 03:00:00,0.646270880874962,0.6656590073012109
TX_4,2012-05-23 03:30:00,0.6822072821206702,0.7026735005842903
TX_4,2012-05-23 04:00:00,0.5922138504772324,0.6099802659915494
TX_4,2012-05-23 04:30:00,0.6155939928809602,0.634061812667389
TX_4,2012-05-23 05:00:00,0.4978040864611212,0.5127382090549548
TX_4,2012-05-23 05:30:00,0.6401606182972549,0.6593654368461725
TX_4,2012-05-23 06:00:00,0.6502035088423788,0.6697096141076502
TX_4,2012-05-23 06:30:00,0.7202983757815334,0.7419073270549794
TX_4,2012-05-23 07:00:00,0.9048966590441638,0.9320435588154887
TX_4,2012-05-23 07:30:00,0.8708594763120969,0.8969852606014599
TX_4,2012-05-23 08:00:00,1.1166755117056135,1.150175777056782
TX_4,2012-05-23 08:30:00,2.529263150529849,2.605141045045744
TX_4,2012-05-23 09:00:00,4.9856641842819425,5.135234109810401
TX_4,2012-05-23 09:30:00,7.26558473766785,7.483552279797886
TX_4,2012-05-23 10:00:00,8.274518808739783,8.522754373001977
TX_4,2012-05-23 10:30:00,7.336485982314362,7.556580561783793
TX_4,2012-05-23 11:00:00,6.091315839838216,6.274055315033363
TX_4,2012-05-23 11:30:00,4.958515672133884,5.1072711422979005
TX_4,2012-05-23 12:00:00,6.617487136267653,6.816011750355683
TX_4,2012-05-23 12:30:00,5.669639490473029,5.839728675187221
TX_4,2012-05-23 13:00:00,5.255853931393355,5.4135295493351565
TX_4,2012-05-23 13:30:00,4.275118981802885,4.403372551256972
TX_4,2012-05-23 14:00:00,4.751579640176615,4.894127029381914
TX_4,2012-05-23 14:30:00,3.487230938178826,3.591847866324191
TX_4,2012-05-23 15:00:00,6.298365970627812,6.4873169497466465
TX_4,2012-05-23 15:30:00,4.6133565416883995,4.751757237939052
TX_4,2012-05-23 16:00:00,3.5891240592106977,3.6967977809870187
TX_4,2012-05-23 16:30:00,5.477886003714593,5.6422225838260305
TX_4,2012-05-23 17:00:00,5.367413249858533,5.528435647354289
TX_4,2012-05-23 17:30:00,5.903770821701242,6.080883946352279
TX_4,2012-05-23 18:00:00,6.569875273173551,6.766971531368758
TX_4,2012-05-23 18:30:00,7.60683373615641,7.835038748241102
TX_4,2012-05-23 19:00:00,9.317460357301009,9.59698416802004
TX_4,2012-05-23 19:30:00,6.533231196311579,6.729228132200927
TX_4,2012-05-23 20:00:00,6.896237270252782,7.103124388360365
TX_4,2012-05-23 20:30:00,7.829695051514173,8.0645859030596
TX_4,2012-05-23 21:00:00,6.346518558400881,6.536914115152907
TX_4,2012-05-23 21:30:00,6.399355322864085,6.5913359825500075
TX_4,2012-05-23 22:00:00,6.623247415038539,6.821944837489695
TX_4,2012-05-23 22:30:00,5.543520540456549,5.709826156670245
TX_4,2012-05-23 23:00:00,3.9977295684180763,4.117661455470619
TX_4,2012-05-23 23:30:00,3.6716745202659964,3.7818247558739766
TX_4,2012-05-24 00:00:00,3.47064103457618,3.5747602656134654
TX_4,2012-05-24 00:30:00,3.2858992756351273,3.384476253904181
TX_4,2012-05-24 01:00:00,3.2818320259117613,3.3802869866891143
TX_4,2012-05-24 01:30:00,3.302402168072245,3.401474233114412
TX_4,2012-05-24 02:00:00,2.9801025650366113,3.0695056419877096
TX_4,2012-05-24 02:30:00,2.6150316272809304,2.6934825760993584
TX_4,2012-05-24 03:00:00,3.529260418510961,3.6351382310662896
TX_4,2012-05-24 03:30:00,2.8307946736483895,2.915718513857841
TX_4,2012-05-24 04:00:00,2.780899631077729,2.8643266200100608
TX_4,2012-05-24 04:30:00,2.924265548136141,3.0119935145802255
TX_4,2012-05-24 05:00:00,2.9033210438110664,2.9904206751253986
TX_4,2012-05-24 05:30:00,2.928308421739889,3.016157674392086
TX_4,2012-05-24 06:00:00,3.1388758672314987,3.2330421432484435
TX_4,2012-05-24 06:30:00,4.062492097253355,4.1843668601709565
TX_4,2012-05-24 07:00:00,4.274763205050018,4.403006101201519
TX_4,2012-05-24 07:30:00,5.534445429714784,5.700478792606227
TX_4,2012-05-24 08:00:00,5.239413123172663,5.396595516867843
TX_4,2012-05-24 08:30:00,4.475002260319646,4.6092523281292355
TX_4,2012-05-24 09:00:00,3.692086823387762,3.802849428089395
TX_4,2012-05-24 09:30:00,3.8443107781040196,3.9596401014471403
TX_4,2012-05-24 10:00:00,4.7898005015863285,4.933494516633918
TX_4,2012-05-24 10:30:00,5.195687145017327,5.351557759367847
TX_4,2012-05-24 11:00:00,5.1771469387010765,5.332461346862109
TX_4,2012-05-24 11:30:00,5.338547350982502,5.498703771511977
TX_4,2012-05-24 12:00:00,5.360576755205594,5.521394057861762
TX_4,2012-05-24 12:30:00,5.087290465616571,5.2399091795850685
TX_4,2012-05-24 13:00:00,5.1710259633275015,5.326156742227327
TX_4,2012-05-24 13:30:00,5.217770964049676,5.374304092971167
TX_4,2012-05-24 14:00:00,4.916365030944502,5.0638559818728375
TX_4,2012-05-24 14:30:00,4.007612710894688,4.127841092221528
TX_4,2012-05-24 15:00:00,4.190478912396571,4.316193279768469
TX_4,2012-05-24 15:30:00,3.482602589583812,3.5870806672713265
TX_4,2012-05-24 16:00:00,4.039500812186644,4.160685836552243
TX_4,2012-05-24 16:30:00,4.489712837954177,4.624404223092802
TX_4,2012-05-24 17:00:00,5.619410534719629,5.787992850761218
TX_4,2012-05-24 17:30:00,4.452695247174425,4.5862761045896585
TX_4,2012-05-24 18:00:00,6.497912093164231,6.692849455959158
TX_4,2012-05-24 18:30:00,6.047151062996756,6.228565594886659
TX_4,2012-05-24 19:00:00,5.015161322265155,5.16561616193311
TX_4,2012-05-24 19:30:00,5.449125816090793,5.612599590573517
TX_4,2012-05-24 20:00:00,6.416606790052324,6.609104993753894
TX_4,2012-05-24 20:30:00,6.087256282028386,6.269873970489238
TX_4,2012-05-24 21:00:00,8.56836647619561,8.82541747048148
TX_4,2012-05-24 21:30:00,6.708723298582223,6.90998499753969
TX_4,2012-05-24 22:00:00,5.819053917945344,5.993625535483704
TX_4,2012-05-24 22:30:00,4.956947048661082,5.105655460120914
TX_4,2012-05-24 23:00:00,3.9614831401868806,4.0803276343924875
TX_4,2012-05-24 23:30:00,3.436062043372011,3.5391439046731716
TX_4,2012-05-25 00:00:00,3.215103076874225,3.311556169180452
TX_4,2012-05-25 00:30:00,3.8559394001875957,3.9716175821932236
TX_4,2012-05-25 01:00:00,3.8126364480223893,3.927015541463061
TX_4,2012-05-25 01:30:00,3.0419085241670465,3.133165779892058
TX_4,2012-05-25 02:00:00,2.8799924744819325,2.9663922487163905
TX_4,2012-05-25 02:30:00,3.377345010896002,3.478665361222882
TX_4,2012-05-25 03:00:00,2.7268538653332297,2.8086594812932266
TX_4,2012-05-25 03:30:00,2.374348798562355,2.4455792625192254
TX_4,2012-05-25 04:00:00,2.655277964514602,2.73493630345004
TX_4,2012-05-25 04:30:00,2.6316851056277053,2.7106356587965363
TX_4,2012-05-25 05:00:00,2.968214718403667,3.057261159955777
TX_4,2012-05-25 05:30:00,3.0812022405099913,3.173638307725291
TX_4,2012-05-25 06:00:00,3.2805651192600123,3.378982072837813
TX_4,2012-05-25 06:30:00,3.2264032665350486,3.3231953645311
TX_4,2012-05-25 07:00:00,4.42765000299769,4.56047950308762
TX_4,2012-05-25 07:30:00,5.519099937267185,5.684672935385201
TX_4,2012-05-25 08:00:00,4.740793297892883,4.883017096829669
TX_4,2012-05-25 08:30:00,4.431496998805713,4.564441908769885
TX_4,2012-05-25 09:00:00,5.044078157408188,5.1954005021304335
TX_4,2012-05-25 09:30:00,3.4736254521470946,3.5778342157115075
TX_4,2012-05-25 10:00:00,4.794235954312322,4.938063032941692
TX_4,2012-05-25 10:30:00,5.501415250317963,5.666457707827503
TX_4,2012-05-25 11:00:00,4.079544283083563,4.20193061157607
TX_4,2012-05-25 11:30:00,4.983127158178849,5.132620972924215
TX_4,2012-05-25 12:00:00,8.684368362429337,8.944899413302217
TX_4,2012-05-25 12:30:00,4.603409384623953,4.741511666162672
TX_4,2012-05-25 13:00:00,4.09245925573964,4.215233033411829
TX_4,2012-05-25 13:30:00,4.125174093816093,4.2489293166305755
TX_4,2012-05-25 14:00:00,4.1111572426105205,4.234491959888836
TX_4,2012-05-25 14:30:00,3.7968467053927055,3.9107521065544866
TX_4,2012-05-25 15:00:00,3.807683770029989,3.9219142831308886
TX_4,2012-05-25 15:30:00,3.430757093371495,3.5336798061726395
TX_4,2012-05-25 16:00:00,6.3654437114687195,6.556407022812781
TX_4,2012-05-25 16:30:00,4.704838368503045,4.845983519558136
TX_4,2012-05-25 17:00:00,6.039746919226338,6.220939326803128
TX_4,2012-05-25 17:30:00,5.750842202583552,5.923367468661059
TX_4,2012-05-25 18:00:00,6.904116021863582,7.111239502519489
TX_4,2012-05-25 18:30:00,7.5987668019911805,7.826729806050916
TX_4,2012-05-25 19:00:00,8.680066896106883,8.940468902990089
TX_4,2012-05-25 19:30:00,8.341515346001206,8.591760806381242
TX_4,2012-05-25 20:00:00,6.435237893439407,6.628295030242589
TX_4,2012-05-25 20:30:00,5.3612801456023655,5.522118549970437
TX_4,2012-05-25 21:00:00,6.475979320658974,6.670258700278743
TX_4,2012-05-25 21:30:00,5.790537094819265,5.964253207663843
TX_4,2012-05-25 22:00:00,5.796673264823404,5.970573462768106
TX_4,2012-05-25 22:30:00,4.945354853918832,5.093715499536397
TX_4,2012-05-25 23:00:00,4.590856644111743,4.728582343435096
TX_4,2012-05-25 23:30:00,4.429004720634934,4.561874862253982
TX_4,2012-05-26 00:00:00,4.164239628193463,4.289166817039267
TX_4,2012-05-26 00:30:00,3.2688693663024653,3.366935447291539
TX_4,2012-05-26 01:00:00,3.606579683398999,3.714777073900969
TX_4,2012-05-26 01:30:00,3.9254858614392263,4.043250437282403
TX_4,2012-05-26 02:00:00,3.469360902926698,3.573441730014499
TX_4,2012-05-26 02:30:00,3.267534512308246,3.3655605476774935
TX_4,2012-05-26 03:00:00,3.459144159435997,3.562918484219077
TX_4,2012-05-26 03:30:00,3.1814087219368457,3.2768509835949513
TX_4,2012-05-26 04:00:00,3.023813591518028,3.114527999263569
TX_4,2012-05-26 04:30:00,2.838916106242269,2.924083589429537
TX_4,2012-05-26 05:00:00,3.227776277686696,3.3246095660172967
TX_4,2012-05-26 05:30:00,2.7485050454074256,2.8309601967696483
TX_4,2012-05-26 06:00:00,3.224336182392714,3.3210662678644955
TX_4,2012-05-26 06:30:00,3.8583751565339353,3.9741264112299532
TX_4,2012-05-26 07:00:00,4.324737568613672,4.454479695672083
TX_4,2012-05-26 07:30:00,4.256806208724819,4.384510394986563
TX_4,2012-05-26 08:00:00,4.486824029743093,4.621428750635386
TX_4,2012-05-26 08:30:00,4.938557207291207,5.086713923509943
TX_4,2012-05-26 09:00:00,4.699685634774401,4.840676203817633
TX_4,2012-05-26 09:30:00,4.3417842970225795,4.472037825933257
TX_4,2012-05-26 10:00:00,5.367657297199161,5.528687016115136
TX_4,2012-05-26 10:30:00,5.2895778851450945,5.448265221699447
TX_4,2012-05-26 11:00:00,6.208103739853782,6.394346852049396
TX_4,2012-05-26 11:30:00,5.718977078506088,5.89054639086127
TX_4,2012-05-26 12:00:00,4.927426556393666,5.075249353085476
TX_4,2012-05-26 12:30:00,5.794574598675629,5.968411836635898
TX_4,2012-05-26 13:00:00,4.354266435194614,4.484894428250453
TX_4,2012-05-26 13:30:00,5.451907913139607,5.615465150533796
TX_4,2012-05-26 14:00:00,4.334469133610083,4.464503207618386
TX_4,2012-05-26 14:30:00,4.125495603248938,4.249260471346406
TX_4,2012-05-26 15:00:00,4.124174475096105,4.247899709348988
TX_4,2012-05-26 15:30:00,6.013934651328587,6.194352690868445
TX_4,2012-05-26 16:00:00,6.818325615023046,7.022875383473737
TX_4,2012-05-26 16:30:00,5.55740426551389,5.724126393479307
TX_4,2012-05-26 17:00:00,5.201543337749655,5.357589637882144
TX_4,2012-05-26 17:30:00,5.73601636372573,5.908096854637502
TX_4,2012-05-26 18:00:00,5.169292080814925,5.324370843239373
TX_4,2012-05-26 18:30:00,4.2830950414489815,4.411587892692451
TX_4,2012-05-26 19:00:00,5.975697552183058,6.1549684787485495
TX_4,2012-05-26 19:30:00,5.722493685609272,5.89416849617755
TX_4,2012-05-26 20:00:00,5.637770698954522,5.806903819923158
TX_4,2012-05-26 20:30:00,4.512062065535677,4.647423927501747
TX_4,2012-05-26 21:00:00,5.155383515097218,5.310045020550135
TX_4,2012-05-26 21:30:00,5.264222418242191,5.422149090789457
TX_4,2012-05-26 22:00:00,4.902877746358512,5.049964078749268
TX_4,2012-05-26 22:30:00,3.5112263558847405,3.616563146561283
TX_4,2012-05-26 23:00:00,3.5530290493037664,3.6596199207828795
TX_4,2012-05-26 23:30:00,4.103589829870417,4.2266975247665295
TX_4,2012-05-27 00:00:00,4.047094166998896,4.168506992008863
TX_4,2012-05-27 00:30:00,3.9751912139989782,4.094446950418948
TX_4,2012-05-27 01:00:00,3.9736347690540286,4.09284381212565
TX_4,2012-05-27 01:30:00,4.440874207425266,4.574100433648025
TX_4,2012-05-27 02:00:00,4.456309735333118,4.5899990273931115
TX_4,2012-05-27 02:30:00,3.547204682605068,3.65362082308322
TX_4,2012-05-27 03:00:00,3.2886699011071525,3.387329998140367
TX_4,2012-05-27 03:30:00,3.0084083679270615,3.0986606189648733
TX_4,2012-05-27 04:00:00,2.984602840062662,3.0741409252645417
TX_4,2012-05-27 04:30:00,2.908876868745925,2.996143174808303
TX_4,2012-05-27 05:00:00,2.6586358431318327,2.738394918425788
TX_4,2012-05-27 05:30:00,2.1561693963926842,2.220854478284465
TX_4,2012-05-27 06:00:00,2.7404121208271297,2.8226244844519437
TX_4,2012-05-27 06:30:00,3.276652852129608,3.3749524376934965
TX_4,2012-05-27 07:00:00,5.778585873066794,5.951943449258797
TX_4,2012-05-27 07:30:00,4.82010678575901,4.96470998933178
TX_4,2012-05-27 08:00:00,4.619639424576888,4.758228607314194
TX_4,2012-05-27 08:30:00,5.136466270169261,5.290560258274339
TX_4,2012-05-27 09:00:00,5.933858664089381,6.111874424012062
TX_4,2012-05-27 09:30:00,6.896356810169956,7.103247514475055
TX_4,2012-05-27 10:00:00,7.827125483025307,8.061939247516067
TX_4,2012-05-27 10:30:00,6.8404983837308375,7.0457133352427626
TX_4,2012-05-27 11:00:00,6.1923247450464185,6.378094487397811
TX_4,2012-05-27 11:30:00,5.188262777035041,5.343910660346092
TX_4,2012-05-27 12:00:00,5.606524733883861,5.774720475900376
TX_4,2012-05-27 12:30:00,6.392910277807612,6.584697586141841
TX_4,2012-05-27 13:00:00,6.080601531368615,6.263019577309673
TX_4,2012-05-27 13:30:00,5.455289465533628,5.618948149499637
TX_4,2012-05-27 14:00:00,5.783658190615612,5.957167936334081
TX_4,2012-05-27 14:30:00,5.285078705187481,5.443631066343106
TX_4,2012-05-27 15:00:00,5.373704745818005,5.534915888192545
TX_4,2012-05-27 15:30:00,5.5155399391213376,5.681006137294978
TX_4,2012-05-27 16:00:00,4.234755886207123,4.361798562793337
TX_4,2012-05-27 16:30:00,5.54830432003159,5.714753449632537
TX_4,2012-05-27 17:00:00,8.371066177237035,8.622198162554145
TX_4,2012-05-27 17:30:00,6.542585004787166,6.7388625549307815
TX_4,2012-05-27 18:00:00,6.6537920139434386,6.853405774361742
TX_4,2012-05-27 18:30:00,7.382939353458214,7.604427534061961
TX_4,2012-05-27 19:00:00,6.10328011655859,6.286378520055348
TX_4,2012-05-27 19:30:00,4.81091575850109,4.955243231256123
TX_4,2012-05-27 20:00:00,5.200940377705307,5.356968589036467
TX_4,2012-05-27 20:30:00,6.871533244611826,7.0776792419501815
TX_4,2012-05-27 21:00:00,7.3900746431056294,7.611776882398798
TX_4,2012-05-27 21:30:00,8.824546508041,9.08928290328223
TX_4,2012-05-27 22:00:00,6.990758121714104,7.2004808653655274
TX_4,2012-05-27 22:30:00,4.87196363439258,5.018122543424358
TX_4,2012-05-27 23:00:00,5.064243751260281,5.21617106379809
TX_4,2012-05-27 23:30:00,4.435184454729699,4.56823998837159
TX_4,2012-05-28 00:00:00,3.1678689659790082,3.2629050349583784
TX_4,2012-05-28 00:30:00,2.6981778362005837,2.779123171286601
TX_4,2012-05-28 01:00:00,3.0115474134310807,3.101893835834013
TX_4,2012-05-28 01:30:00,3.169888043865293,3.264984685181252
TX_4,2012-05-28 02:00:00,3.1750212465582237,3.2702718839549707
TX_4,2012-05-28 02:30:00,3.1461632067761793,3.240548102979465
TX_4,2012-05-28 03:00:00,3.903371765458051,4.020472918421793
TX_4,2012-05-28 03:30:00,3.037727216859181,3.128859033364957
TX_4,2012-05-28 04:00:00,2.935112998266087,3.0231663882140696
TX_4,2012-05-28 04:30:00,2.619325442066745,2.6979052053287473
TX_4,2012-05-28 05:00:00,3.0437780486181225,3.135091390076666
TX_4,2012-05-28 05:30:00,3.763180771576041,3.876076194723322
TX_4,2012-05-28 06:00:00,3.9622072201503724,4.081073436754884
TX_4,2012-05-28 06:30:00,3.8846552886233314,4.001194947282031
TX_4,2012-05-28 07:00:00,4.559932196215893,4.69673016210237
TX_4,2012-05-28 07:30:00,4.0728450998121515,4.195030452806516
TX_4,2012-05-28 08:00:00,5.893517486855489,6.070323011461154
TX_4,2012-05-28 08:30:00,7.187472324514456,7.40309649424989
TX_4,2012-05-28 09:00:00,8.144329983424404,8.388659882927136
TX_4,2012-05-28 09:30:00,4.989637892852173,5.139327029637738
TX_4,2012-05-28 10:00:00,4.882675800152371,5.029156074156942
TX_4,2012-05-28 10:30:00,5.162615331164865,5.317493791099811
TX_4,2012-05-28 11:00:00,6.2361189093715295,6.423202476652675
TX_4,2012-05-28 11:30:00,6.594915273143146,6.79276273133744
TX_4,2012-05-28 12:00:00,4.574178103960192,4.7114034470789985
TX_4,2012-05-28 12:30:00,4.325346813199252,4.455107217595229
TX_4,2012-05-28 13:00:00,3.7885943735209646,3.9022522047265937
TX_4,2012-05-28 13:30:00,4.868442543218688,5.014495819515249
TX_4,2012-05-28 14:00:00,7.541198247326405,7.767434194746198
TX_4,2012-05-28 14:30:00,5.928351624112321,6.106202172835691
TX_4,2012-05-28 15:00:00,5.293149535648587,5.451944021718045
TX_4,2012-05-28 15:30:00,4.622281867707158,4.760950323738372
TX_4,2012-05-28 16:00:00,6.044333928773988,6.225663946637209
TX_4,2012-05-28 16:30:00,5.020841017059586,5.171466247571374
TX_4,2012-05-28 17:00:00,6.713636576749858,6.915045674052354
TX_4,2012-05-28 17:30:00,5.600608021639835,5.76862626228903
TX_4,2012-05-28 18:00:00,5.824274062308463,5.999002284177717
TX_4,2012-05-28 18:30:00,5.488916103794585,5.6535835869084226
TX_4,2012-05-28 19:00:00,7.7402652679279145,7.972473225965752
TX_4,2012-05-28 19:30:00,8.181988225415996,8.427447872178476
TX_4,2012-05-28 20:00:00,9.814035306336184,10.10845636552627
TX_4,2012-05-28 20:30:00,7.699763482906602,7.9307563873938
TX_4,2012-05-28 21:00:00,7.0627365236675,7.274618619377525
TX_4,2012-05-28 21:30:00,6.3082080749292775,6.497454317177156
TX_4,2012-05-28 22:00:00,6.264671805512158,6.452611959677523
TX_4,2012-05-28 22:30:00,5.994218714513378,6.17404527594878
TX_4,2012-05-28 23:00:00,5.4129618676890185,5.575350723719689
TX_4,2012-05-28 23:30:00,4.656496048284042,4.796190929732564
TX_4,2012-05-29 00:00:00,4.076166966564717,4.1984519755616585
TX_4,2012-05-29 00:30:00,3.6383977886527354,3.7475497223123178
TX_4,2012-05-29 01:00:00,3.5489184947116814,3.655386049553032
TX_4,2012-05-29 01:30:00,3.0888724475484395,3.1815386209748926
TX_4,2012-05-29 02:00:00,3.8845632100107674,4.001100106311091
TX_4,2012-05-29 02:30:00,2.563527725256407,2.6404335570140995
TX_4,2012-05-29 03:00:00,2.402620327907067,2.474698937744279
TX_4,2012-05-29 03:30:00,2.444169194541918,2.517494270378176
TX_4,2012-05-29 04:00:00,2.5670179669928337,2.644028506002619
TX_4,2012-05-29 04:30:00,3.0646295125557423,3.1565683979324146
TX_4,2012-05-29 05:00:00,2.4919231818297662,2.5666808772846594
TX_4,2012-05-29 05:30:00,3.1007053285389747,3.193726488395144
TX_4,2012-05-29 06:00:00,4.897403829797444,5.0443259446913675
TX_4,2012-05-29 06:30:00,5.285806644685254,5.444380844025812
TX_4,2012-05-29 07:00:00,5.154911066172357,5.309558398157527
TX_4,2012-05-29 07:30:00,6.861716458797676,7.067567952561606
TX_4,2012-05-29 08:00:00,6.624948466178031,6.823696920163372
TX_4,2012-05-29 08:30:00,6.672073861971694,6.872236077830845
TX_4,2012-05-29 09:00:00,5.935942506592628,6.1140207817904075
TX_4,2012-05-29 09:30:00,4.317052866162287,4.446564452147156
TX_4,2012-05-29 10:00:00,4.075666015203267,4.197935995659365
TX_4,2012-05-29 10:30:00,5.957900991424605,6.136638021167343
TX_4,2012-05-29 11:00:00,4.821530902471118,4.966176829545252
TX_4,2012-05-29 11:30:00,5.819278192653608,5.993856538433217
TX_4,2012-05-29 12:00:00,6.298079410878681,6.487021793205042
TX_4,2012-05-29 12:30:00,6.0994886348040875,6.28247329384821
TX_4,2012-05-29 13:00:00,6.3458006469534265,6.5361746663620295
TX_4,2012-05-29 13:30:00,4.474916589604793,4.609164087292937
TX_4,2012-05-29 14:00:00,4.552020378796443,4.688580990160336
TX_4,2012-05-29 14:30:00,3.757383858861266,3.870105374627104
TX_4,2012-05-29 15:00:00,3.4642419148486576,3.5681691722941173
TX_4,2012-05-29 15:30:00,4.435732232818412,4.5688041998029645
TX_4,2012-05-29 16:00:00,3.7256879264628098,3.837458564256694
TX_4,2012-05-29 16:30:00,6.127818674438964,6.311653234672133
TX_4,2012-05-29 17:00:00,5.148865994752477,5.303331974595051
TX_4,2012-05-29 17:30:00,4.782946658428318,4.926435058181168
TX_4,2012-05-29 18:00:00,4.328979453807805,4.458848837422039
TX_4,2012-05-29 18:30:00,6.608770855053505,6.807033980705111
TX_4,2012-05-29 19:00:00,6.8241345102710875,7.0288585455792205
TX_4,2012-05-29 19:30:00,7.444531733636722,7.667867685645824
TX_4,2012-05-29 20:00:00,7.511694219243232,7.737045045820529
TX_4,2012-05-29 20:30:00,7.0689969104061365,7.281066817718321
TX_4,2012-05-29 21:00:00,7.7086365728622,7.939895670048066
TX_4,2012-05-29 21:30:00,6.418803009124578,6.611367099398316
TX_4,2012-05-29 22:00:00,6.716034399929515,6.9175154319274
TX_4,2012-05-29 22:30:00,4.71971992974931,4.8613115276417895
TX_4,2012-05-29 23:00:00,3.648200839852079,3.757646865047642
TX_4,2012-05-29 23:30:00,3.5573959897720773,3.66411786946524
TX_4,2012-05-30 00:00:00,4.206393140683078,4.33258493490357
TX_4,2012-05-30 00:30:00,3.2384113764812352,3.3355637177756723
TX_4,2012-05-30 01:00:00,3.4951525685742286,3.6000071456314555
TX_4,2012-05-30 01:30:00,2.5178494742895534,2.5933849585182402
TX_4,2012-05-30 02:00:00,2.7043206288549597,2.7854502477206085
TX_4,2012-05-30 02:30:00,2.5464707056822613,2.6228648268527293
TX_4,2012-05-30 03:00:00,2.666954613630775,2.7469632520396985
TX_4,2012-05-30 03:30:00,2.2519315645782942,2.319489511515643
TX_4,2012-05-30 04:00:00,2.81692202426316,2.901429684991055
TX_4,2012-05-30 04:30:00,3.265042836901487,3.3629941220085318
TX_4,2012-05-30 05:00:00,2.7539466741340033,2.8365650743580235
TX_4,2012-05-30 05:30:00,3.6790819146193763,3.789454372057958
TX_4,2012-05-30 06:00:00,4.071202771638703,4.193338854787864
TX_4,2012-05-30 06:30:00,3.4771486875915243,3.58146314821927
TX_4,2012-05-30 07:00:00,5.135879793706311,5.289956187517501
TX_4,2012-05-30 07:30:00,4.620037151461253,4.758638266005091
TX_4,2012-05-30 08:00:00,5.696584025234696,5.867481545991737
TX_4,2012-05-30 08:30:00,3.8646301363136932,3.980569040403104
TX_4,2012-05-30 09:00:00,4.660417160489947,4.800229675304646
TX_4,2012-05-30 09:30:00,6.619781942298177,6.818375400567122
TX_4,2012-05-30 10:00:00,6.176554674264892,6.3618513144928395
TX_4,2012-05-30 10:30:00,3.429884397235717,3.5327809291527887
TX_4,2012-05-30 11:00:00,3.9020275097377324,4.019088335029864
TX_4,2012-05-30 11:30:00,5.9006238678402685,6.077642583875477
TX_4,2012-05-30 12:00:00,6.409463662996281,6.601747572886169
TX_4,2012-05-30 12:30:00,5.4423507771824875,5.605621300497963
TX_4,2012-05-30 13:00:00,4.506146563206209,4.641330960102396
TX_4,2012-05-30 13:30:00,3.6828969129274256,3.7933838203152486
TX_4,2012-05-30 14:00:00,4.726089705325048,4.8678723964848
TX_4,2012-05-30 14:30:00,3.287414723983314,3.386037165702813
TX_4,2012-05-30 15:00:00,3.5377848639444744,3.643918409862809
TX_4,2012-05-30 15:30:00,5.020176717584532,5.170782019112068
TX_4,2012-05-30 16:00:00,6.5233777849259065,6.719079118473684
TX_4,2012-05-30 16:30:00,4.714057911300713,4.855479648639734
TX_4,2012-05-30 17:00:00,6.009216879249488,6.189493385626973
TX_4,2012-05-30 17:30:00,5.095613923792489,5.248482341506263
TX_4,2012-05-30 18:00:00,4.880358063188115,5.026768805083759
TX_4,2012-05-30 18:30:00,5.625544651051433,5.794310990582976
TX_4,2012-05-30 19:00:00,5.222247936518782,5.378915374614346
TX_4,2012-05-30 19:30:00,5.32873162789267,5.48859357672945
TX_4,2012-05-30 20:00:00,6.189027067179819,6.374697879195214
TX_4,2012-05-30 20:30:00,6.197022958077351,6.382933646819672
TX_4,2012-05-30 21:00:00,5.75865458882184,5.9314142264864955
TX_4,2012-05-30 21:30:00,6.93512460941261,7.143178347694989
TX_4,2012-05-30 22:00:00,6.368898662124739,6.559965621988481
TX_4,2012-05-30 22:30:00,5.056591719470492,5.208289471054607
TX_4,2012-05-30 23:00:00,4.850939929916791,4.996468127814295
TX_4,2012-05-30 23:30:00,3.428419202476202,3.531271778550488
TX_4,2012-05-31 00:00:00,2.9645179046466055,3.0534534417860035
TX_4,2012-05-31 00:30:00,2.184798877045768,2.250342843357141
TX_4,2012-05-31 01:00:00,2.4391308453681986,2.5123047707292447
TX_4,2012-05-31 01:30:00,2.3780198108886412,2.4493604052153004
TX_4,2012-05-31 02:00:00,2.3973047275680037,2.469223869395044
TX_4,2012-05-31 02:30:00,2.3123247487997918,2.3816944912637856
TX_4,2012-05-31 03:00:00,2.795474480183302,2.879338714588801
TX_4,2012-05-31 03:30:00,2.7429497591971055,2.8252382519730186
TX_4,2012-05-31 04:00:00,2.598220765773215,2.6761673887464115
TX_4,2012-05-31 04:30:00,2.961158673269421,3.0499934334675034
TX_4,2012-05-31 05:00:00,2.9050622862606486,2.992214154848468
TX_4,2012-05-31 05:30:00,3.6707469738160383,3.78086938303052
TX_4,2012-05-31 06:00:00,5.570356592162245,5.737467289927112
TX_4,2012-05-31 06:30:00,4.457027975496955,4.590738814761864
TX_4,2012-05-31 07:00:00,4.266151038768154,4.394135569931199
TX_4,2012-05-31 07:30:00,5.678993882551058,5.84936369902759
TX_4,2012-05-31 08:00:00,5.863530080175719,6.039435982580991
TX_4,2012-05-31 08:30:00,8.484205391579653,8.738731553327042
TX_4,2012-05-31 09:00:00,9.57701319370529,9.864323589516449
TX_4,2012-05-31 09:30:00,5.70859036241764,5.8798480732901695
TX_4,2012-05-31 10:00:00,5.269192679597987,5.427268459985926
TX_4,2012-05-31 10:30:00,6.363571961958327,6.554479120817077
TX_4,2012-05-31 11:00:00,5.63098032151608,5.799909731161562
TX_4,2012-05-31 11:30:00,5.441758035554607,5.605010776621246
TX_4,2012-05-31 12:00:00,5.7696978550971485,5.942788790750063
TX_4,2012-05-31 12:30:00,3.2493040170118954,3.3467831375222525
TX_4,2012-05-31 13:00:00,3.8778379150500086,3.994173052501509
TX_4,2012-05-31 13:30:00,5.226989060859992,5.383798732685793
TX_4,2012-05-31 14:00:00,4.31041567225648,4.439728142424174
TX_4,2012-05-31 14:30:00,4.069089682197808,4.191162372663743
TX_4,2012-05-31 15:00:00,3.8445201215775335,3.95985572522486
TX_4,2012-05-31 15:30:00,5.891104241094433,6.0678373683272655
TX_4,2012-05-31 16:00:00,4.37363529317128,4.504844351966419
TX_4,2012-05-31 16:30:00,3.962632761054677,4.081511743886318
TX_4,2012-05-31 17:00:00,4.849073019426754,4.994545210009557
TX_4,2012-05-31 17:30:00,4.326813661689685,4.456618071540375
TX_4,2012-05-31 18:00:00,4.018232956048711,4.138779944730172
TX_4,2012-05-31 18:30:00,3.9217527499791616,4.039405332478537
TX_4,2012-05-31 19:00:00,4.904540948022745,5.051677176463427
TX_4,2012-05-31 19:30:00,5.761444026813946,5.934287347618365
TX_4,2012-05-31 20:00:00,5.3233817438162525,5.48308319613074
TX_4,2012-05-31 20:30:00,6.129205895272771,6.313082072130954
TX_4,2012-05-31 21:00:00,4.842710773658568,4.987992096868325
TX_4,2012-05-31 21:30:00,4.909103234901991,5.056376331949051
TX_4,2012-05-31 22:00:00,4.978467786509266,5.127821820104544
TX_4,2012-05-31 22:30:00,3.9207630724039033,4.038385964576021
TX_4,2012-05-31 23:00:00,4.08092949525413,4.203357380111754
TX_4,2012-05-31 23:30:00,3.172305581152647,3.2674747485872264
TX_4,2012-06-01 00:00:00,3.371339662256429,3.4724798521241222
TX_4,2012-06-01 00:30:00,3.4556095242868174,3.559277810015422
TX_4,2012-06-01 01:00:00,3.4523018950597617,3.5558709519115546
TX_4,2012-06-01 01:30:00,3.4230705123844736,3.525762627756008
TX_4,2012-06-01 02:00:00,2.7118117677183275,2.7931661207498775
TX_4,2012-06-01 02:30:00,2.382182139980768,2.4536476041801913
TX_4,2012-06-01 03:00:00,3.1337096792892813,3.22772096966796
TX_4,2012-06-01 03:30:00,2.3414040228056496,2.4116461434898193
TX_4,2012-06-01 04:00:00,2.472668464778611,2.546848518721969
TX_4,2012-06-01 04:30:00,2.8506412597029014,2.9361604974939883
TX_4,2012-06-01 05:00:00,2.9653175843242647,3.0542771118539926
TX_4,2012-06-01 05:30:00,2.9990069029817326,3.0889771100711845
TX_4,2012-06-01 06:00:00,3.1471164013102464,3.2415298933495538
TX_4,2012-06-01 06:30:00,3.250032157655749,3.3475331223854217
TX_4,2012-06-01 07:00:00,2.755570172466362,2.8382372776403533
TX_4,2012-06-01 07:30:00,5.056171190630299,5.207856326349209
TX_4,2012-06-01 08:00:00,6.044413968813721,6.225746387878133
TX_4,2012-06-01 08:30:00,7.085461348299934,7.298025188748932
TX_4,2012-06-01 09:00:00,5.320416774169219,5.480029277394296
TX_4,2012-06-01 09:30:00,3.8909721723131656,4.007701337482561
TX_4,2012-06-01 10:00:00,3.6418877773732827,3.751144410694481
TX_4,2012-06-01 10:30:00,2.8509045383633733,2.9364316745142744
TX_4,2012-06-01 11:00:00,4.3366141277841574,4.466712551617682
TX_4,2012-06-01 11:30:00,3.736685979394985,3.8487865587768346
TX_4,2012-06-01 12:00:00,3.841286424767736,3.956525017510768
TX_4,2012-06-01 12:30:00,4.156447785360602,4.28114121892142
TX_4,2012-06-01 13:00:00,5.3076386997838165,5.466867860777331
TX_4,2012-06-01 13:30:00,3.7030104917702165,3.814100806523323
TX_4,2012-06-01 14:00:00,4.154431763086503,4.279064715979098
TX_4,2012-06-01 14:30:00,3.6882622169209496,3.798910083428578
TX_4,2012-06-01 15:00:00,3.9446381476173573,4.062977292045878
TX_4,2012-06-01 15:30:00,4.363276733898636,4.494175035915595
TX_4,2012-06-01 16:00:00,5.62662082860078,5.795419453458804
TX_4,2012-06-01 16:30:00,3.8349352531182967,3.9499833107118456
TX_4,2012-06-01 17:00:00,5.296436989232126,5.455330098909091
TX_4,2012-06-01 17:30:00,5.377200166315282,5.538516171304741
TX_4,2012-06-01 18:00:00,6.707241488031598,6.908458732672546
TX_4,2012-06-01 18:30:00,7.91104922625999,8.14838070304779
TX_4,2012-06-01 19:00:00,5.586251767841615,5.753839320876864
TX_4,2012-06-01 19:30:00,6.765758552683943,6.968731309264461
TX_4,2012-06-01 20:00:00,6.356648279892857,6.547347728289643
TX_4,2012-06-01 20:30:00,8.38762638169164,8.639255173142388
TX_4,2012-06-01 21:00:00,8.475707922708523,8.729979160389778
TX_4,2012-06-01 21:30:00,7.784865721594182,8.018411693242008
TX_4,2012-06-01 22:00:00,4.909986894163614,5.057286500988523
TX_4,2012-06-01 22:30:00,4.542028351564197,4.678289202111123
TX_4,2012-06-01 23:00:00,4.215198409530671,4.341654361816591
TX_4,2012-06-01 23:30:00,3.5311705526617403,3.6371056692415924
TX_4,2012-06-02 00:00:00,3.1421591441595864,3.236423918484374
TX_4,2012-06-02 00:30:00,2.576086977998936,2.6533695873389043
TX_4,2012-06-02 01:00:00,3.18845345774371,3.2841070614760213
TX_4,2012-06-02 01:30:00,3.0411575671687774,3.1323922941838407
TX_4,2012-06-02 02:00:00,2.749375413919009,2.8318566763365793
TX_4,2012-06-02 02:30:00,2.4533253467058294,2.5269251071070045
TX_4,2012-06-02 03:00:00,2.5609245207772857,2.637752256400604
TX_4,2012-06-02 03:30:00,2.432717240142986,2.5056987573472758
TX_4,2012-06-02 04:00:00,2.685366495144573,2.7659274899989104
TX_4,2012-06-02 04:30:00,2.6426814813859,2.721961925827477
TX_4,2012-06-02 05:00:00,2.8773166389714655,2.9636361381406093
TX_4,2012-06-02 05:30:00,2.9078368650269124,2.99507197097772
TX_4,2012-06-02 06:00:00,5.20400401029652,5.360124130605416
TX_4,2012-06-02 06:30:00,5.417234914552347,5.579751961988918
TX_4,2012-06-02 07:00:00,6.940027721943996,7.148228553602316
TX_4,2012-06-02 07:30:00,4.074494465410786,4.19672929937311
TX_4,2012-06-02 08:00:00,4.503160285487388,4.63825509405201
TX_4,2012-06-02 08:30:00,4.390974616113901,4.522703854597318
TX_4,2012-06-02 09:00:00,4.324771951274498,4.454515109812734
TX_4,2012-06-02 09:30:00,4.661020255362754,4.800850863023636
TX_4,2012-06-02 10:00:00,5.011443240489573,5.16178653770426
TX_4,2012-06-02 10:30:00,5.349016996919357,5.509487506826938
TX_4,2012-06-02 11:00:00,4.228429978681668,4.355282878042119
TX_4,2012-06-02 11:30:00,4.590650108721015,4.728369611982646
TX_4,2012-06-02 12:00:00,5.886474982473786,6.063069231947999
TX_4,2012-06-02 12:30:00,4.757541297792206,4.9002675367259725
TX_4,2012-06-02 13:00:00,5.82809547324997,6.002938337447469
TX_4,2012-06-02 13:30:00,3.7220639549718504,3.833725873621006
TX_4,2012-06-02 14:00:00,3.611222689349651,3.7195593700301406
TX_4,2012-06-02 14:30:00,3.623196630643969,3.731892529563288
TX_4,2012-06-02 15:00:00,3.503726928602652,3.6088387364607315
TX_4,2012-06-02 15:30:00,3.480946111561917,3.5853744949087747
TX_4,2012-06-02 16:00:00,3.669045884060885,3.7791172605827117
TX_4,2012-06-02 16:30:00,3.827853549404454,3.9426891558865877
TX_4,2012-06-02 17:00:00,3.8081580048242603,3.922402744968988
TX_4,2012-06-02 17:30:00,3.8538109662379108,3.969425295225048
TX_4,2012-06-02 18:00:00,3.6828397433353235,3.793324935635383
TX_4,2012-06-02 18:30:00,5.6551163865842735,5.824769878181802
TX_4,2012-06-02 19:00:00,5.344856992155535,5.505202701920201
TX_4,2012-06-02 19:30:00,4.532540417432257,4.668516629955224
TX_4,2012-06-02 20:00:00,4.8555905617424004,5.001258278594673
TX_4,2012-06-02 20:30:00,6.33505305430491,6.525104645934058
TX_4,2012-06-02 21:00:00,5.792688706908,5.96646936811524
TX_4,2012-06-02 21:30:00,5.5319846642036685,5.6979442041297785
TX_4,2012-06-02 22:00:00,4.967099098082682,5.116112071025162
TX_4,2012-06-02 22:30:00,5.057597465569466,5.20932538953655
TX_4,2012-06-02 23:00:00,4.92881677598803,5.076681279267671
TX_4,2012-06-02 23:30:00,4.029828249147814,4.150723096622248
TX_4,2012-06-03 00:00:00,4.013200888172414,4.133596914817587
TX_4,2012-06-03 00:30:00,3.5790058394359354,3.6863760146190137
TX_4,2012-06-03 01:00:00,3.7091659176971805,3.820440895228096
TX_4,2012-06-03 01:30:00,3.2891331369193306,3.3878071310269107
TX_4,2012-06-03 02:00:00,2.750171546582119,2.832676692979583
TX_4,2012-06-03 02:30:00,2.5320886284726494,2.608051287326829
TX_4,2012-06-03 03:00:00,2.5798804978463186,2.6572769127817084
TX_4,2012-06-03 03:30:00,2.491470877692123,2.5662150040228866
TX_4,2012-06-03 04:00:00,2.8778218324785185,2.964156487452874
TX_4,2012-06-03 04:30:00,2.2826028598664143,2.3510809456624067
TX_4,2012-06-03 05:00:00,2.989288200426281,3.0789668464390694
TX_4,2012-06-03 05:30:00,2.7198656907364156,2.801461661458508
TX_4,2012-06-03 06:00:00,3.7364237461966776,3.848516458582578
TX_4,2012-06-03 06:30:00,4.130475030209672,4.254389281115962
TX_4,2012-06-03 07:00:00,4.028707978981507,4.149569218350953
TX_4,2012-06-03 07:30:00,3.9142900708059716,4.031718772930151
TX_4,2012-06-03 08:00:00,4.501455764128383,4.636499437052234
TX_4,2012-06-03 08:30:00,4.0841769882064725,4.206702297852667
TX_4,2012-06-03 09:00:00,4.8594495378926785,5.005233024029459
TX_4,2012-06-03 09:30:00,5.591808886392464,5.759563152984238
TX_4,2012-06-03 10:00:00,6.240094490368317,6.427297325079366
TX_4,2012-06-03 10:30:00,5.856466271830902,6.0321602599858295
TX_4,2012-06-03 11:00:00,7.127287127657789,7.341105741487523
TX_4,2012-06-03 11:30:00,5.401729554392876,5.563781441024663
TX_4,2012-06-03 12:00:00,6.966549590447582,7.17554607816101
TX_4,2012-06-03 12:30:00,5.138188234062918,5.292333881084805
TX_4,2012-06-03 13:00:00,6.0512133347744035,6.232749734817636
TX_4,2012-06-03 13:30:00,4.740176849802749,4.882382155296831
TX_4,2012-06-03 14:00:00,5.350046499690827,5.510547894681552
TX_4,2012-06-03 14:30:00,6.2354888238720445,6.422553488588206
TX_4,2012-06-03 15:00:00,5.842107285580434,6.017370504147848
TX_4,2012-06-03 15:30:00,5.387475252248105,5.549099509815549
TX_4,2012-06-03 16:00:00,6.605729069339604,6.8039009414197915
TX_4,2012-06-03 16:30:00,8.441857792456611,8.69511352623031
TX_4,2012-06-03 17:00:00,6.906594771211553,7.1137926143479
TX_4,2012-06-03 17:30:00,8.476784966942574,8.731088515950852
TX_4,2012-06-03 18:00:00,8.90166804101919,9.168718082249766
TX_4,2012-06-03 18:30:00,8.25460572744191,8.502243899265167
TX_4,2012-06-03 19:00:00,8.69251102089937,8.953286351526351
TX_4,2012-06-03 19:30:00,7.248682170502672,7.466142635617753
TX_4,2012-06-03 20:00:00,7.873057919379017,8.109249656960387
TX_4,2012-06-03 20:30:00,5.799376531053033,5.973357826984624
TX_4,2012-06-03 21:00:00,6.719164659908976,6.920739599706245
TX_4,2012-06-03 21:30:00,6.387892686265461,6.579529466853425
TX_4,2012-06-03 22:00:00,5.029967350250931,5.180866370758459
TX_4,2012-06-03 22:30:00,4.159708704086213,4.284499965208799
TX_4,2012-06-03 23:00:00,3.9419942611882957,4.060254089023944
TX_4,2012-06-03 23:30:00,3.827939551224075,3.9427777377607973
TX_4,2012-06-04 00:00:00,4.71505908280032,4.85651085528433
TX_4,2012-06-04 00:30:00,4.793655279300943,4.937464937679971
TX_4,2012-06-04 01:00:00,3.828651192802992,3.943510728587082
TX_4,2012-06-04 01:30:00,3.614055176144933,3.722476831429281
TX_4,2012-06-04 02:00:00,4.3886464738751805,4.520305868091436
TX_4,2012-06-04 02:30:00,3.9519975573318513,4.070557484051807
TX_4,2012-06-04 03:00:00,2.743507857701066,2.8258130934320977
TX_4,2012-06-04 03:30:00,2.875543372462013,2.961809673635874
TX_4,2012-06-04 04:00:00,2.7341492087844963,2.8161736850480312
TX_4,2012-06-04 04:30:00,2.84984283294116,2.9353381179293945
TX_4,2012-06-04 05:00:00,2.6822793774561426,2.762747758779827
TX_4,2012-06-04 05:30:00,2.6165982218952015,2.6950961685520576
TX_4,2012-06-04 06:00:00,3.4343264484500726,3.537356241903575
TX_4,2012-06-04 06:30:00,5.090719832208238,5.243441427174486
TX_4,2012-06-04 07:00:00,4.010185402342791,4.130490964413075
TX_4,2012-06-04 07:30:00,3.9336089389530025,4.051617207121593
TX_4,2012-06-04 08:00:00,4.627440934311117,4.766264162340451
TX_4,2012-06-04 08:30:00,4.262753483942181,4.390636088460446
TX_4,2012-06-04 09:00:00,5.330745743645365,5.490668115954726
TX_4,2012-06-04 09:30:00,6.092837898181734,6.275623035127186
TX_4,2012-06-04 10:00:00,5.469268792823096,5.633346856607789
TX_4,2012-06-04 10:30:00,7.476562013763094,7.700858874175987
TX_4,2012-06-04 11:00:00,6.540150681683238,6.736355202133736
TX_4,2012-06-04 11:30:00,5.659677172899654,5.829467488086644
TX_4,2012-06-04 12:00:00,5.773612117432188,5.946820480955155
TX_4,2012-06-04 12:30:00,6.028803743414166,6.2096678557165905
TX_4,2012-06-04 13:00:00,5.79832933217321,5.972279212138406
TX_4,2012-06-04 13:30:00,5.210923657900502,5.367251367637517
TX_4,2012-06-04 14:00:00,4.602237543495199,4.740304669800055
TX_4,2012-06-04 14:30:00,4.6214495773771835,4.760093064698499
TX_4,2012-06-04 15:00:00,4.618250049304127,4.756797550783251
TX_4,2012-06-04 15:30:00,4.151521568518122,4.276067215573666
TX_4,2012-06-04 16:00:00,5.829276743662959,6.004155045972848
TX_4,2012-06-04 16:30:00,5.0876661521297954,5.240296136693689
TX_4,2012-06-04 17:00:00,6.615110416711814,6.813563729213168
TX_4,2012-06-04 17:30:00,5.13380365098241,5.287817760511882
TX_4,2012-06-04 18:00:00,7.033146311601141,7.244140700949175
TX_4,2012-06-04 18:30:00,8.666380167114372,8.926371572127804
TX_4,2012-06-04 19:00:00,7.866506522197643,8.102501717863571
TX_4,2012-06-04 19:30:00,6.16138921255197,6.346230888928529
TX_4,2012-06-04 20:00:00,6.049966855555896,6.231465861222573
TX_4,2012-06-04 20:30:00,6.026395380012287,6.207187241412656
TX_4,2012-06-04 21:00:00,6.608702507114378,6.80696358232781
TX_4,2012-06-04 21:30:00,6.7730324504687065,6.976223423982768
TX_4,2012-06-04 22:00:00,6.8232464680970555,7.027943862139967
TX_4,2012-06-04 22:30:00,7.017430368664406,7.227953279724338
TX_4,2012-06-04 23:00:00,4.270346255482571,4.398456643147048
TX_4,2012-06-04 23:30:00,4.269077797652565,4.3971501315821415
TX_4,2012-06-05 00:00:00,4.257799271535038,4.38553324968109
TX_4,2012-06-05 00:30:00,3.3464087804299094,3.446801043842807
TX_4,2012-06-05 01:00:00,3.4107518607405756,3.5130744165627927
TX_4,2012-06-05 01:30:00,4.716186569563552,4.857672166650459
TX_4,2012-06-05 02:00:00,3.531005806159003,3.636935980343773
TX_4,2012-06-05 02:30:00,2.91802936423555,3.0055702451626165
TX_4,2012-06-05 03:00:00,3.791554799568616,3.9053014435556745
TX_4,2012-06-05 03:30:00,3.0103005751048135,3.100609592357958
TX_4,2012-06-05 04:00:00,2.950003787473622,3.038503901097831
TX_4,2012-06-05 04:30:00,3.0962927304442203,3.189181512357547
TX_4,2012-06-05 05:00:00,2.978258937207194,3.06760670532341
TX_4,2012-06-05 05:30:00,3.1641080544824485,3.259031296116922
TX_4,2012-06-05 06:00:00,3.596062125283647,3.7039439890421564
TX_4,2012-06-05 06:30:00,3.916197558944088,4.033683485712411
TX_4,2012-06-05 07:00:00,4.275817326652849,4.404091846452435
TX_4,2012-06-05 07:30:00,3.9879691198785747,4.107608193474932
TX_4,2012-06-05 08:00:00,5.002560243641276,5.152637050950514
TX_4,2012-06-05 08:30:00,6.9436258135520506,7.151934587958612
TX_4,2012-06-05 09:00:00,6.406765168904106,6.598968123971229
TX_4,2012-06-05 09:30:00,7.1624243950487525,7.377297126900215
TX_4,2012-06-05 10:00:00,6.545725336595707,6.742097096693578
TX_4,2012-06-05 10:30:00,5.607691658499787,5.775922408254781
TX_4,2012-06-05 11:00:00,5.753006624387382,5.925596823119004
TX_4,2012-06-05 11:30:00,6.031287875128283,6.2122265113821316
TX_4,2012-06-05 12:00:00,5.336629371909883,5.49672825306718
TX_4,2012-06-05 12:30:00,7.504699287079949,7.7298402656923475
TX_4,2012-06-05 13:00:00,7.720458416487874,7.952072168982511
TX_4,2012-06-05 13:30:00,6.956752493394919,7.165455068196767
TX_4,2012-06-05 14:00:00,6.065016233478866,6.246966720483233
TX_4,2012-06-05 14:30:00,5.1799120265770195,5.3353093873743305
TX_4,2012-06-05 15:00:00,9.429114464001806,9.71198789792186
TX_4,2012-06-05 15:30:00,7.666231091091641,7.89621802382439
TX_4,2012-06-05 16:00:00,7.491700176132933,7.716451181416921
TX_4,2012-06-05 16:30:00,7.305190163874078,7.524345868790301
TX_4,2012-06-05 17:00:00,7.193254479661611,7.40905211405146
TX_4,2012-06-05 17:30:00,7.325850654674733,7.545626174314975
TX_4,2012-06-05 18:00:00,8.313680143070382,8.563090547362494
TX_4,2012-06-05 18:30:00,8.730303506428866,8.992212611621733
TX_4,2012-06-05 19:00:00,8.686795795910749,8.947399669788071
TX_4,2012-06-05 19:30:00,7.47401114080874,7.698231475033002
TX_4,2012-06-05 20:00:00,7.157322679705059,7.372042360096211
TX_4,2012-06-05 20:30:00,7.268109417035806,7.486152699546881
TX_4,2012-06-05 21:00:00,7.664929025080735,7.894876895833157
TX_4,2012-06-05 21:30:00,7.846339577898322,8.081729765235272
TX_4,2012-06-05 22:00:00,8.617219009685792,8.875735579976366
TX_4,2012-06-05 22:30:00,5.778831921503087,5.95219687914818
TX_4,2012-06-05 23:00:00,6.147151325784696,6.331565865558237
TX_4,2012-06-05 23:30:00,5.994530887512792,6.1743668141381765
TX_4,2012-06-06 00:00:00,6.0372626950402255,6.218380575891432
TX_4,2012-06-06 00:30:00,3.981917197501937,4.1013747134269956
TX_4,2012-06-06 01:00:00,4.361105395977023,4.491938557856334
TX_4,2012-06-06 01:30:00,3.869815205613362,3.9859096617817626
TX_4,2012-06-06 02:00:00,4.039888361122561,4.161085011956238
TX_4,2012-06-06 02:30:00,3.8985675558270523,4.015524582501864
TX_4,2012-06-06 03:00:00,3.154539350690664,3.249175531211384
TX_4,2012-06-06 03:30:00,3.2298197208928134,3.326714312519598
TX_4,2012-06-06 04:00:00,3.2170970661269362,3.3136099781107444
TX_4,2012-06-06 04:30:00,4.099965492788274,4.222964457571923
TX_4,2012-06-06 05:00:00,3.455560071733691,3.559226873885702
TX_4,2012-06-06 05:30:00,4.472282399773608,4.606450871766816
TX_4,2012-06-06 06:00:00,4.198129988838366,4.324073888503516
TX_4,2012-06-06 06:30:00,4.223246559427671,4.349943956210502
TX_4,2012-06-06 07:00:00,5.061979570234929,5.213838957341976
TX_4,2012-06-06 07:30:00,5.289231239382936,5.4479081765644235
TX_4,2012-06-06 08:00:00,3.942593816779882,4.060871631283279
TX_4,2012-06-06 08:30:00,7.9370654362133175,8.175177399299717
TX_4,2012-06-06 09:00:00,4.956155249337354,5.104839906817475
TX_4,2012-06-06 09:30:00,5.057825024503942,5.209559775239061
TX_4,2012-06-06 10:00:00,5.311307710229942,5.47064694153684
TX_4,2012-06-06 10:30:00,7.203084475777243,7.419177010050561
TX_4,2012-06-06 11:00:00,4.722822591564039,4.864507269310961
TX_4,2012-06-06 11:30:00,6.029178736793121,6.210054098896914
TX_4,2012-06-06 12:00:00,6.866921757107633,7.072929409820862
TX_4,2012-06-06 12:30:00,5.857893808405658,6.033630622657828
TX_4,2012-06-06 13:00:00,4.835397619056671,4.980459547628372
TX_4,2012-06-06 13:30:00,6.369984104841486,6.561083627986731
TX_4,2012-06-06 14:00:00,4.348846029032866,4.479311409903852
TX_4,2012-06-06 14:30:00,2.929312510524619,3.0171918858403575
TX_4,2012-06-06 15:00:00,4.72602690945832,4.86780771674207
TX_4,2012-06-06 15:30:00,7.090378391242529,7.303089742979806
TX_4,2012-06-06 16:00:00,5.114587224741344,5.268024841483585
TX_4,2012-06-06 16:30:00,4.35350354750981,4.484108653935104
TX_4,2012-06-06 17:00:00,6.413996443994048,6.60641633731387
TX_4,2012-06-06 17:30:00,3.985424467081839,4.1049872010942945
TX_4,2012-06-06 18:00:00,3.9299386030586274,4.0478367611503865
TX_4,2012-06-06 18:30:00,3.851644478850942,3.96719381321647
TX_4,2012-06-06 19:00:00,4.66133644606489,4.801176539446837
TX_4,2012-06-06 19:30:00,4.648584836105542,4.788042381188708
TX_4,2012-06-06 20:00:00,8.293597348114318,8.542405268557747
TX_4,2012-06-06 20:30:00,7.216423417466547,7.432916119990544
TX_4,2012-06-06 21:00:00,7.439922928601865,7.663120616459921
TX_4,2012-06-06 21:30:00,8.299471505785595,8.548455650959163
TX_4,2012-06-06 22:00:00,6.251118855772596,6.438652421445774
TX_4,2012-06-06 22:30:00,5.77322872895544,5.946425590824103
TX_4,2012-06-06 23:00:00,4.845963575119034,4.991342482372605
TX_4,2012-06-06 23:30:00,4.2221502493655345,4.348814756846501
TX_4,2012-06-07 00:00:00,3.838927624235315,3.9540954529623744
TX_4,2012-06-07 00:30:00,3.840596863544099,3.955814769450422
TX_4,2012-06-07 01:00:00,3.278016924490204,3.37635743222491
TX_4,2012-06-07 01:30:00,3.129031167578236,3.222902102605583
TX_4,2012-06-07 02:00:00,2.905934253418973,2.9931122810215425
TX_4,2012-06-07 02:30:00,2.5244700963254956,2.6002041992152605
TX_4,2012-06-07 03:00:00,2.6511932718977613,2.7307290700546942
TX_4,2012-06-07 03:30:00,2.4382042202540974,2.5113503468617204
TX_4,2012-06-07 04:00:00,2.392849813849806,2.4646353082653003
TX_4,2012-06-07 04:30:00,2.900863617208217,2.987889525724464
TX_4,2012-06-07 05:00:00,3.0273493521574952,3.11816983272222
TX_4,2012-06-07 05:30:00,3.4597582499602497,3.5635509974590573
TX_4,2012-06-07 06:00:00,2.989544966647948,3.0792313156473865
TX_4,2012-06-07 06:30:00,4.082771959443919,4.205255118227237
TX_4,2012-06-07 07:00:00,4.621148591249268,4.759783048986746
TX_4,2012-06-07 07:30:00,6.878698659910813,7.0850596197081375
TX_4,2012-06-07 08:00:00,5.992005093945062,6.171765246763414
TX_4,2012-06-07 08:30:00,4.4369858624094585,4.570095438281743
TX_4,2012-06-07 09:00:00,3.935385334063794,4.053446894085708
TX_4,2012-06-07 09:30:00,4.207037770316254,4.3332489034257415
TX_4,2012-06-07 10:00:00,5.565224264229882,5.732180992156779
TX_4,2012-06-07 10:30:00,4.281804026060207,4.410258146842013
TX_4,2012-06-07 11:00:00,5.158056369451827,5.312798060535382
TX_4,2012-06-07 11:30:00,6.708967396648145,6.91023641854759
TX_4,2012-06-07 12:00:00,4.081307700584362,4.203746931601893
TX_4,2012-06-07 12:30:00,5.547354836672108,5.713775481772271
TX_4,2012-06-07 13:00:00,5.713391113659684,5.884792847069475
TX_4,2012-06-07 13:30:00,4.870821397604644,5.016946039532783
TX_4,2012-06-07 14:00:00,5.081102737593266,5.233535819721064
TX_4,2012-06-07 14:30:00,6.4164806231212665,6.6089750418149045
TX_4,2012-06-07 15:00:00,7.852990153838646,8.088579858453805
TX_4,2012-06-07 15:30:00,8.124476139730369,8.36821042392228
TX_4,2012-06-07 16:00:00,7.584669749150655,7.812209841625175
TX_4,2012-06-07 16:30:00,7.396526406036005,7.618422198217086
TX_4,2012-06-07 17:00:00,7.546876563200207,7.773282860096213
TX_4,2012-06-07 17:30:00,6.026476992709748,6.207271302491041
TX_4,2012-06-07 18:00:00,6.608399764623952,6.806651757562671
TX_4,2012-06-07 18:30:00,9.552472420795416,9.83904659341928
TX_4,2012-06-07 19:00:00,9.389842067160261,9.671537329175068
TX_4,2012-06-07 19:30:00,8.670128031232716,8.930231872169697
TX_4,2012-06-07 20:00:00,9.569136210241012,9.856210296548243
TX_4,2012-06-07 20:30:00,8.463463214561472,8.717367110998316
TX_4,2012-06-07 21:00:00,8.65165573813974,8.911205410283932
TX_4,2012-06-07 21:30:00,8.774129320884127,9.037353200510651
TX_4,2012-06-07 22:00:00,8.853611894245356,9.119220251072717
TX_4,2012-06-07 22:30:00,7.665954975191645,7.8959336244473945
TX_4,2012-06-07 23:00:00,5.979612068790927,6.159000430854655
TX_4,2012-06-07 23:30:00,5.95092150477496,6.129449149918209
TX_4,2012-06-08 00:00:00,4.471778732515004,4.605932094490454
TX_4,2012-06-08 00:30:00,3.3248206010570533,3.424565219088765
TX_4,2012-06-08 01:00:00,3.4402895947190246,3.5434982825605954
TX_4,2012-06-08 01:30:00,4.339095512687908,4.469268378068545
TX_4,2012-06-08 02:00:00,2.6548560988534624,2.7345017818190662
TX_4,2012-06-08 02:30:00,2.9045748745298527,2.991712120765748
TX_4,2012-06-08 03:00:00,2.6951346998806316,2.7759887408770507
TX_4,2012-06-08 03:30:00,2.568871812015293,2.645937966375752
TX_4,2012-06-08 04:00:00,2.7472492005318734,2.8296666765478298
TX_4,2012-06-08 04:30:00,3.07921174302677,3.171588095317573
TX_4,2012-06-08 05:00:00,2.9914416727850885,3.0811849229686414
TX_4,2012-06-08 05:30:00,3.311250342838941,3.410587853124109
TX_4,2012-06-08 06:00:00,3.3853621982082984,3.4869230641545474
TX_4,2012-06-08 06:30:00,4.168154832829426,4.293199477814309
TX_4,2012-06-08 07:00:00,4.689195135374568,4.829870989435806
TX_4,2012-06-08 07:30:00,8.07184485396462,8.314000199583559
TX_4,2012-06-08 08:00:00,7.6058293944698265,7.834004276303921
TX_4,2012-06-08 08:30:00,6.371341648520956,6.562481897976585
TX_4,2012-06-08 09:00:00,6.385670046661711,6.577240148061563
TX_4,2012-06-08 09:30:00,6.143488681343258,6.327793341783556
TX_4,2012-06-08 10:00:00,5.707985935598987,5.879225513666956
TX_4,2012-06-08 10:30:00,6.587283865205188,6.784902381161343
TX_4,2012-06-08 11:00:00,4.242991050445183,4.370280781958539
TX_4,2012-06-08 11:30:00,4.479929276849794,4.614327155155288
TX_4,2012-06-08 12:00:00,4.093702890858617,4.216513977584375
TX_4,2012-06-08 12:30:00,5.86696793166811,6.042976969618153
TX_4,2012-06-08 13:00:00,6.22459566623,6.4113335362169
TX_4,2012-06-08 13:30:00,5.610130034129803,5.778433935153697
TX_4,2012-06-08 14:00:00,6.937444262909826,7.14556759079712
TX_4,2012-06-08 14:30:00,5.65710003044411,5.826813031357434
TX_4,2012-06-08 15:00:00,4.978445082693543,5.12779843517435
TX_4,2012-06-08 15:30:00,5.63352851857793,5.802534374135268
TX_4,2012-06-08 16:00:00,6.895907056656061,7.102784268355744
TX_4,2012-06-08 16:30:00,6.831441559662058,7.036384806451919
TX_4,2012-06-08 17:00:00,6.2142443287623585,6.40067165862523
TX_4,2012-06-08 17:30:00,6.135527399614772,6.319593221603215
TX_4,2012-06-08 18:00:00,6.180789199548622,6.366212875535081
TX_4,2012-06-08 18:30:00,7.111767545231613,7.3251205715885614
TX_4,2012-06-08 19:00:00,8.528102716283733,8.783945797772246
TX_4,2012-06-08 19:30:00,6.490911580392071,6.685638927803833
TX_4,2012-06-08 20:00:00,5.457861606525877,5.621597454721654
TX_4,2012-06-08 20:30:00,5.103905667514876,5.2570228375403225
TX_4,2012-06-08 21:00:00,5.4677709116180955,5.631804038966639
TX_4,2012-06-08 21:30:00,5.870992597014006,6.0471223749244265
TX_4,2012-06-08 22:00:00,4.699880795534008,4.840877219400028
TX_4,2012-06-08 22:30:00,4.247728414299582,4.375160266728569
TX_4,2012-06-08 23:00:00,4.324112345997302,4.453835716377221
TX_4,2012-06-08 23:30:00,2.8638722836895982,2.9497884522002864
TX_4,2012-06-09 00:00:00,2.9747675373069984,3.0640105634262085
TX_4,2012-06-09 00:30:00,3.339686886378151,3.4398774929694955
TX_4,2012-06-09 01:00:00,2.615033113499521,2.6934841069045063
TX_4,2012-06-09 01:30:00,3.141441964594055,3.2356852235318767
TX_4,2012-06-09 02:00:00,3.4761900566723867,3.5804757583725584
TX_4,2012-06-09 02:30:00,2.709944204584389,2.791242530721921
TX_4,2012-06-09 03:00:00,2.8423054623258057,2.92757462619558
TX_4,2012-06-09 03:30:00,2.847561735265218,2.9329885873231745
TX_4,2012-06-09 04:00:00,2.422372189955358,2.4950433556540186
TX_4,2012-06-09 04:30:00,2.3170598427738245,2.386571638057039
TX_4,2012-06-09 05:00:00,2.7830447782320693,2.8665361215790313
TX_4,2012-06-09 05:30:00,2.4116492598386525,2.483998737633812
TX_4,2012-06-09 06:00:00,2.911864817841174,2.9992207623764093
TX_4,2012-06-09 06:30:00,5.4671103740211,5.631123685241733
TX_4,2012-06-09 07:00:00,5.658187242850139,5.827932860135643
TX_4,2012-06-09 07:30:00,4.311699212825751,4.441050189210523
TX_4,2012-06-09 08:00:00,4.617772745097959,4.756305927450898
TX_4,2012-06-09 08:30:00,4.699583320893174,4.840570820519969
TX_4,2012-06-09 09:00:00,3.6656977767075203,3.775668710008746
TX_4,2012-06-09 09:30:00,4.28253959556992,4.411015783437018
TX_4,2012-06-09 10:00:00,6.612530012192647,6.810905912558427
TX_4,2012-06-09 10:30:00,4.1035618486395515,4.2266687040987385
TX_4,2012-06-09 11:00:00,5.485722130441342,5.650293794354583
TX_4,2012-06-09 11:30:00,4.546119311599891,4.682502890947887
TX_4,2012-06-09 12:00:00,6.379357274859959,6.570737993105759
TX_4,2012-06-09 12:30:00,7.8260089972096445,8.060789267125934
TX_4,2012-06-09 13:00:00,8.452142141360675,8.705706405601495
TX_4,2012-06-09 13:30:00,6.232396194340263,6.419368080170471
TX_4,2012-06-09 14:00:00,4.9656881298386955,5.114658773733856
TX_4,2012-06-09 14:30:00,4.606776946618638,4.744980255017197
TX_4,2012-06-09 15:00:00,4.596034990539885,4.733916040256082
TX_4,2012-06-09 15:30:00,6.52404969381628,6.719771184630768
TX_4,2012-06-09 16:00:00,5.589738545795394,5.757430702169256
TX_4,2012-06-09 16:30:00,4.423875560189735,4.556591826995428
TX_4,2012-06-09 17:00:00,5.886236256377285,6.062823344068604
TX_4,2012-06-09 17:30:00,6.030507926534621,6.211423164330659
TX_4,2012-06-09 18:00:00,5.407409060842021,5.5696313326672815
TX_4,2012-06-09 18:30:00,5.61806169877915,5.786603549742525
TX_4,2012-06-09 19:00:00,6.402185205650155,6.5942507618196595
TX_4,2012-06-09 19:30:00,6.595573828465597,6.793441043319565
TX_4,2012-06-09 20:00:00,6.364181592375837,6.555107040147112
TX_4,2012-06-09 20:30:00,5.61837376639024,5.786924979381948
TX_4,2012-06-09 21:00:00,4.3354941401470946,4.465558964351508
TX_4,2012-06-09 21:30:00,4.984918918308088,5.13446648585733
TX_4,2012-06-09 22:00:00,4.802884750698266,4.946971293219214
TX_4,2012-06-09 22:30:00,4.166125448041125,4.291109211482359
TX_4,2012-06-09 23:00:00,3.5473709730983294,3.653792102291279
TX_4,2012-06-09 23:30:00,3.54171916117868,3.6479707360140403
TX_4,2012-06-10 00:00:00,3.56958950604292,3.6766771912242078
TX_4,2012-06-10 00:30:00,3.329014384939342,3.4288848164875225
TX_4,2012-06-10 01:00:00,2.8723917910689822,2.9585635448010517
TX_4,2012-06-10 01:30:00,3.181881403635548,3.2773378457446145
TX_4,2012-06-10 02:00:00,2.809656513722405,2.8939462091340773
TX_4,2012-06-10 02:30:00,2.976241284688547,3.0655285232292036
TX_4,2012-06-10 03:00:00,2.399217437483324,2.471193960607824
TX_4,2012-06-10 03:30:00,2.452552624156131,2.526129202880815
TX_4,2012-06-10 04:00:00,2.605381671956754,2.683543122115457
TX_4,2012-06-10 04:30:00,2.5380374729607995,2.6141785971496234
TX_4,2012-06-10 05:00:00,2.948054338500183,3.0364959686551884
TX_4,2012-06-10 05:30:00,2.622297190397101,2.7009661061090138
TX_4,2012-06-10 06:00:00,2.5586826044426445,2.635443082575924
TX_4,2012-06-10 06:30:00,3.0198003804626157,3.1103943918764942
TX_4,2012-06-10 07:00:00,3.763574565572169,3.876481802539334
TX_4,2012-06-10 07:30:00,4.9021667249134735,5.049231726660878
TX_4,2012-06-10 08:00:00,4.0344080002209814,4.155440240227611
TX_4,2012-06-10 08:30:00,3.539245564133147,3.6454229310571415
TX_4,2012-06-10 09:00:00,6.091826540798092,6.274581337022035
TX_4,2012-06-10 09:30:00,6.093064587411129,6.275856525033463
TX_4,2012-06-10 10:00:00,6.504393004393618,6.699524794525427
TX_4,2012-06-10 10:30:00,3.5180416836789603,3.6235829341893293
TX_4,2012-06-10 11:00:00,3.7390133571304602,3.851183757844374
TX_4,2012-06-10 11:30:00,7.381158275356229,7.602593023616915
TX_4,2012-06-10 12:00:00,5.7414414817832995,5.913684726236799
TX_4,2012-06-10 12:30:00,5.133122653956882,5.287116333575589
TX_4,2012-06-10 13:00:00,6.526740523238322,6.722542738935472
TX_4,2012-06-10 13:30:00,5.742225713427313,5.914492484830133
TX_4,2012-06-10 14:00:00,4.582417139493272,4.71988965367807
TX_4,2012-06-10 14:30:00,4.5688793902069875,4.705945771913197
TX_4,2012-06-10 15:00:00,4.25946343387801,4.387247336894351
TX_4,2012-06-10 15:30:00,5.018192990606543,5.168738780324739
TX_4,2012-06-10 16:00:00,4.754294114813785,4.896922938258198
TX_4,2012-06-10 16:30:00,5.85086538815798,6.0263913498027195
TX_4,2012-06-10 17:00:00,6.475635224125387,6.669904280849149
TX_4,2012-06-10 17:30:00,6.975883730262291,7.18516024217016
TX_4,2012-06-10 18:00:00,7.442654698042516,7.665934338983792
TX_4,2012-06-10 18:30:00,8.175836718077411,8.421111819619734
TX_4,2012-06-10 19:00:00,7.498712607565242,7.7236739857922
TX_4,2012-06-10 19:30:00,7.276643762110899,7.494943074974226
TX_4,2012-06-10 20:00:00,6.837996409702509,7.043136301993584
TX_4,2012-06-10 20:30:00,7.070957421909504,7.283086144566789
TX_4,2012-06-10 21:00:00,7.3628112800687715,7.583695618470835
TX_4,2012-06-10 21:30:00,6.02525789186971,6.206015628625802
TX_4,2012-06-10 22:00:00,5.748965521933366,5.921434487591367
TX_4,2012-06-10 22:30:00,5.200020404936424,5.356021017084517
TX_4,2012-06-10 23:00:00,4.79279415753509,4.936577982261142
TX_4,2012-06-10 23:30:00,4.174307533399315,4.2995367594012945
TX_4,2012-06-11 00:00:00,3.782341062361075,3.8958112942319074
TX_4,2012-06-11 00:30:00,3.9772804449409134,4.096598858289141
TX_4,2012-06-11 01:00:00,3.355257981340025,3.4559157207802262
TX_4,2012-06-11 01:30:00,4.614900594972981,4.7533476128221706
TX_4,2012-06-11 02:00:00,3.613073461177386,3.721465665012708
TX_4,2012-06-11 02:30:00,3.1266076971091064,3.22040592802238
TX_4,2012-06-11 03:00:00,3.158028695226055,3.2527695560828365
TX_4,2012-06-11 03:30:00,3.355232979811346,3.4558899692056864
TX_4,2012-06-11 04:00:00,3.27080392534938,3.368928043109862
TX_4,2012-06-11 04:30:00,4.011255024721926,4.131592675463584
TX_4,2012-06-11 05:00:00,3.8030216873576252,3.917112337978354
TX_4,2012-06-11 05:30:00,5.003806648476588,5.153920847930886
TX_4,2012-06-11 06:00:00,6.858322880539545,7.064072566955732
TX_4,2012-06-11 06:30:00,4.436221510249082,4.569308155556555
TX_4,2012-06-11 07:00:00,4.815116029862427,4.9595695107583
TX_4,2012-06-11 07:30:00,8.088062181582645,8.330704047030125
TX_4,2012-06-11 08:00:00,9.250129247587424,9.527633125015047
TX_4,2012-06-11 08:30:00,8.20267393406646,8.448754152088455
TX_4,2012-06-11 09:00:00,8.764656113801468,9.027595797215513
TX_4,2012-06-11 09:30:00,8.407158061749088,8.659372803601562
TX_4,2012-06-11 10:00:00,9.613427298230711,9.901830117177633
TX_4,2012-06-11 10:30:00,9.083869106053772,9.356385179235385
TX_4,2012-06-11 11:00:00,11.194428227225142,11.530261074041897
TX_4,2012-06-11 11:30:00,10.54817340019184,10.864618602197597
TX_4,2012-06-11 12:00:00,12.743674902970039,13.12598515005914
TX_4,2012-06-11 12:30:00,9.113466993690334,9.386871003501044
TX_4,2012-06-11 13:00:00,9.43296048865618,9.715949303315865
TX_4,2012-06-11 13:30:00,6.0768939766633565,6.259200795963257
TX_4,2012-06-11 14:00:00,5.056381275442972,5.208072713706261
TX_4,2012-06-11 14:30:00,5.402789765239879,5.564873458197075
TX_4,2012-06-11 15:00:00,8.468110170030897,8.722153475131824
TX_4,2012-06-11 15:30:00,7.184550874785618,7.400087401029187
TX_4,2012-06-11 16:00:00,6.404461146710568,6.596594981111885
TX_4,2012-06-11 16:30:00,7.99568847336658,8.235559127567578
TX_4,2012-06-11 17:00:00,9.6302977258462,9.919206657621586
TX_4,2012-06-11 17:30:00,7.125412779342093,7.339175162722356
TX_4,2012-06-11 18:00:00,6.82016264508551,7.024767524438076
TX_4,2012-06-11 18:30:00,6.526643091048214,6.7224423837796605
TX_4,2012-06-11 19:00:00,7.8570716859847805,8.092783836564324
TX_4,2012-06-11 19:30:00,9.259788847534123,9.537582512960148
TX_4,2012-06-11 20:00:00,7.49334513663615,7.7181454907352345
TX_4,2012-06-11 20:30:00,7.928594314435495,8.16645214386856
TX_4,2012-06-11 21:00:00,8.32689171072346,8.576698462045165
TX_4,2012-06-11 21:30:00,7.402873642877392,7.624959852163713
TX_4,2012-06-11 22:00:00,5.934304783418995,6.112333926921565
TX_4,2012-06-11 22:30:00,4.655375294649865,4.795036553489361
TX_4,2012-06-11 23:00:00,5.340497373588549,5.500712294796205
TX_4,2012-06-11 23:30:00,3.6736831866686646,3.7838936822687246
TX_4,2012-06-12 00:00:00,4.0891754045712325,4.2118506667083695
TX_4,2012-06-12 00:30:00,4.287299737916447,4.41591873005394
TX_4,2012-06-12 01:00:00,3.425279578146276,3.528037965490664
TX_4,2012-06-12 01:30:00,3.9488163212060488,4.06728081084223
TX_4,2012-06-12 02:00:00,3.252007172393448,3.3495673875652514
TX_4,2012-06-12 02:30:00,3.345627582692266,3.445996410173034
TX_4,2012-06-12 03:00:00,3.1606490701675427,3.255468542272569
TX_4,2012-06-12 03:30:00,3.1164462263908503,3.209939613182576
TX_4,2012-06-12 04:00:00,3.2969428084409445,3.3958510926941727
TX_4,2012-06-12 04:30:00,3.946019807027048,4.06440040123786
TX_4,2012-06-12 05:00:00,4.498290322349536,4.633239032020023
TX_4,2012-06-12 05:30:00,4.0941528501087765,4.21697743561204
TX_4,2012-06-12 06:00:00,4.903484108105702,5.050588631348873
TX_4,2012-06-12 06:30:00,5.562394234670818,5.729266061710943
TX_4,2012-06-12 07:00:00,5.305323835381426,5.464483550442869
TX_4,2012-06-12 07:30:00,7.356380644886217,7.577072064232803
TX_4,2012-06-12 08:00:00,6.78846615661239,6.992120141310762
TX_4,2012-06-12 08:30:00,8.022287573985452,8.262956201205016
TX_4,2012-06-12 09:00:00,7.988090237351658,8.227732944472208
TX_4,2012-06-12 09:30:00,6.031626440805844,6.2125752340300195
TX_4,2012-06-12 10:00:00,7.415483876270007,7.6379483925581075
TX_4,2012-06-12 10:30:00,6.34754858643796,6.537975044031099
TX_4,2012-06-12 11:00:00,5.959442087563888,6.138225350190805
TX_4,2012-06-12 11:30:00,6.404145521515778,6.5962698871612515
TX_4,2012-06-12 12:00:00,7.617508190051608,7.8460334357531565
TX_4,2012-06-12 12:30:00,6.647123718278625,6.846537429826983
TX_4,2012-06-12 13:00:00,5.922132492711041,6.099796467492372
TX_4,2012-06-12 13:30:00,5.3074825243938415,5.466707000125657
TX_4,2012-06-12 14:00:00,4.4591395676152645,4.592913754643723
TX_4,2012-06-12 14:30:00,5.358053094917817,5.518794687765351
TX_4,2012-06-12 15:00:00,5.682209400587078,5.85267568260469
TX_4,2012-06-12 15:30:00,7.191842665358791,7.407597945319554
TX_4,2012-06-12 16:00:00,7.033602407822169,7.244610480056834
TX_4,2012-06-12 16:30:00,5.769710263676137,5.942801571586421
TX_4,2012-06-12 17:00:00,5.970728567489357,6.149850424514038
TX_4,2012-06-12 17:30:00,4.459828622408149,4.593623481080393
TX_4,2012-06-12 18:00:00,4.451128402524923,4.584662254600671
TX_4,2012-06-12 18:30:00,9.236932943811508,9.514040932125853
TX_4,2012-06-12 19:00:00,10.768852440305302,11.091918013514462
TX_4,2012-06-12 19:30:00,6.80848376198955,7.012738274849237
TX_4,2012-06-12 20:00:00,7.9328601681418265,8.170845973186081
TX_4,2012-06-12 20:30:00,9.52794700506534,9.8137854152173
TX_4,2012-06-12 21:00:00,8.07249084721414,8.314665572630565
TX_4,2012-06-12 21:30:00,7.660843353095614,7.890668653688483
TX_4,2012-06-12 22:00:00,7.37880841252451,7.600172664900246
TX_4,2012-06-12 22:30:00,6.388972950163188,6.580642138668084
TX_4,2012-06-12 23:00:00,5.8039498780373,5.978068374378419
TX_4,2012-06-12 23:30:00,4.21348534482541,4.339889905170173
TX_4,2012-06-13 00:00:00,3.6471236707785635,3.7565373809019205
TX_4,2012-06-13 00:30:00,3.194904903848079,3.2907520509635213
TX_4,2012-06-13 01:00:00,3.337654917841063,3.437784565376295
TX_4,2012-06-13 01:30:00,3.0742025358319554,3.1664286119069143
TX_4,2012-06-13 02:00:00,2.767008863417111,2.8500191293196244
TX_4,2012-06-13 02:30:00,3.759422597444849,3.8722052753681946
TX_4,2012-06-13 03:00:00,2.7619751660734315,2.8448344210556344
TX_4,2012-06-13 03:30:00,3.1023385989077545,3.195408756874987
TX_4,2012-06-13 04:00:00,2.9164797013919888,3.0039740924337486
TX_4,2012-06-13 04:30:00,3.5555738674320003,3.6622410834549606
TX_4,2012-06-13 05:00:00,3.740565008151011,3.8527819583955414
TX_4,2012-06-13 05:30:00,3.3286500208437504,3.428509521469063
TX_4,2012-06-13 06:00:00,3.2105312735356732,3.3068472117417436
TX_4,2012-06-13 06:30:00,3.1314166686268003,3.2253591686856042
TX_4,2012-06-13 07:00:00,4.874444631975247,5.020677970934504
TX_4,2012-06-13 07:30:00,4.044009015242787,4.165329285700071
TX_4,2012-06-13 08:00:00,4.892363528898711,5.039134434765672
TX_4,2012-06-13 08:30:00,3.3742638939606606,3.4754918107794803
TX_4,2012-06-13 09:00:00,4.345482658630652,4.475847138389572
TX_4,2012-06-13 09:30:00,3.7573359609539394,3.8700560397825576
TX_4,2012-06-13 10:00:00,3.6635884684869735,3.773496122541583
TX_4,2012-06-13 10:30:00,3.830114184775145,3.9450176103183994
TX_4,2012-06-13 11:00:00,3.6482366242181326,3.7576837229446767
TX_4,2012-06-13 11:30:00,4.142224651385691,4.2664913909272615
TX_4,2012-06-13 12:00:00,3.762450038443767,3.87532353959708
TX_4,2012-06-13 12:30:00,4.552160205317409,4.688725011476931
TX_4,2012-06-13 13:00:00,3.2522638232669543,3.349831737964963
TX_4,2012-06-13 13:30:00,3.0453263056836537,3.1366860948541633
TX_4,2012-06-13 14:00:00,3.2659653627625196,3.3639443236453954
TX_4,2012-06-13 14:30:00,3.0018105902938133,3.091864908002628
TX_4,2012-06-13 15:00:00,3.917592602961385,4.035120381050226
TX_4,2012-06-13 15:30:00,4.802207816032345,4.946274050513315
TX_4,2012-06-13 16:00:00,4.5332743099198645,4.66927253921746
TX_4,2012-06-13 16:30:00,3.5588415685203447,3.665606815575955
TX_4,2012-06-13 17:00:00,4.077169433129432,4.199484516123316
TX_4,2012-06-13 17:30:00,3.127263281933116,3.2210811803911095
TX_4,2012-06-13 18:00:00,4.686165797150306,4.826750771064815
TX_4,2012-06-13 18:30:00,5.521215481312983,5.686851945752372
TX_4,2012-06-13 19:00:00,4.732869915621786,4.87485601309044
TX_4,2012-06-13 19:30:00,5.301336370983594,5.460376462113102
TX_4,2012-06-13 20:00:00,4.375360790003899,4.5066216137040165
TX_4,2012-06-13 20:30:00,4.203170710621262,4.3292658319399
TX_4,2012-06-13 21:00:00,5.010218370322768,5.160524921432451
TX_4,2012-06-13 21:30:00,5.333572489248155,5.4935796639256
TX_4,2012-06-13 22:00:00,5.806954074870246,5.981162697116353
TX_4,2012-06-13 22:30:00,5.279609596153468,5.437997884038072
TX_4,2012-06-13 23:00:00,5.720503947677333,5.892119066107653
TX_4,2012-06-13 23:30:00,4.412842221149627,4.545227487784116
TX_4,2012-06-14 00:00:00,3.2774897895167814,3.375814483202285
TX_4,2012-06-14 00:30:00,3.303728643736731,3.402840503048833
TX_4,2012-06-14 01:00:00,2.843691178753973,2.9290019141165926
TX_4,2012-06-14 01:30:00,2.7105881440759596,2.7919057883982386
TX_4,2012-06-14 02:00:00,2.8909970320678107,2.977726943029845
TX_4,2012-06-14 02:30:00,2.3164390903899004,2.3859322631015973
TX_4,2012-06-14 03:00:00,2.5317718720356557,2.6077250281967252
TX_4,2012-06-14 03:30:00,2.6281173585863318,2.7069608793439217
TX_4,2012-06-14 04:00:00,2.3978153298204705,2.4697497897150846
TX_4,2012-06-14 04:30:00,2.972380787670303,3.061552211300412
TX_4,2012-06-14 05:00:00,2.8478082848405664,2.9332425333857834
TX_4,2012-06-14 05:30:00,3.5020195763286854,3.607080163618546
TX_4,2012-06-14 06:00:00,3.5274857184685446,3.633310290022601
TX_4,2012-06-14 06:30:00,3.301919624194662,3.400977212920502
TX_4,2012-06-14 07:00:00,3.6901465562526763,3.8008509529402565
TX_4,2012-06-14 07:30:00,7.000311406910428,7.210320749117741
TX_4,2012-06-14 08:00:00,5.672845840459925,5.843031215673723
TX_4,2012-06-14 08:30:00,5.2120784140218275,5.3684407664424825
TX_4,2012-06-14 09:00:00,6.140637961789855,6.324857100643551
TX_4,2012-06-14 09:30:00,4.840190409200479,4.9853961214764935
TX_4,2012-06-14 10:00:00,3.834506718308336,3.9495419198575865
TX_4,2012-06-14 10:30:00,4.074629346764121,4.196868227167045
TX_4,2012-06-14 11:00:00,4.681680677984565,4.822131098324102
TX_4,2012-06-14 11:30:00,5.2830125570981865,5.441502933811132
TX_4,2012-06-14 12:00:00,3.101561202246315,3.1946080383137048
TX_4,2012-06-14 12:30:00,3.438616591108143,3.5417750888413875
TX_4,2012-06-14 13:00:00,4.229656853284415,4.356546558882948
TX_4,2012-06-14 13:30:00,4.830683828228135,4.975604343074979
TX_4,2012-06-14 14:00:00,4.2524772060762,4.380051522258486
TX_4,2012-06-14 14:30:00,3.7335710941593265,3.8455782269841063
TX_4,2012-06-14 15:00:00,4.854526677373376,5.000162477694578
TX_4,2012-06-14 15:30:00,5.284305395317033,5.442834557176544
TX_4,2012-06-14 16:00:00,4.147945344935181,4.272383705283237
TX_4,2012-06-14 16:30:00,4.360252750949613,4.491060333478101
TX_4,2012-06-14 17:00:00,4.901047234051128,5.048078651072662
TX_4,2012-06-14 17:30:00,6.1215680889313955,6.305215131599337
TX_4,2012-06-14 18:00:00,7.92746803252477,8.165292073500513
TX_4,2012-06-14 18:30:00,9.330814274898971,9.610738703145941
TX_4,2012-06-14 19:00:00,8.919550541417752,9.187137057660285
TX_4,2012-06-14 19:30:00,8.423553287638464,8.67625988626762
TX_4,2012-06-14 20:00:00,6.745370079078505,6.947731181450861
TX_4,2012-06-14 20:30:00,8.860604473445262,9.126422607648621
TX_4,2012-06-14 21:00:00,8.161842660621138,8.406697940439773
TX_4,2012-06-14 21:30:00,8.95973074734821,9.228522669768656
TX_4,2012-06-14 22:00:00,5.436743347010354,5.599845647420665
TX_4,2012-06-14 22:30:00,4.394785256792075,4.5266288144958375
TX_4,2012-06-14 23:00:00,3.3591765748094455,3.459951872053729
TX_4,2012-06-14 23:30:00,3.1673200334755047,3.26233963447977
TX_4,2012-06-15 00:00:00,2.9765851866287916,3.0658827422276556
TX_4,2012-06-15 00:30:00,2.7622986562128413,2.8451676158992267
TX_4,2012-06-15 01:00:00,2.0836495734701916,2.1461590606742975
TX_4,2012-06-15 01:30:00,2.844838110947105,2.9301832542755184
TX_4,2012-06-15 02:00:00,1.9972380641920222,2.057155206117783
TX_4,2012-06-15 02:30:00,1.9728646808327566,2.0320506212577394
TX_4,2012-06-15 03:00:00,2.0736199973968232,2.135828597318728
TX_4,2012-06-15 03:30:00,2.1196112982477633,2.1831996371951963
TX_4,2012-06-15 04:00:00,2.072755022605459,2.134937673283623
TX_4,2012-06-15 04:30:00,2.9281702399109637,3.0160153471082927
TX_4,2012-06-15 05:00:00,3.1263353439067583,3.2201254042239613
TX_4,2012-06-15 05:30:00,3.195004464602564,3.290854598540641
TX_4,2012-06-15 06:00:00,3.111317842360312,3.204657377631121
TX_4,2012-06-15 06:30:00,3.4440190888159257,3.5473396614804034
TX_4,2012-06-15 07:00:00,3.867551740839157,3.9835782930643315
TX_4,2012-06-15 07:30:00,4.974000121285859,5.123220124924435
TX_4,2012-06-15 08:00:00,7.063095272678977,7.274988130859346
TX_4,2012-06-15 08:30:00,5.1627543640948055,5.31763699501765
TX_4,2012-06-15 09:00:00,4.684118014294966,4.824641554723815
TX_4,2012-06-15 09:30:00,4.308965503338409,4.438234468438561
TX_4,2012-06-15 10:00:00,4.6324537709609475,4.771427384089776
TX_4,2012-06-15 10:30:00,6.30141598234838,6.4904584618188315
TX_4,2012-06-15 11:00:00,5.582760660261379,5.750243480069221
TX_4,2012-06-15 11:30:00,4.964906747158686,5.113853949573447
TX_4,2012-06-15 12:00:00,5.81028717363239,5.984595788841362
TX_4,2012-06-15 12:30:00,7.254608611554313,7.472246869900943
TX_4,2012-06-15 13:00:00,7.096098204376675,7.308981150507976
TX_4,2012-06-15 13:30:00,5.368632189434964,5.529691155118012
TX_4,2012-06-15 14:00:00,4.742126679280745,4.884390479659168
TX_4,2012-06-15 14:30:00,4.328703097475801,4.458564190400075
TX_4,2012-06-15 15:00:00,4.3559793895316155,4.486658771217564
TX_4,2012-06-15 15:30:00,3.634157518143189,3.7431822436874844
TX_4,2012-06-15 16:00:00,4.065228230804389,4.187185077728521
TX_4,2012-06-15 16:30:00,6.021857601318392,6.202513329357944
TX_4,2012-06-15 17:00:00,6.023358333805611,6.2040590838197796
TX_4,2012-06-15 17:30:00,7.188579583246244,7.404236970743631
TX_4,2012-06-15 18:00:00,6.95772525725459,7.166457014972228
TX_4,2012-06-15 18:30:00,8.60664359490858,8.864842902755838
TX_4,2012-06-15 19:00:00,5.871880793781461,6.048037217594905
TX_4,2012-06-15 19:30:00,4.702806662647087,4.8438908625265
TX_4,2012-06-15 20:00:00,4.983934592753128,5.1334526305357215
TX_4,2012-06-15 20:30:00,3.9341414040632405,4.052165646185138
TX_4,2012-06-15 21:00:00,3.8538456299492023,3.9694609988476786
TX_4,2012-06-15 21:30:00,4.578018408194252,4.71535896044008
TX_4,2012-06-15 22:00:00,4.514068700109117,4.649490761112391
TX_4,2012-06-15 22:30:00,3.5584661147618535,3.6652200982047094
TX_4,2012-06-15 23:00:00,3.700474949762979,3.8114891982558685
TX_4,2012-06-15 23:30:00,3.2436188975184574,3.3409274644440115
TX_4,2012-06-16 00:00:00,2.8813580743809237,2.9677988166123517
TX_4,2012-06-16 00:30:00,3.068989086327391,3.161058758917213
TX_4,2012-06-16 01:00:00,2.6709874955622617,2.7511171204291296
TX_4,2012-06-16 01:30:00,2.96559009998961,3.0545578029892986
TX_4,2012-06-16 02:00:00,2.614184771543291,2.6926103146895897
TX_4,2012-06-16 02:30:00,2.222454056567934,2.289127678264972
TX_4,2012-06-16 03:00:00,2.2234740157599964,2.2901782362327965
TX_4,2012-06-16 03:30:00,2.238359041429368,2.305509812672249
TX_4,2012-06-16 04:00:00,2.139998851916597,2.204198817474095
TX_4,2012-06-16 04:30:00,2.433542248164098,2.506548515609021
TX_4,2012-06-16 05:00:00,2.5809672654784226,2.6583962834427752
TX_4,2012-06-16 05:30:00,2.3495305182623882,2.42001643381026
TX_4,2012-06-16 06:00:00,3.0306362821699446,3.121555370635043
TX_4,2012-06-16 06:30:00,3.334061667226375,3.4340835172431667
TX_4,2012-06-16 07:00:00,3.660817482412856,3.7706420068852418
TX_4,2012-06-16 07:30:00,4.305835185897838,4.435010241474773
TX_4,2012-06-16 08:00:00,3.7658454270872035,3.8788207898998195
TX_4,2012-06-16 08:30:00,3.718133792496236,3.8296778062711234
TX_4,2012-06-16 09:00:00,3.0941357882769873,3.1869598619252972
TX_4,2012-06-16 09:30:00,5.25538938849602,5.413051070150901
TX_4,2012-06-16 10:00:00,4.454808075192039,4.588452317447801
TX_4,2012-06-16 10:30:00,3.9306082503027913,4.048526497811875
TX_4,2012-06-16 11:00:00,3.89986089187791,4.016856718634248
TX_4,2012-06-16 11:30:00,3.615574272934283,3.7240415011223114
TX_4,2012-06-16 12:00:00,2.966297042762959,3.0552859540458477
TX_4,2012-06-16 12:30:00,3.479676809013937,3.5840671132843553
TX_4,2012-06-16 13:00:00,5.278603939238581,5.436962057415738
TX_4,2012-06-16 13:30:00,3.6791394030860975,3.7895135851786805
TX_4,2012-06-16 14:00:00,4.106311601496717,4.2295009495416185
TX_4,2012-06-16 14:30:00,3.602308317734927,3.710377567266975
TX_4,2012-06-16 15:00:00,2.8451980711189524,2.930554013252521
TX_4,2012-06-16 15:30:00,5.026046088835374,5.176827471500435
TX_4,2012-06-16 16:00:00,4.878824625516704,5.025189364282205
TX_4,2012-06-16 16:30:00,3.2102807666753836,3.306589189675645
TX_4,2012-06-16 17:00:00,5.695203941748885,5.866060060001352
TX_4,2012-06-16 17:30:00,5.094751046301723,5.2475935776907745
TX_4,2012-06-16 18:00:00,5.23761469739245,5.394743138314224
TX_4,2012-06-16 18:30:00,6.64428372390127,6.843612235618308
TX_4,2012-06-16 19:00:00,5.832109010632556,6.007072280951533
TX_4,2012-06-16 19:30:00,4.0827067598799145,4.2051879626763125
TX_4,2012-06-16 20:00:00,4.8698825501391845,5.01597902664336
TX_4,2012-06-16 20:30:00,4.7763563095124555,4.9196469987978295
TX_4,2012-06-16 21:00:00,4.62034550073189,4.758955865753847
TX_4,2012-06-16 21:30:00,4.297160101198454,4.426074904234408
TX_4,2012-06-16 22:00:00,3.9822395850296726,4.101706772580563
TX_4,2012-06-16 22:30:00,2.8811172215012766,2.967550738146315
TX_4,2012-06-16 23:00:00,2.539045913664525,2.615217291074461
TX_4,2012-06-16 23:30:00,3.063057961788741,3.154949700642403
TX_4,2012-06-17 00:00:00,2.7480925848708444,2.83053536241697
TX_4,2012-06-17 00:30:00,3.5593211107039804,3.6661007440251
TX_4,2012-06-17 01:00:00,3.9051595626424134,4.022314349521686
TX_4,2012-06-17 01:30:00,3.5579569020150372,3.6646956090754883
TX_4,2012-06-17 02:00:00,3.2032372547455217,3.2993343723878876
TX_4,2012-06-17 02:30:00,2.7243251175155443,2.8060548710410105
TX_4,2012-06-17 03:00:00,2.692609896408183,2.7733881933004283
TX_4,2012-06-17 03:30:00,2.8065659728484538,2.8907629520339073
TX_4,2012-06-17 04:00:00,3.1552035225757304,3.2498596282530023
TX_4,2012-06-17 04:30:00,2.816630843502067,2.9011297688071287
TX_4,2012-06-17 05:00:00,2.8513008979319396,2.936839924869898
TX_4,2012-06-17 05:30:00,2.887899385483203,2.9745363670476994
TX_4,2012-06-17 06:00:00,2.8743696671292924,2.960600757143171
TX_4,2012-06-17 06:30:00,3.389784360646141,3.4914778914655256
TX_4,2012-06-17 07:00:00,4.156909182819247,4.281616458303824
TX_4,2012-06-17 07:30:00,5.470592086779085,5.634709849382458
TX_4,2012-06-17 08:00:00,4.828083431835648,4.972925934790717
TX_4,2012-06-17 08:30:00,6.648084295691082,6.847526824561815
TX_4,2012-06-17 09:00:00,7.2020777615255005,7.418140094371266
TX_4,2012-06-17 09:30:00,6.631492210773505,6.83043697709671
TX_4,2012-06-17 10:00:00,6.66478863096222,6.864732289891086
TX_4,2012-06-17 10:30:00,5.227157460084301,5.38397218388683
TX_4,2012-06-17 11:00:00,6.435490844094934,6.628555569417783
TX_4,2012-06-17 11:30:00,6.539027212548452,6.735198028924906
TX_4,2012-06-17 12:00:00,6.152523255727398,6.33709895339922
TX_4,2012-06-17 12:30:00,6.267007915660423,6.4550181531302355
TX_4,2012-06-17 13:00:00,5.297330410985684,5.456250323315255
TX_4,2012-06-17 13:30:00,6.773554725752059,6.976761367524621
TX_4,2012-06-17 14:00:00,6.973725396959781,7.182937158868575
TX_4,2012-06-17 14:30:00,5.87848403448233,6.0548385555168
TX_4,2012-06-17 15:00:00,5.439741214261904,5.602933450689761
TX_4,2012-06-17 15:30:00,4.363646300748055,4.494555689770497
TX_4,2012-06-17 16:00:00,4.870519087788322,5.016634660421972
TX_4,2012-06-17 16:30:00,3.907849542199051,4.025085028465023
TX_4,2012-06-17 17:00:00,5.817631859124551,5.992160814898288
TX_4,2012-06-17 17:30:00,6.732929867748006,6.934917763780446
TX_4,2012-06-17 18:00:00,8.872228741386778,9.13839560362838
TX_4,2012-06-17 18:30:00,6.853206937761054,7.058803145893886
TX_4,2012-06-17 19:00:00,6.939404683334771,7.147586823834814
TX_4,2012-06-17 19:30:00,5.7630799747321175,5.9359723739740815
TX_4,2012-06-17 20:00:00,5.433120090431895,5.596113693144852
TX_4,2012-06-17 20:30:00,5.020616409737543,5.17123490202967
TX_4,2012-06-17 21:00:00,5.981934936339359,6.16139298442954
TX_4,2012-06-17 21:30:00,5.895752654099107,6.07262523372208
TX_4,2012-06-17 22:00:00,5.074758591996794,5.227001349756698
TX_4,2012-06-17 22:30:00,4.906292863310436,5.05348164920975
TX_4,2012-06-17 23:00:00,4.572593953629971,4.70977177223887
TX_4,2012-06-17 23:30:00,4.456844456871122,4.590549790577255
TX_4,2012-06-18 00:00:00,2.978815416020245,3.0681798785008523
TX_4,2012-06-18 00:30:00,3.2118567731150067,3.308212476308457
TX_4,2012-06-18 01:00:00,3.013860728219345,3.1042765500659253
TX_4,2012-06-18 01:30:00,3.039576941604991,3.130764249853141
TX_4,2012-06-18 02:00:00,2.9075264852522213,2.994752279809788
TX_4,2012-06-18 02:30:00,2.567893256612076,2.644930054310438
TX_4,2012-06-18 03:00:00,2.755519412142616,2.8381849945068947
TX_4,2012-06-18 03:30:00,2.614607440710012,2.6930456639313123
TX_4,2012-06-18 04:00:00,2.7236609281234987,2.805370755967204
TX_4,2012-06-18 04:30:00,3.4771926757525047,3.58150845602508
TX_4,2012-06-18 05:00:00,3.339800859324267,3.4399948851039954
TX_4,2012-06-18 05:30:00,4.163429485557385,4.288332370124107
TX_4,2012-06-18 06:00:00,4.196468529440961,4.32236258532419
TX_4,2012-06-18 06:30:00,3.9481953797730682,4.06664124116626
TX_4,2012-06-18 07:00:00,3.8237521726519867,3.9384647378315463
TX_4,2012-06-18 07:30:00,5.253990674652808,5.411610394892393
TX_4,2012-06-18 08:00:00,7.659960897544242,7.8897597244705695
TX_4,2012-06-18 08:30:00,6.153002177073996,6.337592242386216
TX_4,2012-06-18 09:00:00,8.004245057000064,8.244372408710067
TX_4,2012-06-18 09:30:00,12.100757607064441,12.463780335276375
TX_4,2012-06-18 10:00:00,8.932224316431164,9.200191045924099
TX_4,2012-06-18 10:30:00,9.167911534649642,9.442948880689132
TX_4,2012-06-18 11:00:00,8.914911725023936,9.182359076774654
TX_4,2012-06-18 11:30:00,10.04068888593552,10.341909552513586
TX_4,2012-06-18 12:00:00,7.403730917357653,7.625842844878383
TX_4,2012-06-18 12:30:00,9.452681630791245,9.736262079714983
TX_4,2012-06-18 13:00:00,7.468923816333618,7.692991530823627
TX_4,2012-06-18 13:30:00,4.68787589487899,4.828512171725359
TX_4,2012-06-18 14:00:00,4.262266470454869,4.390134464568515
TX_4,2012-06-18 14:30:00,7.54858782236857,7.775045457039627
TX_4,2012-06-18 15:00:00,5.3889893097891255,5.550658989082799
TX_4,2012-06-18 15:30:00,6.283056959696133,6.471548668487017
TX_4,2012-06-18 16:00:00,5.144861329880123,5.299207169776527
TX_4,2012-06-18 16:30:00,6.29467707302508,6.4835173852158325
TX_4,2012-06-18 17:00:00,8.036809650662565,8.277913940182442
TX_4,2012-06-18 17:30:00,6.889169651671785,7.0958447412219385
TX_4,2012-06-18 18:00:00,5.232108687505409,5.389071948130572
TX_4,2012-06-18 18:30:00,5.32055582919947,5.480172504075454
TX_4,2012-06-18 19:00:00,6.82835704240102,7.033207753673051
TX_4,2012-06-18 19:30:00,6.687709565276831,6.888340852235135
TX_4,2012-06-18 20:00:00,7.159097221448669,7.37387013809213
TX_4,2012-06-18 20:30:00,6.436434134723394,6.629527158765097
TX_4,2012-06-18 21:00:00,7.273281422130893,7.49147986479482
TX_4,2012-06-18 21:30:00,7.297316469305897,7.516235963385074
TX_4,2012-06-18 22:00:00,6.9377799340600985,7.145913332081902
TX_4,2012-06-18 22:30:00,6.047827867489439,6.229262703514123
TX_4,2012-06-18 23:00:00,5.856472178546585,6.032166343902983
TX_4,2012-06-18 23:30:00,4.799690418406657,4.943681130958857
TX_4,2012-06-19 00:00:00,3.4405594218574462,3.5437762045131698
TX_4,2012-06-19 00:30:00,4.005808715094539,4.125982976547376
TX_4,2012-06-19 01:00:00,3.2842184565841586,3.3827450102816834
TX_4,2012-06-19 01:30:00,3.4363138790581544,3.5394032954298993
TX_4,2012-06-19 02:00:00,3.197856806061697,3.293792510243548
TX_4,2012-06-19 02:30:00,2.978246623351055,3.067594022051587
TX_4,2012-06-19 03:00:00,2.8915497558905816,2.978296248567299
TX_4,2012-06-19 03:30:00,3.006451380218465,3.096644921625019
TX_4,2012-06-19 04:00:00,3.0973873454294694,3.1903089657923536
TX_4,2012-06-19 04:30:00,3.826237705654617,3.9410248368242553
TX_4,2012-06-19 05:00:00,3.393305233692253,3.4951043907030206
TX_4,2012-06-19 05:30:00,4.6342262817045965,4.773253070155734
TX_4,2012-06-19 06:00:00,4.738770203378684,4.880933309480045
TX_4,2012-06-19 06:30:00,4.735661326295321,4.877731166084181
TX_4,2012-06-19 07:00:00,5.076530580692164,5.228826498112928
TX_4,2012-06-19 07:30:00,6.412785388116789,6.605168949760293
TX_4,2012-06-19 08:00:00,7.741082616092719,7.973315094575501
TX_4,2012-06-19 08:30:00,5.036318889497572,5.187408456182499
TX_4,2012-06-19 09:00:00,3.8401333567855676,3.955337357489135
TX_4,2012-06-19 09:30:00,6.811716962329985,7.016068471199885
TX_4,2012-06-19 10:00:00,7.764311034368356,7.997240365399407
TX_4,2012-06-19 10:30:00,6.096927696731454,6.279835527633398
TX_4,2012-06-19 11:00:00,6.385065004941526,6.576616955089772
TX_4,2012-06-19 11:30:00,5.727671950398913,5.899502108910881
TX_4,2012-06-19 12:00:00,6.098740757734617,6.2817029804666555
TX_4,2012-06-19 12:30:00,5.798647031003785,5.972606441933899
TX_4,2012-06-19 13:00:00,5.244175238371951,5.401500495523109
TX_4,2012-06-19 13:30:00,3.8845560391239307,4.001092720297649
TX_4,2012-06-19 14:00:00,4.717388874190921,4.858910540416649
TX_4,2012-06-19 14:30:00,4.295866599735148,4.424742597727202
TX_4,2012-06-19 15:00:00,4.8434843593877,4.988788890169332
TX_4,2012-06-19 15:30:00,5.6645704008551565,5.834507512880811
TX_4,2012-06-19 16:00:00,4.026127408705354,4.146911230966515
TX_4,2012-06-19 16:30:00,5.216788959943881,5.373292628742198
TX_4,2012-06-19 17:00:00,4.821396131931295,4.966038015889234
TX_4,2012-06-19 17:30:00,4.448466502090199,4.581920497152905
TX_4,2012-06-19 18:00:00,6.821562612661682,7.026209491041533
TX_4,2012-06-19 18:30:00,8.580030320984386,8.837431230613918
TX_4,2012-06-19 19:00:00,6.648053346310327,6.847494946699637
TX_4,2012-06-19 19:30:00,6.349619100193558,6.540107673199365
TX_4,2012-06-19 20:00:00,5.731275609555428,5.903213877842091
TX_4,2012-06-19 20:30:00,5.658710256503072,5.828471564198164
TX_4,2012-06-19 21:00:00,6.346892172968069,6.537298938157111
TX_4,2012-06-19 21:30:00,5.726297641638835,5.898086570888
TX_4,2012-06-19 22:00:00,5.588325028311536,5.755974779160883
TX_4,2012-06-19 22:30:00,5.345748380609782,5.506120832028076
TX_4,2012-06-19 23:00:00,4.798928952254565,4.942896820822202
TX_4,2012-06-19 23:30:00,3.6753581596043694,3.7856189043925004
TX_4,2012-06-20 00:00:00,3.1700650848037015,3.2651670373478128
TX_4,2012-06-20 00:30:00,3.142482864350628,3.236757350281147
TX_4,2012-06-20 01:00:00,2.6036671089183194,2.6817771221858693
TX_4,2012-06-20 01:30:00,2.1973239832163993,2.2632437027128915
TX_4,2012-06-20 02:00:00,2.8727155865814287,2.9588970541788715
TX_4,2012-06-20 02:30:00,2.2785820303645825,2.34693949127552
TX_4,2012-06-20 03:00:00,2.0836509757604116,2.146160505033224
TX_4,2012-06-20 03:30:00,2.4245292767616378,2.497265155064487
TX_4,2012-06-20 04:00:00,2.3903162796141433,2.4620257680025674
TX_4,2012-06-20 04:30:00,3.374381709989463,3.475613161289147
TX_4,2012-06-20 05:00:00,2.9428628656903206,3.0311487516610303
TX_4,2012-06-20 05:30:00,3.506566308661457,3.611763297921301
TX_4,2012-06-20 06:00:00,2.780436911832253,2.863850019187221
TX_4,2012-06-20 06:30:00,2.786707012417099,2.870308222789612
TX_4,2012-06-20 07:00:00,4.088920218001275,4.211587824541313
TX_4,2012-06-20 07:30:00,5.365786205432452,5.526759791595426
TX_4,2012-06-20 08:00:00,4.426853674990861,4.559659285240587
TX_4,2012-06-20 08:30:00,5.596161325729516,5.7640461655014015
TX_4,2012-06-20 09:00:00,5.670971644246829,5.841100793574234
TX_4,2012-06-20 09:30:00,5.429389545511647,5.592271231876997
TX_4,2012-06-20 10:00:00,5.151621313054928,5.306169952446576
TX_4,2012-06-20 10:30:00,5.260636141879918,5.418455226136316
TX_5,2012-05-21 10:30:00,1.9196386660402591,1.9772278260214668
TX_5,2012-05-21 11:00:00,1.7659599769122154,1.8189387762195819
TX_5,2012-05-21 11:30:00,1.566142927077821,1.6131272148901559
TX_5,2012-05-21 12:00:00,2.8893609521600836,2.976041780724886
TX_5,2012-05-21 12:30:00,3.052783221798447,3.1443667184524005
TX_5,2012-05-21 13:00:00,1.3455018398035468,1.3858668949976531
TX_5,2012-05-21 13:30:00,1.6533250542165243,1.7029248058430202
TX_5,2012-05-21 14:00:00,1.499196698458894,1.544172599412661
TX_5,2012-05-21 14:30:00,1.230191503810261,1.2670972489245689
TX_5,2012-05-21 15:00:00,1.233749310787057,1.2707617901106687
TX_5,2012-05-21 15:30:00,1.3058219871321417,1.344996646746106
TX_5,2012-05-21 16:00:00,1.4197721206018972,1.4623652842199542
TX_5,2012-05-21 16:30:00,1.684713983279511,1.7352554027778964
TX_5,2012-05-21 17:00:00,1.4077757915821136,1.4500090653295772
TX_5,2012-05-21 17:30:00,1.7056823844805233,1.756852856014939
TX_5,2012-05-21 18:00:00,3.1570317026824,3.2517426537628724
TX_5,2012-05-21 18:30:00,2.97736469176756,3.0666856325205867
TX_5,2012-05-21 19:00:00,2.413427558198807,2.4858303849447716
TX_5,2012-05-21 19:30:00,1.7742040879136414,1.8274302105510507
TX_5,2012-05-21 20:00:00,1.8495150716618276,1.9050005238116825
TX_5,2012-05-21 20:30:00,2.494343400118054,2.5691737021215957
TX_5,2012-05-21 21:00:00,3.53054290810746,3.636459195350684
TX_5,2012-05-21 21:30:00,3.3095152019687757,3.408800658027839
TX_5,2012-05-21 22:00:00,2.7412957893129066,2.823534662992294
TX_5,2012-05-21 22:30:00,1.953461900678152,2.0120657576984966
TX_5,2012-05-21 23:00:00,2.5183013354092236,2.5938503754715003
TX_5,2012-05-21 23:30:00,1.3849905036846712,1.4265402187952114
TX_5,2012-05-22 00:00:00,1.5650962290304358,1.6120491159013488
TX_5,2012-05-22 00:30:00,1.24417887170269,1.2815042378537709
TX_5,2012-05-22 01:00:00,1.3466839510767552,1.3870844696090578
TX_5,2012-05-22 01:30:00,1.282327006450801,1.3207968166443251
TX_5,2012-05-22 02:00:00,1.2381972427759926,1.2753431600592724
TX_5,2012-05-22 02:30:00,1.3601335953949163,1.4009376032567638
TX_5,2012-05-22 03:00:00,1.1611574283819663,1.1959921512334253
TX_5,2012-05-22 03:30:00,1.2497320947704735,1.2872240576135878
TX_5,2012-05-22 04:00:00,0.9620625973878124,0.9909244753094468
TX_5,2012-05-22 04:30:00,0.9214432379845684,0.9490865351241055
TX_5,2012-05-22 05:00:00,1.1025082201999472,1.1355834668059457
TX_5,2012-05-22 05:30:00,1.0184798723156017,1.0490342684850698
TX_5,2012-05-22 06:00:00,0.9882329403648884,1.017879928575835
TX_5,2012-05-22 06:30:00,1.0138851477759165,1.044301702209194
TX_5,2012-05-22 07:00:00,1.4488212326146057,1.4922858695930439
TX_5,2012-05-22 07:30:00,1.8970677838378258,1.9539798173529606
TX_5,2012-05-22 08:00:00,1.9767677066447071,2.0360707378440486
TX_5,2012-05-22 08:30:00,1.8858983266430922,1.942475276442385
TX_5,2012-05-22 09:00:00,1.601285555013253,1.6493241216636507
TX_5,2012-05-22 09:30:00,1.3415352300962124,1.3817812869990989
TX_5,2012-05-22 10:00:00,2.354935562788946,2.4255836296726145
TX_5,2012-05-22 10:30:00,1.2344511925594452,1.2714847283362287
TX_5,2012-05-22 11:00:00,1.5447009166195682,1.5910419441181554
TX_5,2012-05-22 11:30:00,1.3842831611713793,1.4258116560065206
TX_5,2012-05-22 12:00:00,1.3020185362547623,1.3410790923424052
TX_5,2012-05-22 12:30:00,1.5297194360666861,1.5756110191486867
TX_5,2012-05-22 13:00:00,2.195320350282396,2.261179960790868
TX_5,2012-05-22 13:30:00,2.4915415317949683,2.5662877777488173
TX_5,2012-05-22 14:00:00,1.5271551959616922,1.572969851840543
TX_5,2012-05-22 14:30:00,1.0846032066793692,1.1171413028797503
TX_5,2012-05-22 15:00:00,1.1134759854896825,1.146880265054373
TX_5,2012-05-22 15:30:00,0.9445475820828669,0.9728840095453529
TX_5,2012-05-22 16:00:00,1.6030334821433365,1.6511244866076367
TX_5,2012-05-22 16:30:00,1.2759360843637433,1.3142141668946556
TX_5,2012-05-22 17:00:00,3.542698571470411,3.6489795286145235
TX_5,2012-05-22 17:30:00,1.7715652577503842,1.8247122154828959
TX_5,2012-05-22 18:00:00,3.1939629293060228,3.2897818171852036
TX_5,2012-05-22 18:30:00,2.13025519956678,2.1941628555537833
TX_5,2012-05-22 19:00:00,1.6202772391013722,1.6688855562744134
TX_5,2012-05-22 19:30:00,1.5782643042451583,1.6256122333725131
TX_5,2012-05-22 20:00:00,1.5311293639386432,1.5770632448568025
TX_5,2012-05-22 20:30:00,1.674869423704614,1.7251155064157524
TX_5,2012-05-22 21:00:00,1.6420321673724854,1.69129313239366
TX_5,2012-05-22 21:30:00,1.5654319736226459,1.6123949328313252
TX_5,2012-05-22 22:00:00,1.7593293170607742,1.8121091965725975
TX_5,2012-05-22 22:30:00,1.4376082728346875,1.480736521019728
TX_5,2012-05-22 23:00:00,1.4049950323060683,1.4471448832752503
TX_5,2012-05-22 23:30:00,1.2859722737673134,1.3245514419803328
TX_5,2012-05-23 00:00:00,1.3546327177263047,1.3952716992580938
TX_5,2012-05-23 00:30:00,1.0847891392547246,1.1173328134323663
TX_5,2012-05-23 01:00:00,0.9872056110825993,1.0168217794150773
TX_5,2012-05-23 01:30:00,1.1015103889269617,1.1345557005947706
TX_5,2012-05-23 02:00:00,1.051039757825628,1.0825709505603969
TX_5,2012-05-23 02:30:00,1.088683118709037,1.121343612270308
TX_5,2012-05-23 03:00:00,1.0735557264563331,1.105762398250023
TX_5,2012-05-23 03:30:00,1.0977619182624963,1.1306947758103711
TX_5,2012-05-23 04:00:00,1.0023606545375099,1.0324314741736351
TX_5,2012-05-23 04:30:00,1.0473314984933917,1.0787514434481935
TX_5,2012-05-23 05:00:00,1.3685889378685163,1.4096466060045718
TX_5,2012-05-23 05:30:00,1.8148530268218075,1.8692986176264617
TX_5,2012-05-23 06:00:00,1.825834670453373,1.8806097105669743
TX_5,2012-05-23 06:30:00,1.847790023895131,1.903223724611985
TX_5,2012-05-23 07:00:00,1.5639369011024873,1.610855008135562
TX_5,2012-05-23 07:30:00,2.2114722845373413,2.2778164530734615
TX_5,2012-05-23 08:00:00,2.2962974598886863,2.365186383685347
TX_5,2012-05-23 08:30:00,1.2086683723926472,1.2449284235644267
TX_5,2012-05-23 09:00:00,1.3040180480357149,1.3431385894767864
TX_5,2012-05-23 09:30:00,3.047787179698128,3.139220795089072
TX_5,2012-05-23 10:00:00,6.557222368706179,6.753939039767364
TX_5,2012-05-23 10:30:00,7.573673665264332,7.8008838752222625
TX_5,2012-05-23 11:00:00,6.770067376419613,6.973169397712201
TX_5,2012-05-23 11:30:00,6.4072744969898965,6.599492731899594
TX_5,2012-05-23 12:00:00,4.694214979551174,4.83504142893771
TX_5,2012-05-23 12:30:00,5.22457910832672,5.381316481576522
TX_5,2012-05-23 13:00:00,3.741394143231896,3.8536359675288527
TX_5,2012-05-23 13:30:00,5.822106728092487,5.996769929935263
TX_5,2012-05-23 14:00:00,4.896992302825722,5.043902071910494
TX_5,2012-05-23 14:30:00,4.525808465025948,4.661582718976726
TX_5,2012-05-23 15:00:00,5.420608034519388,5.58322627555497
TX_5,2012-05-23 15:30:00,4.611081168689891,4.749413603750588
TX_5,2012-05-23 16:00:00,5.328386480787959,5.488238075211598
TX_5,2012-05-23 16:30:00,7.818853522119353,8.053419127782934
TX_5,2012-05-23 17:00:00,7.031412866932599,7.242355252940577
TX_5,2012-05-23 17:30:00,5.263427012523869,5.421329822899585
TX_5,2012-05-23 18:00:00,5.988092323142692,6.167735092836973
TX_5,2012-05-23 18:30:00,7.012628892684379,7.2230077594649105
TX_5,2012-05-23 19:00:00,8.336151013413613,8.586235543816022
TX_5,2012-05-23 19:30:00,8.980671252261015,9.250091389828846
TX_5,2012-05-23 20:00:00,5.238907127360535,5.396074341181351
TX_5,2012-05-23 20:30:00,5.96591845897735,6.1448960127466705
TX_5,2012-05-23 21:00:00,6.562449729029168,6.7593232209000425
TX_5,2012-05-23 21:30:00,6.8015246980047825,7.005570438944926
TX_5,2012-05-23 22:00:00,5.442396662222347,5.605668562089018
TX_5,2012-05-23 22:30:00,4.616766048551397,4.7552690300079385
TX_5,2012-05-23 23:00:00,4.5909379446051,4.728666082943254
TX_5,2012-05-23 23:30:00,3.8335609802589836,3.9485678096667534
TX_5,2012-05-24 00:00:00,3.655343803673929,3.765004117784147
TX_5,2012-05-24 00:30:00,4.18145917292518,4.306902948112936
TX_5,2012-05-24 01:00:00,3.190664890087663,3.286384836790293
TX_5,2012-05-24 01:30:00,3.147606753440319,3.2420349560435286
TX_5,2012-05-24 02:00:00,2.7513106118875132,2.833849930244139
TX_5,2012-05-24 02:30:00,2.7272356085454033,2.8090526768017656
TX_5,2012-05-24 03:00:00,2.674793004523712,2.755036794659423
TX_5,2012-05-24 03:30:00,2.5563923798336656,2.6330841512286756
TX_5,2012-05-24 04:00:00,3.162902982519155,3.2577900719947297
TX_5,2012-05-24 04:30:00,3.2779637780463227,3.3763026913877123
TX_5,2012-05-24 05:00:00,2.8230570120808016,2.907748722443226
TX_5,2012-05-24 05:30:00,3.270800858383721,3.368924884135233
TX_5,2012-05-24 06:00:00,2.9052459307777236,2.9924033087010553
TX_5,2012-05-24 06:30:00,4.839224059534345,4.9844007813203755
TX_5,2012-05-24 07:00:00,4.690278899494539,4.830987266479375
TX_5,2012-05-24 07:30:00,6.3504393107836155,6.540952490107124
TX_5,2012-05-24 08:00:00,4.624984381420961,4.76373391286359
TX_5,2012-05-24 08:30:00,5.3071250589466565,5.466338810715056
TX_5,2012-05-24 09:00:00,4.004978196519608,4.125127542415196
TX_5,2012-05-24 09:30:00,4.407541333075098,4.539767573067351
TX_5,2012-05-24 10:00:00,5.413266179920537,5.575664165318154
TX_5,2012-05-24 10:30:00,5.530706819535567,5.696628024121634
TX_5,2012-05-24 11:00:00,4.700847263986886,4.841872681906493
TX_5,2012-05-24 11:30:00,4.556771728116796,4.693474879960299
TX_5,2012-05-24 12:00:00,3.9862892884571455,4.10587796711086
TX_5,2012-05-24 12:30:00,5.265321124058051,5.423280757779793
TX_5,2012-05-24 13:00:00,3.891688141504034,4.0084387857491555
TX_5,2012-05-24 13:30:00,3.5741216424424374,3.6813452917157106
TX_5,2012-05-24 14:00:00,3.9818499966623055,4.1013054965621745
TX_5,2012-05-24 14:30:00,2.894140315132526,2.980964524586502
TX_5,2012-05-24 15:00:00,4.2389818788976985,4.36615133526463
TX_5,2012-05-24 15:30:00,4.943173861931188,5.091469077789124
TX_5,2012-05-24 16:00:00,4.778176139588641,4.9215214237763005
TX_5,2012-05-24 16:30:00,5.160973677174967,5.315802887490216
TX_5,2012-05-24 17:00:00,6.506904059676211,6.702111181466497
TX_5,2012-05-24 17:30:00,6.320588705115744,6.510206366269217
TX_5,2012-05-24 18:00:00,6.081869337529163,6.264325417655038
TX_5,2012-05-24 18:30:00,6.585805594740229,6.783379762582436
TX_5,2012-05-24 19:00:00,9.731008107187165,10.02293835040278
TX_5,2012-05-24 19:30:00,5.503127269135847,5.668221087209923
TX_5,2012-05-24 20:00:00,5.732900635331074,5.904887654391006
TX_5,2012-05-24 20:30:00,6.558515220129741,6.755270676733633
TX_5,2012-05-24 21:00:00,5.867048662220739,6.043060122087361
TX_5,2012-05-24 21:30:00,6.578231261512699,6.775578199358081
TX_5,2012-05-24 22:00:00,5.255119156184089,5.412772730869612
TX_5,2012-05-24 22:30:00,5.537680866688218,5.703811292688865
TX_5,2012-05-24 23:00:00,4.504039491235265,4.639160675972323
TX_5,2012-05-24 23:30:00,5.520354455724121,5.685965089395845
TX_5,2012-05-25 00:00:00,3.770774132208818,3.8838973561750825
TX_5,2012-05-25 00:30:00,4.858239301185296,5.0039864802208545
TX_5,2012-05-25 01:00:00,3.954069094032074,4.072691166853036
TX_5,2012-05-25 01:30:00,4.324569128414811,4.454306202267255
TX_5,2012-05-25 02:00:00,4.559343493381438,4.696123798182882
TX_5,2012-05-25 02:30:00,4.217913673642571,4.344451083851848
TX_5,2012-05-25 03:00:00,3.010699823434814,3.1010208181378585
TX_5,2012-05-25 03:30:00,2.7615649065636085,2.844411853760517
TX_5,2012-05-25 04:00:00,2.4300435843513206,2.50294489188186
TX_5,2012-05-25 04:30:00,3.0712327481765618,3.163369730621859
TX_5,2012-05-25 05:00:00,3.043516966533662,3.134822475529672
TX_5,2012-05-25 05:30:00,3.8314800117329715,3.9464244120849608
TX_5,2012-05-25 06:00:00,3.531191704582469,3.637127455719943
TX_5,2012-05-25 06:30:00,4.416312373061688,4.548801744253539
TX_5,2012-05-25 07:00:00,4.854456283365064,5.000089971866016
TX_5,2012-05-25 07:30:00,6.756538198362016,6.959234344312876
TX_5,2012-05-25 08:00:00,5.220169790453948,5.376774884167567
TX_5,2012-05-25 08:30:00,4.502129702454657,4.637193593528297
TX_5,2012-05-25 09:00:00,4.966223231451531,5.115209928395077
TX_5,2012-05-25 09:30:00,3.23348225548479,3.330486723149334
TX_5,2012-05-25 10:00:00,4.370994675189885,4.502124515445582
TX_5,2012-05-25 10:30:00,6.843311607772464,7.048610956005638
TX_5,2012-05-25 11:00:00,5.893770115967898,6.070583219446935
TX_5,2012-05-25 11:30:00,5.1647110031255785,5.319652333219346
TX_5,2012-05-25 12:00:00,5.326031146414166,5.485812080806591
TX_5,2012-05-25 12:30:00,5.1008399189225715,5.253865116490249
TX_5,2012-05-25 13:00:00,3.762512450712085,3.8753878242334476
TX_5,2012-05-25 13:30:00,4.760930298186921,4.903758207132529
TX_5,2012-05-25 14:00:00,4.094827658164573,4.21767248790951
TX_5,2012-05-25 14:30:00,3.598939976578208,3.7069081758755544
TX_5,2012-05-25 15:00:00,3.017742980568482,3.1082752699855365
TX_5,2012-05-25 15:30:00,3.046192979862548,3.1375787692584245
TX_5,2012-05-25 16:00:00,4.783832935216326,4.927347923272816
TX_5,2012-05-25 16:30:00,5.496333423129457,5.661223425823341
TX_5,2012-05-25 17:00:00,6.349854806121159,6.540350450304794
TX_5,2012-05-25 17:30:00,7.60538884776396,7.833550513196879
TX_5,2012-05-25 18:00:00,6.94196594132324,7.1502249195629375
TX_5,2012-05-25 18:30:00,8.370376965545047,8.621488274511398
TX_5,2012-05-25 19:00:00,8.167768065744221,8.412801107716549
TX_5,2012-05-25 19:30:00,5.452466865763502,5.616040871736407
TX_5,2012-05-25 20:00:00,4.742236867776306,4.884503973809595
TX_5,2012-05-25 20:30:00,4.469248103531178,4.603325546637113
TX_5,2012-05-25 21:00:00,5.871840145198565,6.047995349554522
TX_5,2012-05-25 21:30:00,6.304421409324389,6.493554051604121
TX_5,2012-05-25 22:00:00,6.482850187614295,6.677335693242724
TX_5,2012-05-25 22:30:00,6.718101225240065,6.9196442619972665
TX_5,2012-05-25 23:00:00,5.590218809761983,5.757925374054842
TX_5,2012-05-25 23:30:00,3.891568966019821,4.008316035000416
TX_5,2012-05-26 00:00:00,3.846268883750338,3.9616569502628485
TX_5,2012-05-26 00:30:00,2.6571302040415246,2.7368441101627705
TX_5,2012-05-26 01:00:00,2.6948878339827145,2.775734469002196
TX_5,2012-05-26 01:30:00,2.5968030645349005,2.6747071564709475
TX_5,2012-05-26 02:00:00,2.27154209050057,2.339688353215587
TX_5,2012-05-26 02:30:00,3.3312636917007064,3.431201602451728
TX_5,2012-05-26 03:00:00,3.234548184921363,3.331584630469004
TX_5,2012-05-26 03:30:00,2.7729439549650587,2.8561322736140107
TX_5,2012-05-26 04:00:00,2.537227747118304,2.613344579531853
TX_5,2012-05-26 04:30:00,2.6152068178363903,2.693663022371482
TX_5,2012-05-26 05:00:00,2.6773620474585544,2.757682908882311
TX_5,2012-05-26 05:30:00,2.733487126095974,2.815491739878853
TX_5,2012-05-26 06:00:00,2.951831902930173,3.0403868600180783
TX_5,2012-05-26 06:30:00,4.590511886074078,4.728227242656301
TX_5,2012-05-26 07:00:00,7.410225722113985,7.632532493777405
TX_5,2012-05-26 07:30:00,4.480103023136683,4.614506113830784
TX_5,2012-05-26 08:00:00,6.403594599942569,6.595702437940846
TX_5,2012-05-26 08:30:00,6.13417838510414,6.3182037366572645
TX_5,2012-05-26 09:00:00,6.941165908400725,7.149400885652747
TX_5,2012-05-26 09:30:00,4.573690357414526,4.710901068136962
TX_5,2012-05-26 10:00:00,5.762212002286918,5.935078362355526
TX_5,2012-05-26 10:30:00,4.632213853047052,4.771180268638464
TX_5,2012-05-26 11:00:00,4.394282600156831,4.526111078161536
TX_5,2012-05-26 11:30:00,3.5004898891689646,3.6055045858440335
TX_5,2012-05-26 12:00:00,4.41540089192589,4.547862918683666
TX_5,2012-05-26 12:30:00,4.387680031704838,4.519310432655984
TX_5,2012-05-26 13:00:00,3.393587901212548,3.4953955382489243
TX_5,2012-05-26 13:30:00,5.059999316444666,5.211799295938007
TX_5,2012-05-26 14:00:00,4.759465557872509,4.902249524608684
TX_5,2012-05-26 14:30:00,4.540338750059955,4.676548912561754
TX_5,2012-05-26 15:00:00,3.5129506808618287,3.6183392012876836
TX_5,2012-05-26 15:30:00,4.636961179326866,4.776070014706672
TX_5,2012-05-26 16:00:00,4.091741419719807,4.214493662311401
TX_5,2012-05-26 16:30:00,4.1875633493361475,4.313190249816232
TX_5,2012-05-26 17:00:00,8.523841851198458,8.779557106734412
TX_5,2012-05-26 17:30:00,6.770109560787492,6.973212847611117
TX_5,2012-05-26 18:00:00,4.875343870610964,5.021604186729292
TX_5,2012-05-26 18:30:00,4.115614014913841,4.239082435361256
TX_5,2012-05-26 19:00:00,5.3851591194279935,5.546713893010834
TX_5,2012-05-26 19:30:00,4.343980735841301,4.47430015791654
TX_5,2012-05-26 20:00:00,4.1436312369595925,4.26794017406838
TX_5,2012-05-26 20:30:00,4.987244361572223,5.13686169241939
TX_5,2012-05-26 21:00:00,4.435634271770621,4.56870329992374
TX_5,2012-05-26 21:30:00,4.366990154178756,4.4979998588041195
TX_5,2012-05-26 22:00:00,4.2755676856807066,4.4038347162511275
TX_5,2012-05-26 22:30:00,4.069810834685066,4.191905159725619
TX_5,2012-05-26 23:00:00,4.399792315427002,4.531786084889813
TX_5,2012-05-26 23:30:00,4.445548051370568,4.578914492911685
TX_5,2012-05-27 00:00:00,4.306126584163067,4.435310381687959
TX_5,2012-05-27 00:30:00,5.058902899574633,5.210669986561872
TX_5,2012-05-27 01:00:00,4.310006897875695,4.439307104811966
TX_5,2012-05-27 01:30:00,3.1839269493485167,3.2794447578289723
TX_5,2012-05-27 02:00:00,2.444626654214762,2.517965453841205
TX_5,2012-05-27 02:30:00,2.409390039128648,2.4816717403025077
TX_5,2012-05-27 03:00:00,2.547940598711007,2.6243788166723374
TX_5,2012-05-27 03:30:00,2.4858497794174745,2.560425272799999
TX_5,2012-05-27 04:00:00,2.2436102484782117,2.3109185559325582
TX_5,2012-05-27 04:30:00,2.421287143401507,2.4939257577035523
TX_5,2012-05-27 05:00:00,2.271999988079474,2.340159987721858
TX_5,2012-05-27 05:30:00,2.364503578391362,2.4354386857431027
TX_5,2012-05-27 06:00:00,2.7150762083063205,2.7965284945555102
TX_5,2012-05-27 06:30:00,3.2736642755040313,3.3718742037691523
TX_5,2012-05-27 07:00:00,4.4269475547390345,4.559755981381206
TX_5,2012-05-27 07:30:00,6.119349624936988,6.302930113685098
TX_5,2012-05-27 08:00:00,5.764072878392904,5.936995064744691
TX_5,2012-05-27 08:30:00,5.783453581379918,5.956957188821316
TX_5,2012-05-27 09:00:00,6.898275244727564,7.105223502069392
TX_5,2012-05-27 09:30:00,3.898569186475397,4.015526262069659
TX_5,2012-05-27 10:00:00,5.457876448515751,5.621612741971224
TX_5,2012-05-27 10:30:00,7.531572624861189,7.757519803607025
TX_5,2012-05-27 11:00:00,5.8813840835427715,6.057825606049055
TX_5,2012-05-27 11:30:00,7.592706227208724,7.820487414024986
TX_5,2012-05-27 12:00:00,6.113751144786215,6.297163679129802
TX_5,2012-05-27 12:30:00,6.379726259620842,6.571118047409468
TX_5,2012-05-27 13:00:00,6.734191488999115,6.936217233669089
TX_5,2012-05-27 13:30:00,7.109801350326972,7.323095390836781
TX_5,2012-05-27 14:00:00,7.165663531088945,7.380633437021613
TX_5,2012-05-27 14:30:00,6.876332136941272,7.082622101049511
TX_5,2012-05-27 15:00:00,6.506465468015906,6.701659432056384
TX_5,2012-05-27 15:30:00,6.215967358161475,6.402446378906319
TX_5,2012-05-27 16:00:00,6.249315492804151,6.436794957588276
TX_5,2012-05-27 16:30:00,7.513306929426655,7.738706137309455
TX_5,2012-05-27 17:00:00,7.376524210945029,7.59781993727338
TX_5,2012-05-27 17:30:00,7.079742359097609,7.292134629870538
TX_5,2012-05-27 18:00:00,6.848618454724145,7.054077008365869
TX_5,2012-05-27 18:30:00,8.065190650110589,8.307146369613907
TX_5,2012-05-27 19:00:00,5.983854602765904,6.163370240848881
TX_5,2012-05-27 19:30:00,5.240636352549038,5.3978554431255095
TX_5,2012-05-27 20:00:00,4.631307385470473,4.770246607034587
TX_5,2012-05-27 20:30:00,4.94464349102034,5.092982795750951
TX_5,2012-05-27 21:00:00,6.0373657312137485,6.218486703150161
TX_5,2012-05-27 21:30:00,7.450664431279327,7.674184364217707
TX_5,2012-05-27 22:00:00,6.506901374419679,6.70210841565227
TX_5,2012-05-27 22:30:00,5.61157127160352,5.779918409751626
TX_5,2012-05-27 23:00:00,7.0977780068299285,7.310711347034826
TX_5,2012-05-27 23:30:00,7.40181602452839,7.623870505264242
TX_5,2012-05-28 00:00:00,4.436611613263178,4.569709961661074
TX_5,2012-05-28 00:30:00,3.3681948963366914,3.469240743226792
TX_5,2012-05-28 01:00:00,3.085422342703861,3.177985012984977
TX_5,2012-05-28 01:30:00,2.9292922462740374,3.0171710136622587
TX_5,2012-05-28 02:00:00,3.0285837795868438,3.1194412929744493
TX_5,2012-05-28 02:30:00,3.0561815186909134,3.147866964251641
TX_5,2012-05-28 03:00:00,2.916851068381782,3.0043566004332356
TX_5,2012-05-28 03:30:00,2.684547610689145,2.7650840390098193
TX_5,2012-05-28 04:00:00,2.7225818494539467,2.804259304937565
TX_5,2012-05-28 04:30:00,3.2467425418146347,3.344144818069074
TX_5,2012-05-28 05:00:00,2.7230698563615388,2.804761952052385
TX_5,2012-05-28 05:30:00,3.372014798136504,3.4731752420805995
TX_5,2012-05-28 06:00:00,3.246699025224121,3.344099995980845
TX_5,2012-05-28 06:30:00,4.12367653279752,4.247386828781445
TX_5,2012-05-28 07:00:00,6.071485205722256,6.253629761893924
TX_5,2012-05-28 07:30:00,5.540750793645687,5.706973317455057
TX_5,2012-05-28 08:00:00,5.666757563986277,5.836760290905866
TX_5,2012-05-28 08:30:00,5.487099787150066,5.6517127807645675
TX_5,2012-05-28 09:00:00,5.111232618942607,5.264569597510885
TX_5,2012-05-28 09:30:00,4.686050114041065,4.826631617462297
TX_5,2012-05-28 10:00:00,5.321892174083612,5.48154893930612
TX_5,2012-05-28 10:30:00,5.2861303900317145,5.444714301732666
TX_5,2012-05-28 11:00:00,5.5059516113777125,5.671130159719044
TX_5,2012-05-28 11:30:00,5.344601585554582,5.504939633121219
TX_5,2012-05-28 12:00:00,4.043302419275875,4.164601491854151
TX_5,2012-05-28 12:30:00,4.7660298390766425,4.909010734248942
TX_5,2012-05-28 13:00:00,3.5593018434512023,3.6660808987547386
TX_5,2012-05-28 13:30:00,4.73156879131466,4.8735158550541
TX_5,2012-05-28 14:00:00,5.502711342586733,5.667792682864335
TX_5,2012-05-28 14:30:00,5.713135303644959,5.884529362754308
TX_5,2012-05-28 15:00:00,4.538747737977958,4.674910170117297
TX_5,2012-05-28 15:30:00,4.153714337653098,4.278325767782691
TX_5,2012-05-28 16:00:00,5.794781625558189,5.968625074324935
TX_5,2012-05-28 16:30:00,5.7579679408907865,5.93070697911751
TX_5,2012-05-28 17:00:00,6.032171431471707,6.213136574415858
TX_5,2012-05-28 17:30:00,7.330116144620185,7.550019628958791
TX_5,2012-05-28 18:00:00,5.792926674710669,5.966714474951989
TX_5,2012-05-28 18:30:00,6.067129476345863,6.249143360636239
TX_5,2012-05-28 19:00:00,7.1630355386988676,7.377926604859834
TX_5,2012-05-28 19:30:00,6.636539702275101,6.835635893343355
TX_5,2012-05-28 20:00:00,5.718108028023905,5.889651268864622
TX_5,2012-05-28 20:30:00,5.384102464729382,5.545625538671263
TX_5,2012-05-28 21:00:00,6.575273686195816,6.7725318967816905
TX_5,2012-05-28 21:30:00,6.531614575099317,6.727563012352297
TX_5,2012-05-28 22:00:00,5.5258327832012055,5.691607766697242
TX_5,2012-05-28 22:30:00,6.7361039518555605,6.938187070411227
TX_5,2012-05-28 23:00:00,4.252690911665797,4.380271639015771
TX_5,2012-05-28 23:30:00,4.076889543069558,4.199196229361645
TX_5,2012-05-29 00:00:00,3.1356156494909047,3.229684118975632
TX_5,2012-05-29 00:30:00,3.106425345670451,3.199618106040565
TX_5,2012-05-29 01:00:00,2.9979759780023443,3.0879152573424147
TX_5,2012-05-29 01:30:00,2.874086478897159,2.960309073264074
TX_5,2012-05-29 02:00:00,2.8568877701409674,2.9425944032451965
TX_5,2012-05-29 02:30:00,2.796032059040149,2.8799130208113537
TX_5,2012-05-29 03:00:00,2.7898133628415724,2.8735077637268196
TX_5,2012-05-29 03:30:00,2.8876355876546698,2.9742646552843097
TX_5,2012-05-29 04:00:00,2.7053770456466593,2.786538357016059
TX_5,2012-05-29 04:30:00,3.24321615114999,3.34051263568449
TX_5,2012-05-29 05:00:00,2.610039762067663,2.6883409549296933
TX_5,2012-05-29 05:30:00,3.110315280141835,3.20362473854609
TX_5,2012-05-29 06:00:00,3.7045624990744384,3.815699374046672
TX_5,2012-05-29 06:30:00,4.072911280723995,4.195098619145715
TX_5,2012-05-29 07:00:00,4.230213462905117,4.357119866792271
TX_5,2012-05-29 07:30:00,5.275833752196426,5.4341087647623185
TX_5,2012-05-29 08:00:00,5.138545959445893,5.29270233822927
TX_5,2012-05-29 08:30:00,5.247705929800119,5.405137107694123
TX_5,2012-05-29 09:00:00,4.297286267825355,4.426204855860116
TX_5,2012-05-29 09:30:00,5.093404946959448,5.246207095368232
TX_5,2012-05-29 10:00:00,6.4607893845250075,6.654613066060758
TX_5,2012-05-29 10:30:00,5.630710375885249,5.799631687161806
TX_5,2012-05-29 11:00:00,5.0495421335881625,5.201028397595808
TX_5,2012-05-29 11:30:00,4.797535956758407,4.941462035461159
TX_5,2012-05-29 12:00:00,5.821519343915236,5.996164924232693
TX_5,2012-05-29 12:30:00,5.8197963318832775,5.994390221839776
TX_5,2012-05-29 13:00:00,3.794576719423966,3.908414021006685
TX_5,2012-05-29 13:30:00,3.997968503454301,4.11790755855793
TX_5,2012-05-29 14:00:00,4.18854567426314,4.314202044491034
TX_5,2012-05-29 14:30:00,3.6591467064026597,3.7689211075947395
TX_5,2012-05-29 15:00:00,4.3663193811461,4.497308962580483
TX_5,2012-05-29 15:30:00,5.711841968233688,5.883197227280698
TX_5,2012-05-29 16:00:00,4.175700024287946,4.300971025016584
TX_5,2012-05-29 16:30:00,4.3315028607978805,4.461447946621817
TX_5,2012-05-29 17:00:00,5.004420513538037,5.154553128944178
TX_5,2012-05-29 17:30:00,5.928568541326163,6.106425597565948
TX_5,2012-05-29 18:00:00,6.166651908700514,6.351651465961529
TX_5,2012-05-29 18:30:00,5.44788637886659,5.611322970232588
TX_5,2012-05-29 19:00:00,4.41531826570403,4.547777813675151
TX_5,2012-05-29 19:30:00,5.828684529922561,6.003545065820238
TX_5,2012-05-29 20:00:00,5.328543254407897,5.488399552040134
TX_5,2012-05-29 20:30:00,4.862069706276218,5.007931797464504
TX_5,2012-05-29 21:00:00,6.201996278700522,6.388056167061538
TX_5,2012-05-29 21:30:00,6.6613999835845075,6.861241983092043
TX_5,2012-05-29 22:00:00,7.040496323669477,7.251711213379561
TX_5,2012-05-29 22:30:00,5.876275534310058,6.05256380033936
TX_5,2012-05-29 23:00:00,4.267131129743369,4.39514506363567
TX_5,2012-05-29 23:30:00,3.3794630300242203,3.480846920924947
TX_5,2012-05-30 00:00:00,3.3605371506032062,3.4613532651213026
TX_5,2012-05-30 00:30:00,3.29051780324227,3.389233337339538
TX_5,2012-05-30 01:00:00,2.985514469476371,3.075079903560662
TX_5,2012-05-30 01:30:00,2.824604227976246,2.9093423548155335
TX_5,2012-05-30 02:00:00,2.7327219074789397,2.814703564703308
TX_5,2012-05-30 02:30:00,2.8059473586845542,2.890125779445091
TX_5,2012-05-30 03:00:00,2.502033510560672,2.577094515877492
TX_5,2012-05-30 03:30:00,2.4910123659915815,2.565742736971329
TX_5,2012-05-30 04:00:00,2.965545997732378,3.0545123776643495
TX_5,2012-05-30 04:30:00,4.038123547455361,4.159267253879022
TX_5,2012-05-30 05:00:00,3.2460865530103695,3.3434691496006805
TX_5,2012-05-30 05:30:00,4.206225801591967,4.332412575639726
TX_5,2012-05-30 06:00:00,3.954506128670851,4.073141312530977
TX_5,2012-05-30 06:30:00,3.9821640507829006,4.101628972306388
TX_5,2012-05-30 07:00:00,4.693367416689184,4.83416843918986
TX_5,2012-05-30 07:30:00,4.274784157786253,4.4030276825198404
TX_5,2012-05-30 08:00:00,4.517772772765274,4.653305955948232
TX_5,2012-05-30 08:30:00,4.71820786688975,4.859754102896442
TX_5,2012-05-30 09:00:00,4.697599480046859,4.838527464448265
TX_5,2012-05-30 09:30:00,5.265665254168356,5.423635211793407
TX_5,2012-05-30 10:00:00,4.3429726228244325,4.473261801509166
TX_5,2012-05-30 10:30:00,4.370381878919902,4.501493335287499
TX_5,2012-05-30 11:00:00,4.242784998150853,4.370068548095379
TX_5,2012-05-30 11:30:00,5.32032332425624,5.479933023983927
TX_5,2012-05-30 12:00:00,7.395660601370037,7.617530419411138
TX_5,2012-05-30 12:30:00,5.514477831478156,5.6799121664225005
TX_5,2012-05-30 13:00:00,5.755203926595541,5.927860044393407
TX_5,2012-05-30 13:30:00,3.584577945965352,3.692115284344313
TX_5,2012-05-30 14:00:00,3.889368794669459,4.0060498585095425
TX_5,2012-05-30 14:30:00,3.877326102324322,3.9936458853940517
TX_5,2012-05-30 15:00:00,5.596110302373415,5.763993611444617
TX_5,2012-05-30 15:30:00,5.643122025519416,5.812415686284998
TX_5,2012-05-30 16:00:00,8.330689014416555,8.580609684849051
TX_5,2012-05-30 16:30:00,8.729053062538542,8.990924654414698
TX_5,2012-05-30 17:00:00,13.653650196941163,14.063259702849399
TX_5,2012-05-30 17:30:00,9.216526049679203,9.49302183116958
TX_5,2012-05-30 18:00:00,7.248381689914264,7.465833140611692
TX_5,2012-05-30 18:30:00,6.669053927918739,6.869125545756302
TX_5,2012-05-30 19:00:00,5.802417793414729,5.976490327217171
TX_5,2012-05-30 19:30:00,5.381533652669688,5.542979662249779
TX_5,2012-05-30 20:00:00,8.129993202102835,8.37389299816592
TX_5,2012-05-30 20:30:00,7.853081892835087,8.08867434962014
TX_5,2012-05-30 21:00:00,6.796952191412563,7.00086075715494
TX_5,2012-05-30 21:30:00,6.7728330201455895,6.976018010749957
TX_5,2012-05-30 22:00:00,5.286986795535011,5.445596399401062
TX_5,2012-05-30 22:30:00,7.231282358024775,7.4482208287655185
TX_5,2012-05-30 23:00:00,7.090321862989201,7.3030315188788775
TX_5,2012-05-30 23:30:00,4.23568585242756,4.362756428000386
TX_5,2012-05-31 00:00:00,3.297351277040233,3.39627181535144
TX_5,2012-05-31 00:30:00,2.7361113829466155,2.818194724435014
TX_5,2012-05-31 01:00:00,3.9732157585991197,4.092412231357093
TX_5,2012-05-31 01:30:00,2.91058073156741,2.9978981535144325
TX_5,2012-05-31 02:00:00,2.7628166502465556,2.8457011497539524
TX_5,2012-05-31 02:30:00,2.680546306388054,2.7609626955796958
TX_5,2012-05-31 03:00:00,2.758761898434931,2.841524755387979
TX_5,2012-05-31 03:30:00,2.5755821182775014,2.6528495818258264
TX_5,2012-05-31 04:00:00,2.5291637616837144,2.6050386745342258
TX_5,2012-05-31 04:30:00,3.3593105425311793,3.4600898588071147
TX_5,2012-05-31 05:00:00,2.9015740046166165,2.988621224755115
TX_5,2012-05-31 05:30:00,3.445403339867839,3.548765440063874
TX_5,2012-05-31 06:00:00,4.110208167851155,4.23351441288669
TX_5,2012-05-31 06:30:00,4.963288483208574,5.112187137704831
TX_5,2012-05-31 07:00:00,4.784983330426859,4.928532830339664
TX_5,2012-05-31 07:30:00,5.874722644368039,6.05096432369908
TX_5,2012-05-31 08:00:00,4.362719949226933,4.493601547703741
TX_5,2012-05-31 08:30:00,4.765159316950543,4.908114096459059
TX_5,2012-05-31 09:00:00,7.190892055220556,7.406618816877173
TX_5,2012-05-31 09:30:00,5.68058614062583,5.851003724844605
TX_5,2012-05-31 10:00:00,5.47628363486713,5.640572143913144
TX_5,2012-05-31 10:30:00,5.35542320995425,5.5160859062528775
TX_5,2012-05-31 11:00:00,4.757570948536187,4.900298076992272
TX_5,2012-05-31 11:30:00,4.697181895562768,4.838097352429652
TX_5,2012-05-31 12:00:00,5.159038931190846,5.313810099126571
TX_5,2012-05-31 12:30:00,3.106408630269941,3.1996008891780394
TX_5,2012-05-31 13:00:00,3.132652534601641,3.2266321106396902
TX_5,2012-05-31 13:30:00,2.9160130145432244,3.003493404979521
TX_5,2012-05-31 14:00:00,3.8384148865869725,3.9535673331845818
TX_5,2012-05-31 14:30:00,3.2517531924845002,3.349305788259035
TX_5,2012-05-31 15:00:00,4.267646057793756,4.395675439527569
TX_5,2012-05-31 15:30:00,7.804529241577704,8.038665118825035
TX_5,2012-05-31 16:00:00,5.856119659289155,6.03180324906783
TX_5,2012-05-31 16:30:00,5.951626425749771,6.130175218522264
TX_5,2012-05-31 17:00:00,6.668994432532132,6.869064265508096
TX_5,2012-05-31 17:30:00,5.648037334655564,5.817478454695231
TX_5,2012-05-31 18:00:00,5.920648120198971,6.09826756380494
TX_5,2012-05-31 18:30:00,5.8238800242640725,5.9985964249919945
TX_5,2012-05-31 19:00:00,7.621181041481076,7.849816472725509
TX_5,2012-05-31 19:30:00,4.623612761175815,4.76232114401109
TX_5,2012-05-31 20:00:00,5.1890823112213456,5.344754780557986
TX_5,2012-05-31 20:30:00,6.063902749611829,6.245819832100184
TX_5,2012-05-31 21:00:00,5.252528248266173,5.410104095714158
TX_5,2012-05-31 21:30:00,7.168660298224536,7.383720107171272
TX_5,2012-05-31 22:00:00,5.882139486839826,6.058603671445021
TX_5,2012-05-31 22:30:00,6.012002139580383,6.192362203767794
TX_5,2012-05-31 23:00:00,4.093433946905821,4.216236965312996
TX_5,2012-05-31 23:30:00,3.9136663718332825,4.031076362988281
TX_5,2012-06-01 00:00:00,3.8299155413168036,3.944813007556308
TX_5,2012-06-01 00:30:00,3.348051875637662,3.4484934319067917
TX_5,2012-06-01 01:00:00,3.281564587706229,3.380011525337416
TX_5,2012-06-01 01:30:00,2.826093285549049,2.910876084115521
TX_5,2012-06-01 02:00:00,2.799166177875556,2.883141163211823
TX_5,2012-06-01 02:30:00,2.9803575761172776,3.069768303400796
TX_5,2012-06-01 03:00:00,2.9261271322788107,3.013910946247175
TX_5,2012-06-01 03:30:00,2.9224210804291357,3.0100937128420098
TX_5,2012-06-01 04:00:00,2.7863847680076854,2.869976311047916
TX_5,2012-06-01 04:30:00,3.5428146845589743,3.6490991250957436
TX_5,2012-06-01 05:00:00,3.220643827264899,3.3172631420828464
TX_5,2012-06-01 05:30:00,3.046123985633091,3.1375077052020837
TX_5,2012-06-01 06:00:00,3.2500182393254153,3.347518786505178
TX_5,2012-06-01 06:30:00,4.224960628613292,4.351709447471691
TX_5,2012-06-01 07:00:00,4.525190487838547,4.660946202473704
TX_5,2012-06-01 07:30:00,8.827781902264705,9.092615359332648
TX_5,2012-06-01 08:00:00,6.416413428364046,6.608905831214967
TX_5,2012-06-01 08:30:00,5.176623007793503,5.331921698027308
TX_5,2012-06-01 09:00:00,8.039571299001553,8.280758437971599
TX_5,2012-06-01 09:30:00,4.323236191709003,4.452933277460273
TX_5,2012-06-01 10:00:00,6.083470498387505,6.26597461333913
TX_5,2012-06-01 10:30:00,4.5546821677083935,4.691322632739645
TX_5,2012-06-01 11:00:00,6.661325088482403,6.861164841136875
TX_5,2012-06-01 11:30:00,5.709637913947681,5.880927051366111
TX_5,2012-06-01 12:00:00,6.352471999971234,6.5430461599703715
TX_5,2012-06-01 12:30:00,5.1349071664024075,5.28895438139448
TX_5,2012-06-01 13:00:00,6.760293883099887,6.963102699592884
TX_5,2012-06-01 13:30:00,6.6577334247196704,6.8574654274612605
TX_5,2012-06-01 14:00:00,7.005678334884149,7.215848684930674
TX_5,2012-06-01 14:30:00,5.813329468651281,5.9877293527108195
TX_5,2012-06-01 15:00:00,4.678508435168647,4.818863688223706
TX_5,2012-06-01 15:30:00,5.775751072904468,5.949023605091602
TX_5,2012-06-01 16:00:00,7.165381058932061,7.3803424907000235
TX_5,2012-06-01 16:30:00,4.995606485408822,5.145474679971087
TX_5,2012-06-01 17:00:00,6.610787760239896,6.809111393047093
TX_5,2012-06-01 17:30:00,6.493948024560047,6.688766465296848
TX_5,2012-06-01 18:00:00,9.83724994673319,10.132367445135186
TX_5,2012-06-01 18:30:00,10.368577544000077,10.67963487032008
TX_5,2012-06-01 19:00:00,5.855919137815002,6.031596711949453
TX_5,2012-06-01 19:30:00,5.200218605013898,5.356225163164315
TX_5,2012-06-01 20:00:00,5.7295580617861175,5.901444803639701
TX_5,2012-06-01 20:30:00,6.4420881107390064,6.635350754061177
TX_5,2012-06-01 21:00:00,6.798373299739047,7.002324498731218
TX_5,2012-06-01 21:30:00,5.960418788167923,6.139231351812961
TX_5,2012-06-01 22:00:00,5.185050088238278,5.340601590885427
TX_5,2012-06-01 22:30:00,5.414946255925356,5.5773946436031165
TX_5,2012-06-01 23:00:00,5.118797164030614,5.2723610789515325
TX_5,2012-06-01 23:30:00,4.330060976576826,4.459962805874131
TX_5,2012-06-02 00:00:00,3.6406718445325223,3.749891999868498
TX_5,2012-06-02 00:30:00,2.878176788683564,2.964522092344071
TX_5,2012-06-02 01:00:00,2.6177129184772627,2.6962443060315806
TX_5,2012-06-02 01:30:00,2.5165276650566843,2.592023495008385
TX_5,2012-06-02 02:00:00,2.734270243564961,2.81629835087191
TX_5,2012-06-02 02:30:00,2.604350497341102,2.6824810122613347
TX_5,2012-06-02 03:00:00,2.6141829419911087,2.692608430250842
TX_5,2012-06-02 03:30:00,2.703086164404738,2.7841787493368804
TX_5,2012-06-02 04:00:00,2.496349777103549,2.5712402704166557
TX_5,2012-06-02 04:30:00,2.85726428941186,2.942982218094216
TX_5,2012-06-02 05:00:00,2.6124134781603234,2.6907858825051334
TX_5,2012-06-02 05:30:00,2.783471352551974,2.866975493128533
TX_5,2012-06-02 06:00:00,3.359940797525787,3.4607390214515608
TX_5,2012-06-02 06:30:00,4.029706707390708,4.150597908612429
TX_5,2012-06-02 07:00:00,4.8794627652573785,5.0258466482151
TX_5,2012-06-02 07:30:00,4.133263871577426,4.257261787724748
TX_5,2012-06-02 08:00:00,4.17217660670905,4.297341904910322
TX_5,2012-06-02 08:30:00,4.581449928136932,4.71889342598104
TX_5,2012-06-02 09:00:00,5.174820194019869,5.330064799840465
TX_5,2012-06-02 09:30:00,7.204524784673443,7.420660528213646
TX_5,2012-06-02 10:00:00,5.9771038658876865,6.156416981864317
TX_5,2012-06-02 10:30:00,5.66218043933069,5.832045852510611
TX_5,2012-06-02 11:00:00,8.114645746094558,8.358085118477394
TX_5,2012-06-02 11:30:00,8.04385287759337,8.28516846392117
TX_5,2012-06-02 12:00:00,7.848255804704719,8.08370347884586
TX_5,2012-06-02 12:30:00,7.851230583314388,8.08676750081382
TX_5,2012-06-02 13:00:00,7.536733261775594,7.762835259628862
TX_5,2012-06-02 13:30:00,4.437415024693223,4.57053747543402
TX_5,2012-06-02 14:00:00,5.272206113696845,5.430372297107751
TX_5,2012-06-02 14:30:00,4.005625551864363,4.1257943184202945
TX_5,2012-06-02 15:00:00,5.31634256865544,5.475832845715103
TX_5,2012-06-02 15:30:00,5.629032286471295,5.797903255065434
TX_5,2012-06-02 16:00:00,5.357595800417357,5.518323674429878
TX_5,2012-06-02 16:30:00,3.9545629368325073,4.073199824937483
TX_5,2012-06-02 17:00:00,4.041504734110774,4.162749876134097
TX_5,2012-06-02 17:30:00,4.8056439099437664,4.949813227242079
TX_5,2012-06-02 18:00:00,5.561080110430665,5.727912513743585
TX_5,2012-06-02 18:30:00,5.4358155472950465,5.598890013713898
TX_5,2012-06-02 19:00:00,5.547122070860676,5.713535732986497
TX_5,2012-06-02 19:30:00,4.122354082073983,4.246024704536202
TX_5,2012-06-02 20:00:00,5.688415604032428,5.8590680721534
TX_5,2012-06-02 20:30:00,5.348999088473181,5.509469061127376
TX_5,2012-06-02 21:00:00,4.959918902514021,5.108716469589441
TX_5,2012-06-02 21:30:00,5.277330462005844,5.43565037586602
TX_5,2012-06-02 22:00:00,5.058838004694946,5.210603144835795
TX_5,2012-06-02 22:30:00,4.358074749427565,4.488816991910392
TX_5,2012-06-02 23:00:00,4.532953370627215,4.668941971746031
TX_5,2012-06-02 23:30:00,3.6448344596357902,3.7541794934248642
TX_5,2012-06-03 00:00:00,3.2695216442965522,3.367607293625449
TX_5,2012-06-03 00:30:00,3.258864309099177,3.3566302383721522
TX_5,2012-06-03 01:00:00,2.629860737428579,2.7087565595514365
TX_5,2012-06-03 01:30:00,2.5732769231790567,2.6504752308744286
TX_5,2012-06-03 02:00:00,2.6077216415383044,2.6859532907844534
TX_5,2012-06-03 02:30:00,2.598287090790312,2.6762357035140214
TX_5,2012-06-03 03:00:00,2.523801349313963,2.599515389793382
TX_5,2012-06-03 03:30:00,2.446966425951486,2.5203754187300307
TX_5,2012-06-03 04:00:00,2.4683427709054655,2.5423930540326296
TX_5,2012-06-03 04:30:00,2.153299772813583,2.2178987659979907
TX_5,2012-06-03 05:00:00,2.2898681067353372,2.3585641499373975
TX_5,2012-06-03 05:30:00,2.867290187645237,2.953308893274594
TX_5,2012-06-03 06:00:00,3.3426256010719086,3.442904369104066
TX_5,2012-06-03 06:30:00,3.677871137771492,3.788207271904637
TX_5,2012-06-03 07:00:00,4.161961196636622,4.286820032535721
TX_5,2012-06-03 07:30:00,4.852818666936985,4.998403226945094
TX_5,2012-06-03 08:00:00,5.696669554074666,5.867569640696907
TX_5,2012-06-03 08:30:00,4.202478806626829,4.328553170825634
TX_5,2012-06-03 09:00:00,4.000375643040895,4.120386912332123
TX_5,2012-06-03 09:30:00,4.980984878989911,5.130414425359609
TX_5,2012-06-03 10:00:00,6.298985100160476,6.487954653165291
TX_5,2012-06-03 10:30:00,5.734662897614817,5.906702784543262
TX_5,2012-06-03 11:00:00,5.719201624960039,5.890777673708841
TX_5,2012-06-03 11:30:00,4.3594154512774725,4.490197914815797
TX_5,2012-06-03 12:00:00,6.611993347475698,6.810353147899969
TX_5,2012-06-03 12:30:00,4.790517562623381,4.934233089502083
TX_5,2012-06-03 13:00:00,5.0601676046252235,5.21197263276398
TX_5,2012-06-03 13:30:00,5.651895249709676,5.821452107200966
TX_5,2012-06-03 14:00:00,5.621378771354385,5.790020134495016
TX_5,2012-06-03 14:30:00,6.168145623530702,6.353189992236623
TX_5,2012-06-03 15:00:00,6.396924374278325,6.588832105506675
TX_5,2012-06-03 15:30:00,4.72417969493017,4.865905085778075
TX_5,2012-06-03 16:00:00,5.926485752476842,6.104280325051148
TX_5,2012-06-03 16:30:00,7.473015022926054,7.697205473613836
TX_5,2012-06-03 17:00:00,5.768440574449885,5.941493791683381
TX_5,2012-06-03 17:30:00,7.689204565152512,7.919880702107087
TX_5,2012-06-03 18:00:00,9.573686585058855,9.860897182610621
TX_5,2012-06-03 18:30:00,8.95114916152427,9.219683636369998
TX_5,2012-06-03 19:00:00,6.822708918576636,7.0273901861339345
TX_5,2012-06-03 19:30:00,6.170166508318243,6.35527150356779
TX_5,2012-06-03 20:00:00,6.417927252141038,6.61046506970527
TX_5,2012-06-03 20:30:00,4.356391743512303,4.4870834958176715
TX_5,2012-06-03 21:00:00,5.081362858961214,5.23380374473005
TX_5,2012-06-03 21:30:00,4.71536887690078,4.856829943207804
TX_5,2012-06-03 22:00:00,3.9487354668276557,4.067197530832486
TX_5,2012-06-03 22:30:00,4.032265896570849,4.153233873467975
TX_5,2012-06-03 23:00:00,3.6026451630989373,3.7107245179919057
TX_5,2012-06-03 23:30:00,3.2713285212264083,3.3694683768632006
TX_5,2012-06-04 00:00:00,3.151947796790095,3.246506230693798
TX_5,2012-06-04 00:30:00,3.0832687386423383,3.1757668008016084
TX_5,2012-06-04 01:00:00,2.8398960487672866,2.9250929302303055
TX_5,2012-06-04 01:30:00,3.3452980769304435,3.445657019238357
TX_5,2012-06-04 02:00:00,2.6966097010763623,2.7775079921086534
TX_5,2012-06-04 02:30:00,3.5955815721684714,3.7034490193335254
TX_5,2012-06-04 03:00:00,3.4573700552168924,3.5610911568733994
TX_5,2012-06-04 03:30:00,3.3032022871054605,3.4022983557186244
TX_5,2012-06-04 04:00:00,2.420832480250703,2.493457454658224
TX_5,2012-06-04 04:30:00,2.391705449205248,2.4634566126814055
TX_5,2012-06-04 05:00:00,1.884013942066478,1.9405343603284726
TX_5,2012-06-04 05:30:00,2.134711588674246,2.1987529363344733
TX_5,2012-06-04 06:00:00,2.567237179645871,2.6442542950352474
TX_5,2012-06-04 06:30:00,3.676718118090648,3.7870196616333676
TX_5,2012-06-04 07:00:00,2.8984546466628234,2.9854082860627082
TX_5,2012-06-04 07:30:00,3.7881828431104214,3.901828328403734
TX_5,2012-06-04 08:00:00,3.8729263966270286,3.9891141885258397
TX_5,2012-06-04 08:30:00,4.8761217499089575,5.022405402406227
TX_5,2012-06-04 09:00:00,7.183004951130486,7.398495099664401
TX_5,2012-06-04 09:30:00,5.2770939625810005,5.435406781458431
TX_5,2012-06-04 10:00:00,6.177890311591861,6.363227020939617
TX_5,2012-06-04 10:30:00,5.6465029279077905,5.815898015745025
TX_5,2012-06-04 11:00:00,7.430922543819334,7.653850220133915
TX_5,2012-06-04 11:30:00,7.296678117791898,7.5155784613256555
TX_5,2012-06-04 12:00:00,6.133580678906929,6.317588099274137
TX_5,2012-06-04 12:30:00,6.025600328010933,6.206368337851261
TX_5,2012-06-04 13:00:00,7.646660073524138,7.876059875729862
TX_5,2012-06-04 13:30:00,6.578399100931376,6.775751073959317
TX_5,2012-06-04 14:00:00,7.644799473431802,7.874143457634756
TX_5,2012-06-04 14:30:00,5.836314800198517,6.011404244204472
TX_5,2012-06-04 15:00:00,5.281265333087639,5.439703293080268
TX_5,2012-06-04 15:30:00,5.374116544788751,5.535340041132414
TX_5,2012-06-04 16:00:00,7.294050784400888,7.5128723079329145
TX_5,2012-06-04 16:30:00,6.320440459886502,6.510053673683097
TX_5,2012-06-04 17:00:00,7.031440591774884,7.242383809528131
TX_5,2012-06-04 17:30:00,6.671617324180441,6.871765843905854
TX_5,2012-06-04 18:00:00,7.242725261416858,7.460007019259364
TX_5,2012-06-04 18:30:00,5.894394485849333,6.071226320424813
TX_5,2012-06-04 19:00:00,5.5586792063339265,5.725439582523944
TX_5,2012-06-04 19:30:00,4.923265116187869,5.070963069673505
TX_5,2012-06-04 20:00:00,5.800231183740943,5.974238119253171
TX_5,2012-06-04 20:30:00,5.432507823822396,5.595483058537068
TX_5,2012-06-04 21:00:00,6.044333984619531,6.225664004158117
TX_5,2012-06-04 21:30:00,5.938628123227131,6.116786966923946
TX_5,2012-06-04 22:00:00,5.625174178141754,5.793929403486007
TX_5,2012-06-04 22:30:00,6.384988769439992,6.576538432523192
TX_5,2012-06-04 23:00:00,4.621009232978466,4.75963950996782
TX_5,2012-06-04 23:30:00,5.835721609571196,6.010793257858332
TX_5,2012-06-05 00:00:00,5.230001878618075,5.386901934976617
TX_5,2012-06-05 00:30:00,3.0529268695289677,3.144514675614837
TX_5,2012-06-05 01:00:00,2.756295990179522,2.8389848698849076
TX_5,2012-06-05 01:30:00,2.778909064641061,2.862276336580293
TX_5,2012-06-05 02:00:00,2.7743389658961717,2.857569134873057
TX_5,2012-06-05 02:30:00,2.603778878863392,2.6818922452292937
TX_5,2012-06-05 03:00:00,2.579283463546155,2.6566619674525396
TX_5,2012-06-05 03:30:00,2.765190343037823,2.848146053328958
TX_5,2012-06-05 04:00:00,2.708206663414724,2.789452863317166
TX_5,2012-06-05 04:30:00,3.1962292942286483,3.2921161730555077
TX_5,2012-06-05 05:00:00,3.4656101081267994,3.5695784113706033
TX_5,2012-06-05 05:30:00,2.5974233672794487,2.675346068297832
TX_5,2012-06-05 06:00:00,3.225946161403143,3.322724546245237
TX_5,2012-06-05 06:30:00,4.361909503996358,4.492766789116249
TX_5,2012-06-05 07:00:00,3.6906398782618526,3.8013590746097083
TX_5,2012-06-05 07:30:00,4.18942495150425,4.315107700049378
TX_5,2012-06-05 08:00:00,4.964821380161583,5.1137660215664305
TX_5,2012-06-05 08:30:00,6.465222858036313,6.659179543777403
TX_5,2012-06-05 09:00:00,6.7934567365056715,6.997260438600842
TX_5,2012-06-05 09:30:00,10.37808024166933,10.689422648919411
TX_5,2012-06-05 10:00:00,10.070349087515154,10.372459560140609
TX_5,2012-06-05 10:30:00,5.04492187178278,5.196269527936264
TX_5,2012-06-05 11:00:00,6.179677281317624,6.365067599757153
TX_5,2012-06-05 11:30:00,7.99867389794992,8.238634114888418
TX_5,2012-06-05 12:00:00,5.07367670287283,5.225887003959015
TX_5,2012-06-05 12:30:00,6.860496061367211,7.066310943208228
TX_5,2012-06-05 13:00:00,6.16485644201595,6.349802135276429
TX_5,2012-06-05 13:30:00,6.30702648702185,6.496237281632506
TX_5,2012-06-05 14:00:00,5.519861125046165,5.68545695879755
TX_5,2012-06-05 14:30:00,5.080119765482962,5.232523358447451
TX_5,2012-06-05 15:00:00,6.1753932935106635,6.360655092315984
TX_5,2012-06-05 15:30:00,4.70189348392683,4.842950288444635
TX_5,2012-06-05 16:00:00,3.4019882722407004,3.5040479204079213
TX_5,2012-06-05 16:30:00,4.117202046242849,4.240718107630135
TX_5,2012-06-05 17:00:00,5.159680193691076,5.314470599501809
TX_5,2012-06-05 17:30:00,5.406745925609067,5.568948303377339
TX_5,2012-06-05 18:00:00,6.137034898397391,6.321145945349313
TX_5,2012-06-05 18:30:00,6.241406064856707,6.428648246802409
TX_5,2012-06-05 19:00:00,5.364364006087238,5.525294926269856
TX_5,2012-06-05 19:30:00,4.354219527112134,4.484846112925498
TX_5,2012-06-05 20:00:00,4.768433555492011,4.911486562156772
TX_5,2012-06-05 20:30:00,5.4004730749369605,5.56248726718507
TX_5,2012-06-05 21:00:00,4.958179180135394,5.106924555539456
TX_5,2012-06-05 21:30:00,4.517973034246194,4.653512225273579
TX_5,2012-06-05 22:00:00,4.215605488784039,4.34207365344756
TX_5,2012-06-05 22:30:00,3.917199307112555,4.034715286325932
TX_5,2012-06-05 23:00:00,3.8794872072053908,3.9958718234215524
TX_5,2012-06-05 23:30:00,3.0372394858820275,3.1283566704584884
TX_5,2012-06-06 00:00:00,3.721021552374568,3.8326521989458056
TX_5,2012-06-06 00:30:00,2.9037776534160322,2.990890983018513
TX_5,2012-06-06 01:00:00,2.7295671034284124,2.811454116531265
TX_5,2012-06-06 01:30:00,2.717033693973399,2.798544704792601
TX_5,2012-06-06 02:00:00,2.5682924404465672,2.645341213659964
TX_5,2012-06-06 02:30:00,2.8791455579258676,2.965519924663644
TX_5,2012-06-06 03:00:00,2.801312146030688,2.8853515104116085
TX_5,2012-06-06 03:30:00,2.7075311440328464,2.788757078353832
TX_5,2012-06-06 04:00:00,3.313421055170019,3.41282368682512
TX_5,2012-06-06 04:30:00,3.0288594226586305,3.1197252053383897
TX_5,2012-06-06 05:00:00,2.432832791236598,2.505817774973696
TX_5,2012-06-06 05:30:00,3.15803481939174,3.2527758639734925
TX_5,2012-06-06 06:00:00,2.9959375789011036,3.0858157062681366
TX_5,2012-06-06 06:30:00,3.7573543395342353,3.8700749697202625
TX_5,2012-06-06 07:00:00,3.8321301786914295,3.9470940840521727
TX_5,2012-06-06 07:30:00,3.8992535828508923,4.016231190336419
TX_5,2012-06-06 08:00:00,5.256694113279219,5.414394936677596
TX_5,2012-06-06 08:30:00,6.938632981640614,7.146791971089833
TX_5,2012-06-06 09:00:00,6.502440461384247,6.697513675225775
TX_5,2012-06-06 09:30:00,6.3058415777017025,6.495016825032754
TX_5,2012-06-06 10:00:00,8.561748859765379,8.81860132555834
TX_5,2012-06-06 10:30:00,6.4818232684318025,6.676277966484757
TX_5,2012-06-06 11:00:00,4.231567489120338,4.358514513793948
TX_5,2012-06-06 11:30:00,4.124629875672554,4.24836877194273
TX_5,2012-06-06 12:00:00,5.490812833382383,5.655537218383854
TX_5,2012-06-06 12:30:00,4.189604602664456,4.31529274074439
TX_5,2012-06-06 13:00:00,4.730881582060462,4.872808029522276
TX_5,2012-06-06 13:30:00,5.616369232246778,5.7848603092141815
TX_5,2012-06-06 14:00:00,5.477807031774761,5.6421412427280035
TX_5,2012-06-06 14:30:00,3.879130880506559,3.995504806921756
TX_5,2012-06-06 15:00:00,5.091701932016917,5.244452989977424
TX_5,2012-06-06 15:30:00,5.552968032685812,5.719557073666387
TX_5,2012-06-06 16:00:00,4.83173481611815,4.976686860601695
TX_5,2012-06-06 16:30:00,6.396498883461974,6.588393849965834
TX_5,2012-06-06 17:00:00,6.310982224183534,6.50031169090904
TX_5,2012-06-06 17:30:00,4.60235179653125,4.740422350427188
TX_5,2012-06-06 18:00:00,4.139029776968867,4.263200670277933
TX_5,2012-06-06 18:30:00,3.8215582432245294,3.9362049905212655
TX_5,2012-06-06 19:00:00,4.453655616963541,4.587265285472448
TX_5,2012-06-06 19:30:00,5.360900834110209,5.521727859133516
TX_5,2012-06-06 20:00:00,8.330293543198563,8.58020234949452
TX_5,2012-06-06 20:30:00,6.700704627498282,6.9017257663232305
TX_5,2012-06-06 21:00:00,6.517900825529302,6.713437850295181
TX_5,2012-06-06 21:30:00,6.847269547558298,7.052687633985047
TX_5,2012-06-06 22:00:00,6.6178673036595415,6.816403322769328
TX_5,2012-06-06 22:30:00,4.261624381656495,4.38947311310619
TX_5,2012-06-06 23:00:00,3.513648098710671,3.6190575416719915
TX_5,2012-06-06 23:30:00,3.476898037565172,3.5812049786921274
TX_5,2012-06-07 00:00:00,3.068639626684366,3.160698815484897
TX_5,2012-06-07 00:30:00,3.474360065428598,3.578590867391456
TX_5,2012-06-07 01:00:00,2.6350541380304993,2.7141057621714144
TX_5,2012-06-07 01:30:00,2.5005479796895713,2.5755644190802585
TX_5,2012-06-07 02:00:00,2.898172719656182,2.9851179012458675
TX_5,2012-06-07 02:30:00,2.626694823922531,2.705495668640207
TX_5,2012-06-07 03:00:00,2.5617061925473346,2.6385573783237546
TX_5,2012-06-07 03:30:00,2.5958578396828016,2.673733574873286
TX_5,2012-06-07 04:00:00,2.672339176623872,2.7525093519225883
TX_5,2012-06-07 04:30:00,3.270429075701437,3.3685419479724805
TX_5,2012-06-07 05:00:00,2.8755504202946924,2.9618169329035333
TX_5,2012-06-07 05:30:00,3.3277045858141894,3.427535723388615
TX_5,2012-06-07 06:00:00,2.7735067014956196,2.8567119025404883
TX_5,2012-06-07 06:30:00,3.971505516445884,4.090650681939261
TX_5,2012-06-07 07:00:00,3.3726800410582936,3.4738604422900425
TX_5,2012-06-07 07:30:00,4.15189099428745,4.276447724116073
TX_5,2012-06-07 08:00:00,5.479310803322462,5.643690127422135
TX_5,2012-06-07 08:30:00,4.782733961343479,4.926215980183783
TX_5,2012-06-07 09:00:00,5.389026298024595,5.550697086965332
TX_5,2012-06-07 09:30:00,4.29527097633254,4.424129105622516
TX_5,2012-06-07 10:00:00,6.00263698640042,6.182716095992433
TX_5,2012-06-07 10:30:00,6.139101020384719,6.323274050996261
TX_5,2012-06-07 11:00:00,4.836771383015965,4.981874524506444
TX_5,2012-06-07 11:30:00,4.190148739748847,4.315853201941312
TX_5,2012-06-07 12:00:00,3.5866560940128247,3.6942557768332094
TX_5,2012-06-07 12:30:00,3.9767209436521744,4.09602257196174
TX_5,2012-06-07 13:00:00,5.57315911924016,5.740353892817366
TX_5,2012-06-07 13:30:00,5.973344804578822,6.152545148716187
TX_5,2012-06-07 14:00:00,4.787493199527165,4.93111799551298
TX_5,2012-06-07 14:30:00,5.9938005559133645,6.173614572590766
TX_5,2012-06-07 15:00:00,9.449252073582572,9.732729635790049
TX_5,2012-06-07 15:30:00,11.248990120494916,11.586459824109765
TX_5,2012-06-07 16:00:00,9.826248789894334,10.121036253591164
TX_5,2012-06-07 16:30:00,11.962637160640526,12.321516275459741
TX_5,2012-06-07 17:00:00,7.926930241476433,8.164738148720726
TX_5,2012-06-07 17:30:00,8.210688178562297,8.457008823919166
TX_5,2012-06-07 18:00:00,8.104166370049803,8.347291361151298
TX_5,2012-06-07 18:30:00,9.958104552607331,10.256847689185552
TX_5,2012-06-07 19:00:00,8.492430401897499,8.747203313954424
TX_5,2012-06-07 19:30:00,9.967769847853297,10.266802943288896
TX_5,2012-06-07 20:00:00,9.256365718427944,9.534056689980781
TX_5,2012-06-07 20:30:00,7.028419164233441,7.239271739160444
TX_5,2012-06-07 21:00:00,5.71725101590052,5.888768546377536
TX_5,2012-06-07 21:30:00,7.265766803694785,7.4837398078056285
TX_5,2012-06-07 22:00:00,7.144908480398247,7.359255734810195
TX_5,2012-06-07 22:30:00,4.59941982757211,4.737402422399273
TX_5,2012-06-07 23:00:00,4.632076482096411,4.771038776559304
TX_5,2012-06-07 23:30:00,4.022739831238271,4.143422026175419
TX_5,2012-06-08 00:00:00,3.4802557881309486,3.584663461774877
TX_5,2012-06-08 00:30:00,2.973571650876537,3.062778800402833
TX_5,2012-06-08 01:00:00,3.203730457113075,3.2998423708264677
TX_5,2012-06-08 01:30:00,3.1586277361024804,3.253386568185555
TX_5,2012-06-08 02:00:00,2.685144754098023,2.765699096720964
TX_5,2012-06-08 02:30:00,3.010325921272621,3.1006356989108
TX_5,2012-06-08 03:00:00,2.936573067222433,3.024670259239106
TX_5,2012-06-08 03:30:00,2.555683249948338,2.632353747446788
TX_5,2012-06-08 04:00:00,2.8949894312370947,2.9818391141742078
TX_5,2012-06-08 04:30:00,4.375960604554507,4.507239422691142
TX_5,2012-06-08 05:00:00,3.8416855494168543,3.95693611589936
TX_5,2012-06-08 05:30:00,3.1022436220063776,3.195310930666569
TX_5,2012-06-08 06:00:00,3.3982587608809065,3.500206523707334
TX_5,2012-06-08 06:30:00,4.285493962564038,4.414058781440959
TX_5,2012-06-08 07:00:00,3.3611922222926385,3.4620279889614176
TX_5,2012-06-08 07:30:00,6.639224251851572,6.838400979407119
TX_5,2012-06-08 08:00:00,9.371002075499062,9.652132137764035
TX_5,2012-06-08 08:30:00,6.62554548304821,6.824311847539657
TX_5,2012-06-08 09:00:00,7.236575176718544,7.453672432020101
TX_5,2012-06-08 09:30:00,7.958088330680169,8.196830980600573
TX_5,2012-06-08 10:00:00,6.552441754923811,6.749015007571526
TX_5,2012-06-08 10:30:00,9.973961639177277,10.273180488352596
TX_5,2012-06-08 11:00:00,5.549728362759053,5.716220213641825
TX_5,2012-06-08 11:30:00,6.130952802342836,6.314881386413122
TX_5,2012-06-08 12:00:00,6.645471094644879,6.844835227484226
TX_5,2012-06-08 12:30:00,4.769448845660241,4.9125323110300485
TX_5,2012-06-08 13:00:00,4.917768007309668,5.065301047528958
TX_5,2012-06-08 13:30:00,4.905161545954836,5.052316392333481
TX_5,2012-06-08 14:00:00,5.746337757420945,5.918727890143574
TX_5,2012-06-08 14:30:00,7.245067880448778,7.462419916862241
TX_5,2012-06-08 15:00:00,6.529672247745738,6.725562415178111
TX_5,2012-06-08 15:30:00,5.087318416393303,5.239937968885102
TX_5,2012-06-08 16:00:00,7.425221172590031,7.647977807767732
TX_5,2012-06-08 16:30:00,7.098317923408449,7.3112674611107025
TX_5,2012-06-08 17:00:00,5.5471433399041,5.7135576401012225
TX_5,2012-06-08 17:30:00,5.9034013987410905,6.080503440703323
TX_5,2012-06-08 18:00:00,6.906667303349333,7.1138673224498135
TX_5,2012-06-08 18:30:00,6.500174333348738,6.695179563349201
TX_5,2012-06-08 19:00:00,6.466593128368659,6.660590922219719
TX_5,2012-06-08 19:30:00,6.1681431427493525,6.353187437031833
TX_5,2012-06-08 20:00:00,4.773490073230722,4.9166947754276435
TX_5,2012-06-08 20:30:00,4.829036591287328,4.973907689025948
TX_5,2012-06-08 21:00:00,5.262661015194845,5.420540845650691
TX_5,2012-06-08 21:30:00,6.872775927196416,7.078959205012309
TX_5,2012-06-08 22:00:00,5.0541406188712905,5.205764837437429
TX_5,2012-06-08 22:30:00,5.924947711754741,6.102696143107384
TX_5,2012-06-08 23:00:00,4.925076058016111,5.072828339756594
TX_5,2012-06-08 23:30:00,3.7596271081363755,3.8724159213804668
TX_5,2012-06-09 00:00:00,4.3344716490321655,4.46450579850313
TX_5,2012-06-09 00:30:00,3.3903325922921557,3.4920425700609203
TX_5,2012-06-09 01:00:00,2.884199440852239,2.970725424077806
TX_5,2012-06-09 01:30:00,2.6279845706485654,2.7068241077680226
TX_5,2012-06-09 02:00:00,2.4537646210064836,2.5273775596366783
TX_5,2012-06-09 02:30:00,2.5103154717293825,2.585624935881264
TX_5,2012-06-09 03:00:00,2.489654748511906,2.564344390967263
TX_5,2012-06-09 03:30:00,2.577006834579046,2.654317039616417
TX_5,2012-06-09 04:00:00,2.480719592957287,2.5551411807460056
TX_5,2012-06-09 04:30:00,2.7950154831613907,2.8788659476562324
TX_5,2012-06-09 05:00:00,2.6568310012451795,2.736535931282535
TX_5,2012-06-09 05:30:00,2.718070616272237,2.799612734760404
TX_5,2012-06-09 06:00:00,2.651720213608514,2.7312718200167696
TX_5,2012-06-09 06:30:00,3.5114467341573192,3.616790136182039
TX_5,2012-06-09 07:00:00,3.2548226310772366,3.352467310009554
TX_5,2012-06-09 07:30:00,4.02476321073597,4.14550610705805
TX_5,2012-06-09 08:00:00,5.962476505878371,6.141350801054722
TX_5,2012-06-09 08:30:00,5.122573540882977,5.276250747109466
TX_5,2012-06-09 09:00:00,4.7251023112752595,4.866855380613518
TX_5,2012-06-09 09:30:00,4.423285963146112,4.555984542040496
TX_5,2012-06-09 10:00:00,6.887249648919486,7.093867138387071
TX_5,2012-06-09 10:30:00,5.079317043483296,5.231696554787795
TX_5,2012-06-09 11:00:00,5.429128585650955,5.592002443220483
TX_5,2012-06-09 11:30:00,4.634628659751271,4.7736675195438085
TX_5,2012-06-09 12:00:00,3.9588621398707637,4.077628004066887
TX_5,2012-06-09 12:30:00,7.564707599779051,7.7916488277724225
TX_5,2012-06-09 13:00:00,6.152335190473018,6.336905246187208
TX_5,2012-06-09 13:30:00,4.755073631209045,4.897725840145317
TX_5,2012-06-09 14:00:00,4.416414887897121,4.548907334534035
TX_5,2012-06-09 14:30:00,4.555231367998676,4.691888309038636
TX_5,2012-06-09 15:00:00,5.955002920705103,6.133653008326256
TX_5,2012-06-09 15:30:00,7.7432820584129605,7.97558052016535
TX_5,2012-06-09 16:00:00,11.787457833461037,12.141081568464868
TX_5,2012-06-09 16:30:00,9.954737781473748,10.25337991491796
TX_5,2012-06-09 17:00:00,10.213089427448594,10.519482110272053
TX_5,2012-06-09 17:30:00,10.229120775142178,10.535994398396443
TX_5,2012-06-09 18:00:00,7.765267561568754,7.998225588415817
TX_5,2012-06-09 18:30:00,5.610886292700975,5.779212881482005
TX_5,2012-06-09 19:00:00,5.279560952937038,5.437947781525149
TX_5,2012-06-09 19:30:00,7.673387849631483,7.9035894851204285
TX_5,2012-06-09 20:00:00,8.292240299418067,8.54100750840061
TX_5,2012-06-09 20:30:00,5.931504525938771,6.109449661716934
TX_5,2012-06-09 21:00:00,7.346489767805944,7.5668844608401225
TX_5,2012-06-09 21:30:00,5.205197890125034,5.361353826828785
TX_5,2012-06-09 22:00:00,5.01863178729118,5.169190740909915
TX_5,2012-06-09 22:30:00,4.837332088468831,4.9824520511228965
TX_5,2012-06-09 23:00:00,4.646446004016144,4.7858393841366285
TX_5,2012-06-09 23:30:00,4.2626806409038736,4.39056106013099
TX_5,2012-06-10 00:00:00,4.651299017779185,4.7908379883125605
TX_5,2012-06-10 00:30:00,3.525479840107504,3.631244235310729
TX_5,2012-06-10 01:00:00,2.4982447456255246,2.5731920879942902
TX_5,2012-06-10 01:30:00,2.3036485182419493,2.372757973789208
TX_5,2012-06-10 02:00:00,2.1977405858584964,2.2636728034342513
TX_5,2012-06-10 02:30:00,2.6317485283506894,2.71070098420121
TX_5,2012-06-10 03:00:00,2.726829700271155,2.8086345912792896
TX_5,2012-06-10 03:30:00,2.2976040630973653,2.3665321849902865
TX_5,2012-06-10 04:00:00,2.5237437097319093,2.5994560210238666
TX_5,2012-06-10 04:30:00,3.023686864567443,3.1143974705044664
TX_5,2012-06-10 05:00:00,2.9468799811084754,3.03528638054173
TX_5,2012-06-10 05:30:00,2.8730886481460796,2.959281307590462
TX_5,2012-06-10 06:00:00,3.0407174209407,3.131938943568921
TX_5,2012-06-10 06:30:00,3.5082607363798752,3.6135085584712714
TX_5,2012-06-10 07:00:00,3.5230268564410796,3.6287176621343122
TX_5,2012-06-10 07:30:00,4.94485983106239,5.093205625994261
TX_5,2012-06-10 08:00:00,4.705378067130523,4.846539409144439
TX_5,2012-06-10 08:30:00,3.2748556778680986,3.3731013482041416
TX_5,2012-06-10 09:00:00,4.194248711086457,4.320076172419051
TX_5,2012-06-10 09:30:00,5.646134060675469,5.815518082495733
TX_5,2012-06-10 10:00:00,5.951509152296273,6.130054426865161
TX_5,2012-06-10 10:30:00,4.04148124668222,4.1627256840826865
TX_5,2012-06-10 11:00:00,4.765157099891889,4.908111812888646
TX_5,2012-06-10 11:30:00,5.700772514005224,5.87179568942538
TX_5,2012-06-10 12:00:00,5.557318742346515,5.7240383046169105
TX_5,2012-06-10 12:30:00,5.017173882536757,5.16768909901286
TX_5,2012-06-10 13:00:00,5.815744896555458,5.990217243452122
TX_5,2012-06-10 13:30:00,5.667360543722006,5.837381360033666
TX_5,2012-06-10 14:00:00,5.892770319003175,6.06955342857327
TX_5,2012-06-10 14:30:00,5.615312750646516,5.783772133165911
TX_5,2012-06-10 15:00:00,5.804559686246176,5.978696476833561
TX_5,2012-06-10 15:30:00,5.536322677503595,5.7024123578287025
TX_5,2012-06-10 16:00:00,5.119261032696834,5.272838863677739
TX_5,2012-06-10 16:30:00,5.045731959872794,5.197103918668978
TX_5,2012-06-10 17:00:00,5.984935734453424,6.164483806487027
TX_5,2012-06-10 17:30:00,6.984719892923193,7.19426148971089
TX_5,2012-06-10 18:00:00,6.741141146016402,6.943375380396895
TX_5,2012-06-10 18:30:00,11.378779694812367,11.720143085656739
TX_5,2012-06-10 19:00:00,6.8084520403390405,7.012705601549212
TX_5,2012-06-10 19:30:00,6.471223430423832,6.665360133336547
TX_5,2012-06-10 20:00:00,6.567143363009044,6.764157663899315
TX_5,2012-06-10 20:30:00,7.918522697530212,8.156078378456119
TX_5,2012-06-10 21:00:00,8.504158709042857,8.759283470314143
TX_5,2012-06-10 21:30:00,7.175447041653861,7.390710452903477
TX_5,2012-06-10 22:00:00,5.831233965637245,6.006170984606363
TX_5,2012-06-10 22:30:00,6.204980645016941,6.39113006436745
TX_5,2012-06-10 23:00:00,4.943367756211634,5.091668788897983
TX_5,2012-06-10 23:30:00,5.631604584002942,5.80055272152303
TX_5,2012-06-11 00:00:00,4.170115406777206,4.295218868980522
TX_5,2012-06-11 00:30:00,3.4724503653943666,3.5766238763561975
TX_5,2012-06-11 01:00:00,3.20545253546342,3.3016161115273226
TX_5,2012-06-11 01:30:00,2.559517772842968,2.636303306028257
TX_5,2012-06-11 02:00:00,2.852227594216,2.9377944220424803
TX_5,2012-06-11 02:30:00,2.8183167564967015,2.902866259191603
TX_5,2012-06-11 03:00:00,2.924413854277505,3.01214626990583
TX_5,2012-06-11 03:30:00,2.7556307726473404,2.838299695826761
TX_5,2012-06-11 04:00:00,2.7936367875993753,2.8774458912273566
TX_5,2012-06-11 04:30:00,3.8310707465333698,3.946002868929371
TX_5,2012-06-11 05:00:00,2.74815285529579,2.8305974409546635
TX_5,2012-06-11 05:30:00,2.9301034800832357,3.018006584485733
TX_5,2012-06-11 06:00:00,3.512344194235873,3.617714520062949
TX_5,2012-06-11 06:30:00,5.683403792079741,5.853905905842133
TX_5,2012-06-11 07:00:00,5.327017427960309,5.4868279507991184
TX_5,2012-06-11 07:30:00,7.021766809972748,7.232419814271931
TX_5,2012-06-11 08:00:00,6.461573782105131,6.655420995568285
TX_5,2012-06-11 08:30:00,6.829782539028133,7.034676015198977
TX_5,2012-06-11 09:00:00,8.203095889339226,8.449188766019402
TX_5,2012-06-11 09:30:00,8.325898600157394,8.575675558162116
TX_5,2012-06-11 10:00:00,10.725041399111804,11.046792641085158
TX_5,2012-06-11 10:30:00,8.878839745118734,9.145204937472297
TX_5,2012-06-11 11:00:00,9.48402464672621,9.768545386127997
TX_5,2012-06-11 11:30:00,8.334855154309773,8.584900808939066
TX_5,2012-06-11 12:00:00,7.782227145032429,8.015693959383402
TX_5,2012-06-11 12:30:00,6.2535254580438275,6.441131221785143
TX_5,2012-06-11 13:00:00,8.426877896881981,8.679684233788441
TX_5,2012-06-11 13:30:00,6.874992210490394,7.081241976805106
TX_5,2012-06-11 14:00:00,6.4872288518551535,6.681845717410808
TX_5,2012-06-11 14:30:00,5.941226818485697,6.119463623040269
TX_5,2012-06-11 15:00:00,8.170261053831972,8.41536888544693
TX_5,2012-06-11 15:30:00,7.228024950065019,7.44486569856697
TX_5,2012-06-11 16:00:00,5.258319698297708,5.416069289246639
TX_5,2012-06-11 16:30:00,7.974957334661976,8.214206054701835
TX_5,2012-06-11 17:00:00,7.859480615117941,8.09526503357148
TX_5,2012-06-11 17:30:00,9.076670243735668,9.348970351047738
TX_5,2012-06-11 18:00:00,7.944689334579134,8.183030014616508
TX_5,2012-06-11 18:30:00,7.384578379440603,7.606115730823821
TX_5,2012-06-11 19:00:00,9.417197223047317,9.699713139738737
TX_5,2012-06-11 19:30:00,8.479918533160472,8.734316089155286
TX_5,2012-06-11 20:00:00,7.78928817488679,8.022966820133394
TX_5,2012-06-11 20:30:00,7.628990938214296,7.857860666360725
TX_5,2012-06-11 21:00:00,6.944593407952868,7.152931210191454
TX_5,2012-06-11 21:30:00,5.515060941467914,5.680512769711952
TX_5,2012-06-11 22:00:00,5.053743892554121,5.205356209330745
TX_5,2012-06-11 22:30:00,5.475864397843738,5.64014032977905
TX_5,2012-06-11 23:00:00,7.295721042826694,7.514592674111495
TX_5,2012-06-11 23:30:00,4.7413683908305515,4.883609442555469
TX_5,2012-06-12 00:00:00,4.023480668872779,4.144185088938962
TX_5,2012-06-12 00:30:00,3.5686402252415776,3.675699431998825
TX_5,2012-06-12 01:00:00,3.0531938716031486,3.1447896877512433
TX_5,2012-06-12 01:30:00,2.914864671973472,3.002310612132676
TX_5,2012-06-12 02:00:00,3.0318729801233557,3.1228291695270562
TX_5,2012-06-12 02:30:00,3.1598582816903997,3.2546540301411118
TX_5,2012-06-12 03:00:00,3.02355886218016,3.114265628045565
TX_5,2012-06-12 03:30:00,3.026582413143204,3.1173798855375003
TX_5,2012-06-12 04:00:00,3.0633724549651866,3.1552736286141423
TX_5,2012-06-12 04:30:00,4.250698114966975,4.378219058415985
TX_5,2012-06-12 05:00:00,3.694540599537263,3.805376817523381
TX_5,2012-06-12 05:30:00,4.583572016762097,4.72107917726496
TX_5,2012-06-12 06:00:00,5.0950004030514595,5.247850415143003
TX_5,2012-06-12 06:30:00,7.561693051792625,7.788543843346404
TX_5,2012-06-12 07:00:00,6.440844868297889,6.634070214346826
TX_5,2012-06-12 07:30:00,6.911276859259595,7.118615165037383
TX_5,2012-06-12 08:00:00,4.506171047577201,4.641356179004517
TX_5,2012-06-12 08:30:00,6.090514803591599,6.273230247699347
TX_5,2012-06-12 09:00:00,6.154563952523383,6.339200871099085
TX_5,2012-06-12 09:30:00,4.83405046794492,4.979071981983267
TX_5,2012-06-12 10:00:00,3.913707343437113,4.031118563740226
TX_5,2012-06-12 10:30:00,4.46661025883596,4.600608566601039
TX_5,2012-06-12 11:00:00,4.672823560332442,4.813008267142416
TX_5,2012-06-12 11:30:00,4.707743913551871,4.848976230958428
TX_5,2012-06-12 12:00:00,3.7963628912409724,3.910253777978202
TX_5,2012-06-12 12:30:00,4.037789994606186,4.158923694444372
TX_5,2012-06-12 13:00:00,5.32421662294108,5.483943121629313
TX_5,2012-06-12 13:30:00,4.62690134033852,4.765708380548676
TX_5,2012-06-12 14:00:00,4.08746526586121,4.210089223837047
TX_5,2012-06-12 14:30:00,4.641298144593627,4.780537088931435
TX_5,2012-06-12 15:00:00,5.61332768706268,5.78172751767456
TX_5,2012-06-12 15:30:00,7.620056345245472,7.848658035602837
TX_5,2012-06-12 16:00:00,9.446894423694564,9.7303012564054
TX_5,2012-06-12 16:30:00,7.8956703744761425,8.132540485710427
TX_5,2012-06-12 17:00:00,6.41860058299512,6.611158600484974
TX_5,2012-06-12 17:30:00,4.964309817185198,5.113239111700754
TX_5,2012-06-12 18:00:00,7.310838334740076,7.530163484782278
TX_5,2012-06-12 18:30:00,6.408403638038224,6.6006557471793705
TX_5,2012-06-12 19:00:00,6.806272416263257,7.010460588751155
TX_5,2012-06-12 19:30:00,5.24177484389826,5.399028089215208
TX_5,2012-06-12 20:00:00,5.606764386261474,5.774967317849319
TX_5,2012-06-12 20:30:00,8.591014522561332,8.848744958238173
TX_5,2012-06-12 21:00:00,6.044791079410982,6.226134811793312
TX_5,2012-06-12 21:30:00,5.2467278565516855,5.404129692248236
TX_5,2012-06-12 22:00:00,5.406490392091629,5.568685103854378
TX_5,2012-06-12 22:30:00,7.630882982712244,7.859809472193612
TX_5,2012-06-12 23:00:00,5.423573970770935,5.586281189894063
TX_5,2012-06-12 23:30:00,3.6626254407259817,3.7725042039477614
TX_5,2012-06-13 00:00:00,3.9180657423149614,4.03560771458441
TX_5,2012-06-13 00:30:00,4.07112088326072,4.193254509758542
TX_5,2012-06-13 01:00:00,2.560708540069112,2.6375297962711857
TX_5,2012-06-13 01:30:00,2.520594034991416,2.5962118560411587
TX_5,2012-06-13 02:00:00,2.6897825612876733,2.770476038126304
TX_5,2012-06-13 02:30:00,2.721129611497211,2.8027634998421274
TX_5,2012-06-13 03:00:00,2.8081743472049325,2.8924195776210806
TX_5,2012-06-13 03:30:00,2.986304281692864,3.0758934101436504
TX_5,2012-06-13 04:00:00,2.8123230045961414,2.8966926947340257
TX_5,2012-06-13 04:30:00,2.6987894756431716,2.7797531599124667
TX_5,2012-06-13 05:00:00,2.446146740518587,2.5195311427341447
TX_5,2012-06-13 05:30:00,2.77151924712552,2.854664824539286
TX_5,2012-06-13 06:00:00,2.8579848772489025,2.9437244235663695
TX_5,2012-06-13 06:30:00,3.7064889473744076,3.81768361579564
TX_5,2012-06-13 07:00:00,5.364627334945785,5.525566154994159
TX_5,2012-06-13 07:30:00,4.438767422480197,4.571930445154603
TX_5,2012-06-13 08:00:00,3.8397973993829457,3.9549913213644343
TX_5,2012-06-13 08:30:00,4.111987039072123,4.235346650244288
TX_5,2012-06-13 09:00:00,4.084535056919932,4.20707110862753
TX_5,2012-06-13 09:30:00,3.404663560256575,3.5068034670642723
TX_5,2012-06-13 10:00:00,3.0475207269460802,3.138946348754463
TX_5,2012-06-13 10:30:00,4.527511685059847,4.663337035611642
TX_5,2012-06-13 11:00:00,3.436504990825307,3.5396001405500663
TX_5,2012-06-13 11:30:00,3.6234288759701117,3.7321317422492153
TX_5,2012-06-13 12:00:00,4.4528245777441935,4.586409315076519
TX_5,2012-06-13 12:30:00,6.033782221829139,6.2147956884840125
TX_5,2012-06-13 13:00:00,3.612045019933074,3.7204063705310664
TX_5,2012-06-13 13:30:00,4.1139478005427605,4.237366234559043
TX_5,2012-06-13 14:00:00,3.9723622849205036,4.091533153468119
TX_5,2012-06-13 14:30:00,4.092170197553973,4.214935303480592
TX_5,2012-06-13 15:00:00,3.913721056234305,4.0311326879213345
TX_5,2012-06-13 15:30:00,6.207535852716233,6.39376192829772
TX_5,2012-06-13 16:00:00,5.668088205221994,5.838130851378654
TX_5,2012-06-13 16:30:00,5.46935649766317,5.633437192593065
TX_5,2012-06-13 17:00:00,7.731198878674129,7.963134845034353
TX_5,2012-06-13 17:30:00,7.121177424071412,7.334812746793554
TX_5,2012-06-13 18:00:00,6.681402226224344,6.881844293011075
TX_5,2012-06-13 18:30:00,6.638340001999594,6.837490202059581
TX_5,2012-06-13 19:00:00,5.710616527521026,5.8819350233466565
TX_5,2012-06-13 19:30:00,8.214363175886268,8.460794071162857
TX_5,2012-06-13 20:00:00,7.728781420877868,7.960644863504204
TX_5,2012-06-13 20:30:00,6.269744091157088,6.457836413891801
TX_5,2012-06-13 21:00:00,7.064192064740259,7.276117826682467
TX_5,2012-06-13 21:30:00,7.950518066068958,8.189033608051027
TX_5,2012-06-13 22:00:00,6.585891829711725,6.783468584603077
TX_5,2012-06-13 22:30:00,5.794074628962455,5.967896867831328
TX_5,2012-06-13 23:00:00,5.948137091726278,6.126581204478066
TX_5,2012-06-13 23:30:00,4.523052244349962,4.658743811680461
TX_5,2012-06-14 00:00:00,3.401854181338107,3.50390980677825
TX_5,2012-06-14 00:30:00,3.215836437529527,3.312311530655413
TX_5,2012-06-14 01:00:00,3.3042243905478954,3.4033511222643322
TX_5,2012-06-14 01:30:00,2.7514246631578434,2.8339674030525788
TX_5,2012-06-14 02:00:00,2.7090031353943567,2.7902732294561874
TX_5,2012-06-14 02:30:00,2.6125802215330234,2.690957628179014
TX_5,2012-06-14 03:00:00,2.2542616984658705,2.3218895494198466
TX_5,2012-06-14 03:30:00,2.709953296309871,2.791251895199167
TX_5,2012-06-14 04:00:00,2.670206039780784,2.7503122209742075
TX_5,2012-06-14 04:30:00,2.6267784171567663,2.7055817696714692
TX_5,2012-06-14 05:00:00,2.4343016804039346,2.5073307308160526
TX_5,2012-06-14 05:30:00,3.0141322466465703,3.1045562140459677
TX_5,2012-06-14 06:00:00,2.9950245338645116,3.084875269880447
TX_5,2012-06-14 06:30:00,4.316361489932366,4.445852334630337
TX_5,2012-06-14 07:00:00,5.8790771460698386,6.055449460451934
TX_5,2012-06-14 07:30:00,7.469363796928598,7.693444710836457
TX_5,2012-06-14 08:00:00,6.4537952711706215,6.64740912930574
TX_5,2012-06-14 08:30:00,5.192619063074275,5.348397634966504
TX_5,2012-06-14 09:00:00,4.271461871854607,4.399605728010245
TX_5,2012-06-14 09:30:00,3.6847460610147404,3.795288442845183
TX_5,2012-06-14 10:00:00,4.7989433838926585,4.942911685409438
TX_5,2012-06-14 10:30:00,4.7420611554964935,4.8843229901613885
TX_5,2012-06-14 11:00:00,5.430419396340287,5.593331978230496
TX_5,2012-06-14 11:30:00,3.8154177529086972,3.9298802854959582
TX_5,2012-06-14 12:00:00,7.9198900716630805,8.157486773812973
TX_5,2012-06-14 12:30:00,7.339173367109461,7.559348568122744
TX_5,2012-06-14 13:00:00,5.3607014445560015,5.521522487892682
TX_5,2012-06-14 13:30:00,3.73078011258327,3.842703515960768
TX_5,2012-06-14 14:00:00,4.151171634746477,4.275706783788872
TX_5,2012-06-14 14:30:00,3.9532705013946963,4.071868616436538
TX_5,2012-06-14 15:00:00,5.508915752907859,5.674183225495095
TX_5,2012-06-14 15:30:00,6.350572547281444,6.541089723699887
TX_5,2012-06-14 16:00:00,5.822613907794275,5.997292325028103
TX_5,2012-06-14 16:30:00,5.3699389386132585,5.531037106771657
TX_5,2012-06-14 17:00:00,7.570694688506912,7.79781552916212
TX_5,2012-06-14 17:30:00,11.699402372736134,12.050384443918219
TX_5,2012-06-14 18:00:00,9.133952678954056,9.407971259322679
TX_5,2012-06-14 18:30:00,8.173569074268473,8.418776146496528
TX_5,2012-06-14 19:00:00,9.682129923378945,9.972593821080313
TX_5,2012-06-14 19:30:00,10.110870159526382,10.414196264312173
TX_5,2012-06-14 20:00:00,9.25816383504081,9.535908750092034
TX_5,2012-06-14 20:30:00,8.715505169230486,8.9769703243074
TX_5,2012-06-14 21:00:00,6.180660577976904,6.366080395316211
TX_5,2012-06-14 21:30:00,6.553616155457178,6.750224640120893
TX_5,2012-06-14 22:00:00,6.648923235613933,6.848390932682351
TX_5,2012-06-14 22:30:00,5.585376966241758,5.752938275229011
TX_5,2012-06-14 23:00:00,4.656394363697339,4.796086194608259
TX_5,2012-06-14 23:30:00,4.157101633159575,4.281814682154363
TX_5,2012-06-15 00:00:00,3.891956865832349,4.008715571807319
TX_5,2012-06-15 00:30:00,2.5839898017278657,2.661509495779702
TX_5,2012-06-15 01:00:00,2.2095019623813092,2.2757870212527487
TX_5,2012-06-15 01:30:00,2.1757527343853087,2.241025316416868
TX_5,2012-06-15 02:00:00,1.9544873043690358,2.013121923500107
TX_5,2012-06-15 02:30:00,2.2352628374518506,2.302320722575406
TX_5,2012-06-15 03:00:00,2.1252594177381754,2.1890172002703205
TX_5,2012-06-15 03:30:00,2.178516103933156,2.2438715870511508
TX_5,2012-06-15 04:00:00,2.242514504507867,2.309789939643103
TX_5,2012-06-15 04:30:00,2.9884603374273837,3.078114147550205
TX_5,2012-06-15 05:00:00,4.193571536428469,4.319378682521323
TX_5,2012-06-15 05:30:00,2.8999078868902677,2.986905123496976
TX_5,2012-06-15 06:00:00,3.0778593257320894,3.1701951055040523
TX_5,2012-06-15 06:30:00,4.144416317718523,4.268748807250079
TX_5,2012-06-15 07:00:00,4.4345426049181755,4.567578883065721
TX_5,2012-06-15 07:30:00,5.981193278950503,6.160629077319018
TX_5,2012-06-15 08:00:00,5.377317241848681,5.538636759104142
TX_5,2012-06-15 08:30:00,5.72336889935963,5.89506996634042
TX_5,2012-06-15 09:00:00,6.398184738505165,6.59013028066032
TX_5,2012-06-15 09:30:00,6.147565737162279,6.331992709277148
TX_5,2012-06-15 10:00:00,5.710935992405622,5.882264072177791
TX_5,2012-06-15 10:30:00,5.708117594342489,5.879361122172764
TX_5,2012-06-15 11:00:00,5.124057957318689,5.27777969603825
TX_5,2012-06-15 11:30:00,4.12568026247485,4.249450670349096
TX_5,2012-06-15 12:00:00,3.7919762170482305,3.9057355035596775
TX_5,2012-06-15 12:30:00,4.893232429537005,5.040029402423116
TX_5,2012-06-15 13:00:00,4.47350069569735,4.607705716568271
TX_5,2012-06-15 13:30:00,3.0478928982104065,3.139329685156719
TX_5,2012-06-15 14:00:00,2.7880834633459113,2.8717259672462885
TX_5,2012-06-15 14:30:00,3.370752393435876,3.471874965238952
TX_5,2012-06-15 15:00:00,4.069149127175153,4.1912236009904085
TX_5,2012-06-15 15:30:00,4.328540112348073,4.458396315718516
TX_5,2012-06-15 16:00:00,4.7994583737500305,4.943442124962531
TX_5,2012-06-15 16:30:00,6.697914715705822,6.8988521571769965
TX_5,2012-06-15 17:00:00,5.020170327592567,5.170775437420343
TX_5,2012-06-15 17:30:00,5.6443580911973905,5.813688833933313
TX_5,2012-06-15 18:00:00,7.570457610816211,7.797571339140697
TX_5,2012-06-15 18:30:00,5.723506380314622,5.895211571724061
TX_5,2012-06-15 19:00:00,4.348991196282565,4.479460932171042
TX_5,2012-06-15 19:30:00,4.403798201014493,4.535912147044928
TX_5,2012-06-15 20:00:00,5.374940089508663,5.536188292193923
TX_5,2012-06-15 20:30:00,6.549424544484193,6.745907280818719
TX_5,2012-06-15 21:00:00,4.587720614261693,4.725352232689544
TX_5,2012-06-15 21:30:00,6.939060269593859,7.147232077681675
TX_5,2012-06-15 22:00:00,5.421370577673712,5.584011695003923
TX_5,2012-06-15 22:30:00,4.716269519304206,4.857757604883333
TX_5,2012-06-15 23:00:00,5.013397250018906,5.163799167519474
TX_5,2012-06-15 23:30:00,3.6446667435720066,3.754006745879167
TX_5,2012-06-16 00:00:00,5.216371988137492,5.372863147781617
TX_5,2012-06-16 00:30:00,2.810508227783811,2.894823474617325
TX_5,2012-06-16 01:00:00,2.222107031363154,2.288770242304049
TX_5,2012-06-16 01:30:00,2.137895809103436,2.2020326833765393
TX_5,2012-06-16 02:00:00,1.519409111959067,1.564991385317839
TX_5,2012-06-16 02:30:00,1.4287051180167505,1.471566271557253
TX_5,2012-06-16 03:00:00,1.5453477354134377,1.5917081674758409
TX_5,2012-06-16 03:30:00,1.5364192475553824,1.582511824982044
TX_5,2012-06-16 04:00:00,1.5631358735523264,1.6100299497588964
TX_5,2012-06-16 04:30:00,1.9159992807946784,1.9734792592185189
TX_5,2012-06-16 05:00:00,1.6548978845255464,1.7045448210613128
TX_5,2012-06-16 05:30:00,1.471131925496491,1.5152658832613857
TX_5,2012-06-16 06:00:00,2.0717179675725577,2.1338695065997344
TX_5,2012-06-16 06:30:00,2.6407925640384358,2.7200163409595888
TX_5,2012-06-16 07:00:00,2.5363209148478547,2.6124105422932904
TX_5,2012-06-16 07:30:00,4.242378690550713,4.369650051267235
TX_5,2012-06-16 08:00:00,4.02084322930903,4.141468526188301
TX_5,2012-06-16 08:30:00,2.5065666654692684,2.5817636654333467
TX_5,2012-06-16 09:00:00,2.928064254244274,3.0159061818716024
TX_5,2012-06-16 09:30:00,5.269356244097231,5.427436931420147
TX_5,2012-06-16 10:00:00,2.1020710856689457,2.165133218239014
TX_5,2012-06-16 10:30:00,4.194631289934663,4.320470228632703
TX_5,2012-06-16 11:00:00,3.33287047350814,3.4328565877133843
TX_5,2012-06-16 11:30:00,2.588175502228227,2.6658207672950742
TX_5,2012-06-16 12:00:00,3.318893844084249,3.4184606594067763
TX_5,2012-06-16 12:30:00,3.831453881166232,3.946397497601219
TX_5,2012-06-16 13:00:00,4.194486562106987,4.320321158970197
TX_5,2012-06-16 13:30:00,2.368145231917696,2.4391895888752266
TX_5,2012-06-16 14:00:00,1.9929920360594755,2.0527817971412596
TX_5,2012-06-16 14:30:00,3.46405049535201,3.5679720102125705
TX_5,2012-06-16 15:00:00,3.8557125708099798,3.9713839479342794
TX_5,2012-06-16 15:30:00,3.9524474928043016,4.071020917588431
TX_5,2012-06-16 16:00:00,4.725107478035943,4.866860702377021
TX_5,2012-06-16 16:30:00,2.1494732097731197,2.213957406066313
TX_5,2012-06-16 17:00:00,4.732546878492887,4.874523284847673
TX_5,2012-06-16 17:30:00,5.330616577840942,5.490535075176171
TX_5,2012-06-16 18:00:00,3.9490248160657564,4.067495560547729
TX_5,2012-06-16 18:30:00,4.1932342407506225,4.319031267973141
TX_5,2012-06-16 19:00:00,4.550805997497276,4.6873301774221945
TX_5,2012-06-16 19:30:00,3.4089583304641007,3.5112270803780237
TX_5,2012-06-16 20:00:00,5.500154205230341,5.665158831387251
TX_5,2012-06-16 20:30:00,5.202714734967279,5.3587961770162975
TX_5,2012-06-16 21:00:00,3.418730199126783,3.5212921051005868
TX_5,2012-06-16 21:30:00,4.010804955865943,4.131129104541921
TX_5,2012-06-16 22:00:00,3.7711204847669006,3.8842540993099077
TX_5,2012-06-16 22:30:00,2.814652693318662,2.8990922741182223
TX_5,2012-06-16 23:00:00,2.4241401597249723,2.4968643645167217
TX_5,2012-06-16 23:30:00,2.150861476767895,2.215387321070932
TX_5,2012-06-17 00:00:00,2.2114365412013495,2.27777963743739
TX_5,2012-06-17 00:30:00,2.902648610850312,2.989728069175821
TX_5,2012-06-17 01:00:00,2.5705386292636927,2.6476547881416037
TX_5,2012-06-17 01:30:00,2.647614421651549,2.7270428543010956
TX_5,2012-06-17 02:00:00,2.5804981058137653,2.657913048988178
TX_5,2012-06-17 02:30:00,2.566116017222234,2.643099497738901
TX_5,2012-06-17 03:00:00,2.6416705882816003,2.720920705930048
TX_5,2012-06-17 03:30:00,2.5973802172893135,2.675301623807993
TX_5,2012-06-17 04:00:00,2.892785136974361,2.979568691083592
TX_5,2012-06-17 04:30:00,3.9472380459579908,4.065655187336731
TX_5,2012-06-17 05:00:00,3.3803471529440596,3.4817575675323815
TX_5,2012-06-17 05:30:00,2.7936046991126386,2.8774128400860177
TX_5,2012-06-17 06:00:00,3.470623958624072,3.574742677382794
TX_5,2012-06-17 06:30:00,3.6416662538434355,3.7509162414587385
TX_5,2012-06-17 07:00:00,3.988718120372293,4.108379663983462
TX_5,2012-06-17 07:30:00,5.8113623090210424,5.985703178291674
TX_5,2012-06-17 08:00:00,6.196947251671557,6.382855669221704
TX_5,2012-06-17 08:30:00,6.886435905743385,7.093028982915687
TX_5,2012-06-17 09:00:00,6.0732630775879315,6.255460969915569
TX_5,2012-06-17 09:30:00,5.115075270208213,5.2685275283144595
TX_5,2012-06-17 10:00:00,6.049891965314464,6.231388724273898
TX_5,2012-06-17 10:30:00,7.101604455685824,7.314652589356399
TX_5,2012-06-17 11:00:00,7.908530073227677,8.145785975424507
TX_5,2012-06-17 11:30:00,9.432921930590169,9.715909588507873
TX_5,2012-06-17 12:00:00,7.8085291280175175,8.042785001858043
TX_5,2012-06-17 12:30:00,6.73228808201309,6.934256724473483
TX_5,2012-06-17 13:00:00,4.615930610276188,4.754408528584474
TX_5,2012-06-17 13:30:00,6.011840863492474,6.192196089397249
TX_5,2012-06-17 14:00:00,7.469058014244915,7.693129754672262
TX_5,2012-06-17 14:30:00,5.99261150165252,6.172389846702095
TX_5,2012-06-17 15:00:00,6.635612875937366,6.834681262215487
TX_5,2012-06-17 15:30:00,8.484849564250293,8.739395051177802
TX_5,2012-06-17 16:00:00,6.112148152091737,6.295512596654489
TX_5,2012-06-17 16:30:00,5.646273944170403,5.815662162495515
TX_5,2012-06-17 17:00:00,5.564252172420298,5.731179737592908
TX_5,2012-06-17 17:30:00,7.825805647420395,8.060579816843008
TX_5,2012-06-17 18:00:00,8.742063541426388,9.00432544766918
TX_5,2012-06-17 18:30:00,9.22257934215141,9.499256722415954
TX_5,2012-06-17 19:00:00,10.522088774236419,10.837751437463512
TX_5,2012-06-17 19:30:00,7.225697263932221,7.442468181850188
TX_5,2012-06-17 20:00:00,6.810786916726187,7.015110524227972
TX_5,2012-06-17 20:30:00,8.821423880873422,9.086066597299624
TX_5,2012-06-17 21:00:00,7.614662185857687,7.8431020514334175
TX_5,2012-06-17 21:30:00,6.105483983302323,6.288648502801393
TX_5,2012-06-17 22:00:00,7.955176350005066,8.193831640505218
TX_5,2012-06-17 22:30:00,8.02488334146664,8.26562984171064
TX_5,2012-06-17 23:00:00,10.047522936598757,10.34894862469672
TX_5,2012-06-17 23:30:00,6.244296154771509,6.431625039414654
TX_5,2012-06-18 00:00:00,5.119534939535221,5.273120987721278
TX_5,2012-06-18 00:30:00,4.02992929609719,4.1508271749801064
TX_5,2012-06-18 01:00:00,3.007777986631395,3.098011326230337
TX_5,2012-06-18 01:30:00,2.773263989476088,2.856461909160371
TX_5,2012-06-18 02:00:00,2.8215961576783863,2.906244042408738
TX_5,2012-06-18 02:30:00,2.6457594653761487,2.7251322493374333
TX_5,2012-06-18 03:00:00,2.747766973758194,2.83019998297094
TX_5,2012-06-18 03:30:00,2.6438208891012573,2.723135515774295
TX_5,2012-06-18 04:00:00,2.5422745065721806,2.618542741769346
TX_5,2012-06-18 04:30:00,3.603481275037338,3.7115857132884584
TX_5,2012-06-18 05:00:00,3.060787678087813,3.1526113084304472
TX_5,2012-06-18 05:30:00,3.5111060611284635,3.6164392429623176
TX_5,2012-06-18 06:00:00,3.556322285227042,3.6630119537838537
TX_5,2012-06-18 06:30:00,5.154333163696429,5.308963158607322
TX_5,2012-06-18 07:00:00,5.6615006865577815,5.831345707154515
TX_5,2012-06-18 07:30:00,8.662002820789484,8.92186290541317
TX_5,2012-06-18 08:00:00,9.390852307215676,9.672577876432147
TX_5,2012-06-18 08:30:00,6.5795463663538705,6.776932757344487
TX_5,2012-06-18 09:00:00,8.474691422232269,8.728932164899238
TX_5,2012-06-18 09:30:00,8.43158441642725,8.68453194892007
TX_5,2012-06-18 10:00:00,5.184186985487266,5.339712595051885
TX_5,2012-06-18 10:30:00,6.048374981970641,6.22982623142976
TX_5,2012-06-18 11:00:00,5.635719452733707,5.804791036315719
TX_5,2012-06-18 11:30:00,7.075727494456944,7.287999319290653
TX_5,2012-06-18 12:00:00,5.916762983689513,6.094265873200198
TX_5,2012-06-18 12:30:00,5.4765099558872254,5.640805254563842
TX_5,2012-06-18 13:00:00,5.158680831133061,5.313441256067053
TX_5,2012-06-18 13:30:00,3.6611230121776983,3.7709567025430295
TX_5,2012-06-18 14:00:00,4.006448098135008,4.126641541079059
TX_5,2012-06-18 14:30:00,6.812949228379747,7.01733770523114
TX_5,2012-06-18 15:00:00,7.359683762310467,7.580474275179781
TX_5,2012-06-18 15:30:00,8.466194506049707,8.720180341231199
TX_5,2012-06-18 16:00:00,5.235955755158216,5.393034427812962
TX_5,2012-06-18 16:30:00,4.5107667670788025,4.646089770091167
TX_5,2012-06-18 17:00:00,6.667467312240804,6.867491331608028
TX_5,2012-06-18 17:30:00,8.023689175772795,8.26439985104598
TX_5,2012-06-18 18:00:00,6.59094298680717,6.788671276411385
TX_5,2012-06-18 18:30:00,6.1554782713366185,6.340142619476717
TX_5,2012-06-18 19:00:00,5.105287973868337,5.258446613084387
TX_5,2012-06-18 19:30:00,5.544657637386595,5.710997366508193
TX_5,2012-06-18 20:00:00,5.507117861942402,5.672331397800674
TX_5,2012-06-18 20:30:00,7.0987198877534015,7.311681484386003
TX_5,2012-06-18 21:00:00,5.639016573117841,5.8081870703113765
TX_5,2012-06-18 21:30:00,6.1196712662843025,6.303261404272832
TX_5,2012-06-18 22:00:00,6.260328302737223,6.44813815181934
TX_5,2012-06-18 22:30:00,6.2098323483939115,6.396127318845729
TX_5,2012-06-18 23:00:00,6.398989157517755,6.590958832243287
TX_5,2012-06-18 23:30:00,4.803303674298679,4.94740278452764
TX_5,2012-06-19 00:00:00,3.3814482331410924,3.4828916801353254
TX_5,2012-06-19 00:30:00,3.1127736190337987,3.2061568276048127
TX_5,2012-06-19 01:00:00,3.0920438111351163,3.18480512546917
TX_5,2012-06-19 01:30:00,2.62781859804061,2.706653155981828
TX_5,2012-06-19 02:00:00,2.524788553195165,2.60053220979102
TX_5,2012-06-19 02:30:00,2.4982976238276393,2.5732465525424684
TX_5,2012-06-19 03:00:00,2.375091663704406,2.446344413615538
TX_5,2012-06-19 03:30:00,2.738375765092061,2.8205270380448226
TX_5,2012-06-19 04:00:00,2.815886160674723,2.9003627454949648
TX_5,2012-06-19 04:30:00,3.0181822862940604,3.1087277548828824
TX_5,2012-06-19 05:00:00,2.5842055726765603,2.661731739856857
TX_5,2012-06-19 05:30:00,4.583428937725663,4.7209318058574326
TX_5,2012-06-19 06:00:00,4.69446705734648,4.835301069066874
TX_5,2012-06-19 06:30:00,4.835129019463722,4.980182890047634
TX_5,2012-06-19 07:00:00,5.921677243504563,6.0993275608097
TX_5,2012-06-19 07:30:00,6.14050209132055,6.324717154060167
TX_5,2012-06-19 08:00:00,7.18113608510554,7.396570167658706
TX_5,2012-06-19 08:30:00,5.3045706467503795,5.463707766152891
TX_5,2012-06-19 09:00:00,4.3279160798091425,4.457753562203417
TX_5,2012-06-19 09:30:00,5.204376820370861,5.360508124981987
TX_5,2012-06-19 10:00:00,6.303120636920004,6.492214256027604
TX_5,2012-06-19 10:30:00,4.436170952394213,4.569256080966039
TX_5,2012-06-19 11:00:00,6.636249638433279,6.8353371275862775
TX_5,2012-06-19 11:30:00,3.877217783032617,3.9935343165235957
TX_5,2012-06-19 12:00:00,6.743416121862658,6.945718605518538
TX_5,2012-06-19 12:30:00,5.406307135184965,5.568496349240514
TX_5,2012-06-19 13:00:00,3.352493529908393,3.453068335805645
TX_5,2012-06-19 13:30:00,3.352403077816508,3.4529751701510034
TX_5,2012-06-19 14:00:00,5.3530818952727985,5.513674352130983
TX_5,2012-06-19 14:30:00,4.515337790016877,4.650797923717384
TX_5,2012-06-19 15:00:00,5.66402334757568,5.83394404800295
TX_5,2012-06-19 15:30:00,6.125946909645299,6.309725316934658
TX_5,2012-06-19 16:00:00,4.228950681855953,4.355819202311632
TX_5,2012-06-19 16:30:00,8.255793977280751,8.503467796599175
TX_5,2012-06-19 17:00:00,8.153697235769561,8.398308152842649
TX_5,2012-06-19 17:30:00,4.682061073131231,4.822522905325168
TX_5,2012-06-19 18:00:00,8.719150616752884,8.98072513525547
TX_5,2012-06-19 18:30:00,6.393391418645507,6.585193161204872
TX_5,2012-06-19 19:00:00,6.342559139782929,6.532835913976417
TX_5,2012-06-19 19:30:00,7.2200541282997,7.436655752148691
TX_5,2012-06-19 20:00:00,6.596911020088265,6.794818350690913
TX_5,2012-06-19 20:30:00,5.021050011706804,5.171681512058009
TX_5,2012-06-19 21:00:00,6.473205614937769,6.667401783385903
TX_5,2012-06-19 21:30:00,7.178874002634159,7.394240222713184
TX_5,2012-06-19 22:00:00,6.717622218726363,6.919150885288154
TX_5,2012-06-19 22:30:00,7.1092640536563145,7.322541975266004
TX_5,2012-06-19 23:00:00,5.628410562380321,5.79726287925173
TX_5,2012-06-19 23:30:00,5.690553364338502,5.861269965268657
TX_5,2012-06-20 00:00:00,4.044711830284748,4.166053185193291
TX_5,2012-06-20 00:30:00,3.8619680963841865,3.9778271392757123
TX_5,2012-06-20 01:00:00,3.6153513233936523,3.7238118630954617
TX_5,2012-06-20 01:30:00,2.694663467900427,2.77550337193744
TX_5,2012-06-20 02:00:00,2.406804785130869,2.479008928684795
TX_5,2012-06-20 02:30:00,2.290226495175055,2.3589332900303064
TX_5,2012-06-20 03:00:00,2.4218620964653277,2.4945179593592877
TX_5,2012-06-20 03:30:00,2.7732428619053566,2.8564401477625174
TX_5,2012-06-20 04:00:00,2.7413777758593234,2.823619109135103
TX_5,2012-06-20 04:30:00,2.9897539847055787,3.0794466042467463
TX_5,2012-06-20 05:00:00,2.696972088316485,2.7778812509659794
TX_5,2012-06-20 05:30:00,3.1976735950561896,3.2936038029078754
TX_5,2012-06-20 06:00:00,3.0714029985682134,3.16354508852526
TX_5,2012-06-20 06:30:00,3.836406023186785,3.9514982038823887
TX_5,2012-06-20 07:00:00,5.524899549239106,5.690646535716279
TX_5,2012-06-20 07:30:00,6.212918451049752,6.399306004581245
TX_5,2012-06-20 08:00:00,4.211067684361366,4.337399714892207
TX_5,2012-06-20 08:30:00,3.966602807414011,4.085600891636432
TX_5,2012-06-20 09:00:00,4.576532087937888,4.7138280505760255
TX_5,2012-06-20 09:30:00,4.0498232001967365,4.1713178962026385
TX_5,2012-06-20 10:00:00,4.842386758416973,4.9876583611694825
TX_5,2012-06-20 10:30:00,3.718869358386081,3.8304354391376636
TX_6,2012-05-21 10:30:00,0.8109812868403417,0.835310725445552
TX_6,2012-05-21 11:00:00,0.46610572584157617,0.48008889761682344
TX_6,2012-05-21 11:30:00,0.5042732326956296,0.5194014296764985
TX_6,2012-05-21 12:00:00,0.6603402237231712,0.6801504304348664
TX_6,2012-05-21 12:30:00,0.6507251092916478,0.6702468625703973
TX_6,2012-05-21 13:00:00,0.4798184756956214,0.4942130299664901
TX_6,2012-05-21 13:30:00,0.5824022320960933,0.5998742990589762
TX_6,2012-05-21 14:00:00,0.5297614144325128,0.5456542568654882
TX_6,2012-05-21 14:30:00,0.5102247726780956,0.5255315158584385
TX_6,2012-05-21 15:00:00,0.4627258548002972,0.47660763044430615
TX_6,2012-05-21 15:30:00,0.8367514095115447,0.8618539517968911
TX_6,2012-05-21 16:00:00,0.7750980516237314,0.7983509931724433
TX_6,2012-05-21 16:30:00,0.7266304564295814,0.7484293701224688
TX_6,2012-05-21 17:00:00,0.5280633902428808,0.5439052919501672
TX_6,2012-05-21 17:30:00,0.8700604031446646,0.8961622152390045
TX_6,2012-05-21 18:00:00,1.9361622062251156,1.994247072411869
TX_6,2012-05-21 18:30:00,1.3131749526770482,1.3525702012573597
TX_6,2012-05-21 19:00:00,1.123912217202517,1.1576295837185926
TX_6,2012-05-21 19:30:00,0.8395799830037681,0.8647673824938812
TX_6,2012-05-21 20:00:00,0.7405199574446271,0.7627355561679658
TX_6,2012-05-21 20:30:00,1.008627723529573,1.0388865552354603
TX_6,2012-05-21 21:00:00,0.8948816219643356,0.9217280706232657
TX_6,2012-05-21 21:30:00,1.3906489753476645,1.4323684446080944
TX_6,2012-05-21 22:00:00,1.0550334848777643,1.0866844894240972
TX_6,2012-05-21 22:30:00,0.64296862746237,0.6622576862862412
TX_6,2012-05-21 23:00:00,1.0858301980280896,1.1184051039689322
TX_6,2012-05-21 23:30:00,0.49434714029146876,0.5091775545002128
TX_6,2012-05-22 00:00:00,0.5811019149249403,0.5985349723726886
TX_6,2012-05-22 00:30:00,0.4856123822659887,0.5001807537339683
TX_6,2012-05-22 01:00:00,0.4731762684677535,0.48737155652178615
TX_6,2012-05-22 01:30:00,0.48706794780920626,0.5016799862434824
TX_6,2012-05-22 02:00:00,0.473475175068733,0.48767943032079497
TX_6,2012-05-22 02:30:00,0.4829592409907567,0.4974480182204794
TX_6,2012-05-22 03:00:00,0.47473692267136713,0.48897903035150814
TX_6,2012-05-22 03:30:00,0.4760693089473888,0.4903513882158105
TX_6,2012-05-22 04:00:00,0.3305916318829286,0.3405093808394165
TX_6,2012-05-22 04:30:00,0.3459658739607165,0.356344850179538
TX_6,2012-05-22 05:00:00,0.33009863730266853,0.3400015964217486
TX_6,2012-05-22 05:30:00,0.3474465564588536,0.3578699531526192
TX_6,2012-05-22 06:00:00,0.3487816453745637,0.35924509473580063
TX_6,2012-05-22 06:30:00,0.32535137890679333,0.33511192027399717
TX_6,2012-05-22 07:00:00,0.8208463995052377,0.8454717914903949
TX_6,2012-05-22 07:30:00,0.9111745260042776,0.9385097617844059
TX_6,2012-05-22 08:00:00,0.6745941507961671,0.6948319753200521
TX_6,2012-05-22 08:30:00,1.1870209782019152,1.2226316075479726
TX_6,2012-05-22 09:00:00,0.7917204244910525,0.8154720372257841
TX_6,2012-05-22 09:30:00,0.5107718573213667,0.5260950130410077
TX_6,2012-05-22 10:00:00,0.6574880073301708,0.6772126475500759
TX_6,2012-05-22 10:30:00,0.6046353633911351,0.6227744242928692
TX_6,2012-05-22 11:00:00,1.2335282180832678,1.270534064625766
TX_6,2012-05-22 11:30:00,0.9603136829565888,0.9891230934452865
TX_6,2012-05-22 12:00:00,0.6594478218261733,0.6792312564809586
TX_6,2012-05-22 12:30:00,0.7471824696209777,0.769597943709607
TX_6,2012-05-22 13:00:00,0.6736762194094982,0.6938865059917831
TX_6,2012-05-22 13:30:00,0.6817911979788377,0.7022449339182029
TX_6,2012-05-22 14:00:00,0.664160492359062,0.684085307129834
TX_6,2012-05-22 14:30:00,0.3940903970373723,0.4059131089484935
TX_6,2012-05-22 15:00:00,0.453775628813873,0.46738889767828923
TX_6,2012-05-22 15:30:00,0.4128793904005348,0.42526577211255084
TX_6,2012-05-22 16:00:00,0.7541806231867358,0.7768060418823379
TX_6,2012-05-22 16:30:00,0.6075253441757803,0.6257511045010538
TX_6,2012-05-22 17:00:00,0.8794543277764331,0.9058379576097261
TX_6,2012-05-22 17:30:00,0.7303476122905472,0.7522580406592637
TX_6,2012-05-22 18:00:00,1.80145065600877,1.855494175689033
TX_6,2012-05-22 18:30:00,0.9794584679115932,1.008842221948941
TX_6,2012-05-22 19:00:00,0.8048915379065108,0.8290382840437062
TX_6,2012-05-22 19:30:00,0.7035163088979722,0.7246217981649115
TX_6,2012-05-22 20:00:00,0.8322089515929711,0.8571752201407603
TX_6,2012-05-22 20:30:00,0.7345491262683677,0.7565856000564187
TX_6,2012-05-22 21:00:00,0.597811116467435,0.6157454499614581
TX_6,2012-05-22 21:30:00,0.5992259343363221,0.6172027123664118
TX_6,2012-05-22 22:00:00,0.5681882876210018,0.5852339362496319
TX_6,2012-05-22 22:30:00,0.4838750460074551,0.4983912973876788
TX_6,2012-05-22 23:00:00,0.5284598277587476,0.54431362259151
TX_6,2012-05-22 23:30:00,0.43692000561533684,0.45002760578379697
TX_6,2012-05-23 00:00:00,0.5501622890100437,0.566667157680345
TX_6,2012-05-23 00:30:00,0.3315227802796845,0.34146846368807504
TX_6,2012-05-23 01:00:00,0.374450648120224,0.3856841675638307
TX_6,2012-05-23 01:30:00,0.33126639900101795,0.3412043909710485
TX_6,2012-05-23 02:00:00,0.4415850113281594,0.45483256166800423
TX_6,2012-05-23 02:30:00,0.4117660571639774,0.42411903887889674
TX_6,2012-05-23 03:00:00,0.4055647634040584,0.4177317063061802
TX_6,2012-05-23 03:30:00,0.41122888130200097,0.423565747741061
TX_6,2012-05-23 04:00:00,0.3016389835724973,0.31068815307967224
TX_6,2012-05-23 04:30:00,0.3909983316408132,0.4027282815900376
TX_6,2012-05-23 05:00:00,0.5313185346163721,0.5472580906548633
TX_6,2012-05-23 05:30:00,0.7912099478364749,0.8149462462715692
TX_6,2012-05-23 06:00:00,0.8187108803778482,0.8432722067891837
TX_6,2012-05-23 06:30:00,0.8730969879304613,0.8992898975683752
TX_6,2012-05-23 07:00:00,0.4819644536804415,0.4964233872908548
TX_6,2012-05-23 07:30:00,0.9275537054667222,0.9553803166307239
TX_6,2012-05-23 08:00:00,1.2004202390800103,1.2364328462524106
TX_6,2012-05-23 08:30:00,1.3141142356381033,1.3535376627072464
TX_6,2012-05-23 09:00:00,2.573299898989927,2.650498895959625
TX_6,2012-05-23 09:30:00,4.659185649170505,4.79896121864562
TX_6,2012-05-23 10:00:00,6.761311518698124,6.964150864259068
TX_6,2012-05-23 10:30:00,8.454938423150505,8.70858657584502
TX_6,2012-05-23 11:00:00,8.34490384216556,8.595250957430528
TX_6,2012-05-23 11:30:00,7.059865663372798,7.271661633273982
TX_6,2012-05-23 12:00:00,7.322297656761007,7.541966586463838
TX_6,2012-05-23 12:30:00,7.808225450076697,8.042472213578998
TX_6,2012-05-23 13:00:00,5.3586199741563165,5.519378573381006
TX_6,2012-05-23 13:30:00,7.5254784294577926,7.751242782341526
TX_6,2012-05-23 14:00:00,7.186541780271954,7.402138033680113
TX_6,2012-05-23 14:30:00,6.343341884660137,6.533642141199941
TX_6,2012-05-23 15:00:00,8.047621729478463,8.289050381362816
TX_6,2012-05-23 15:30:00,7.574838213458965,7.802083359862734
TX_6,2012-05-23 16:00:00,7.487370581259506,7.711991698697291
TX_6,2012-05-23 16:30:00,8.765211097066901,9.02816742997891
TX_6,2012-05-23 17:00:00,8.246623058743946,8.494021750506265
TX_6,2012-05-23 17:30:00,8.746541308512183,9.00893754776755
TX_6,2012-05-23 18:00:00,9.24863916939979,9.526098344481783
TX_6,2012-05-23 18:30:00,9.498813173687472,9.783777568898095
TX_6,2012-05-23 19:00:00,9.737696978833089,10.029827888198081
TX_6,2012-05-23 19:30:00,8.294750409928021,8.543592922225862
TX_6,2012-05-23 20:00:00,7.8505876825533445,8.086105313029945
TX_6,2012-05-23 20:30:00,7.700858110312716,7.9318838536220975
TX_6,2012-05-23 21:00:00,7.120801082424824,7.334425114897568
TX_6,2012-05-23 21:30:00,7.949552993131729,8.188039582925681
TX_6,2012-05-23 22:00:00,8.711087037978285,8.972419649117633
TX_6,2012-05-23 22:30:00,7.1518024414132935,7.366356514655693
TX_6,2012-05-23 23:00:00,5.12935838743595,5.283239139059028
TX_6,2012-05-23 23:30:00,5.107514155966333,5.260739580645323
TX_6,2012-05-24 00:00:00,4.6865444833029,4.827140817801988
TX_6,2012-05-24 00:30:00,4.8355218323895865,4.980587487361274
TX_6,2012-05-24 01:00:00,4.436278826802029,4.56936719160609
TX_6,2012-05-24 01:30:00,4.107991793433925,4.231231547236943
TX_6,2012-05-24 02:00:00,4.300705319418574,4.429726479001132
TX_6,2012-05-24 02:30:00,4.293569990002832,4.422377089702917
TX_6,2012-05-24 03:00:00,5.136914213455192,5.291021639858848
TX_6,2012-05-24 03:30:00,3.580087581593343,3.6874902090411434
TX_6,2012-05-24 04:00:00,5.0186654731367595,5.169225437330862
TX_6,2012-05-24 04:30:00,3.8750576808319965,3.9913094112569567
TX_6,2012-05-24 05:00:00,5.292091874651242,5.450854630890779
TX_6,2012-05-24 05:30:00,4.005410032267343,4.125572333235364
TX_6,2012-05-24 06:00:00,5.071613284591215,5.223761683128951
TX_6,2012-05-24 06:30:00,6.498307844040264,6.693257079361472
TX_6,2012-05-24 07:00:00,6.992930337951582,7.20271824809013
TX_6,2012-05-24 07:30:00,7.51617147258096,7.741656616758389
TX_6,2012-05-24 08:00:00,5.356266213562862,5.5169541999697485
TX_6,2012-05-24 08:30:00,6.281736360985757,6.47018845181533
TX_6,2012-05-24 09:00:00,4.800559253958371,4.944576031577122
TX_6,2012-05-24 09:30:00,6.725343497537498,6.927103802463623
TX_6,2012-05-24 10:00:00,4.475773890923282,4.61004710765098
TX_6,2012-05-24 10:30:00,6.575704232821443,6.772975359806087
TX_6,2012-05-24 11:00:00,5.384868289994149,5.546414338693974
TX_6,2012-05-24 11:30:00,7.0400576895968054,7.251259420284709
TX_6,2012-05-24 12:00:00,6.2090761602481175,6.3953484450555615
TX_6,2012-05-24 12:30:00,6.279346734247837,6.467727136275272
TX_6,2012-05-24 13:00:00,6.110053042080823,6.293354633343248
TX_6,2012-05-24 13:30:00,6.640346564110966,6.839556961034295
TX_6,2012-05-24 14:00:00,6.491662222722064,6.686412089403726
TX_6,2012-05-24 14:30:00,4.170969750225877,4.296098842732654
TX_6,2012-05-24 15:00:00,5.971569376751021,6.150716458053552
TX_6,2012-05-24 15:30:00,5.920558437518124,6.098175190643667
TX_6,2012-05-24 16:00:00,8.359066635735719,8.60983863480779
TX_6,2012-05-24 16:30:00,8.053063407383211,8.294655309604709
TX_6,2012-05-24 17:00:00,8.409469191916752,8.661753267674255
TX_6,2012-05-24 17:30:00,5.716787541337835,5.88829116757797
TX_6,2012-05-24 18:00:00,7.157424201090628,7.372146927123348
TX_6,2012-05-24 18:30:00,7.466305069979581,7.690294222078969
TX_6,2012-05-24 19:00:00,7.6074680004991375,7.835692040514112
TX_6,2012-05-24 19:30:00,7.33631196699379,7.556401326003604
TX_6,2012-05-24 20:00:00,6.749832688609793,6.952327669268087
TX_6,2012-05-24 20:30:00,8.485912044985769,8.740489406335342
TX_6,2012-05-24 21:00:00,7.42836730437311,7.651218323504304
TX_6,2012-05-24 21:30:00,8.949269447976166,9.217747531415451
TX_6,2012-05-24 22:00:00,7.040555056569995,7.251771708267095
TX_6,2012-05-24 22:30:00,7.106566772417874,7.31976377559041
TX_6,2012-05-24 23:00:00,5.381626429902826,5.543075222799911
TX_6,2012-05-24 23:30:00,5.6244049274127335,5.793137075235116
TX_6,2012-05-25 00:00:00,4.561799131043934,4.698653104975252
TX_6,2012-05-25 00:30:00,3.9447311053629286,4.063073038523816
TX_6,2012-05-25 01:00:00,4.783853899796244,4.927369516790132
TX_6,2012-05-25 01:30:00,4.1754187617473075,4.300681324599727
TX_6,2012-05-25 02:00:00,5.655651462591391,5.8253210064691325
TX_6,2012-05-25 02:30:00,4.79395359020242,4.937772197908493
TX_6,2012-05-25 03:00:00,5.163827143890022,5.318741958206723
TX_6,2012-05-25 03:30:00,3.847435136854962,3.962858190960611
TX_6,2012-05-25 04:00:00,4.036942448308351,4.1580507217576015
TX_6,2012-05-25 04:30:00,4.373390291656421,4.504592000406114
TX_6,2012-05-25 05:00:00,4.11682372221257,4.240328433878947
TX_6,2012-05-25 05:30:00,4.860847582455352,5.006673009929012
TX_6,2012-05-25 06:00:00,4.720492673185597,4.8621074533811655
TX_6,2012-05-25 06:30:00,6.232174110300618,6.419139333609637
TX_6,2012-05-25 07:00:00,5.307323145764146,5.466542840137071
TX_6,2012-05-25 07:30:00,7.502695207390929,7.727776063612658
TX_6,2012-05-25 08:00:00,5.049227377533171,5.2007041988591665
TX_6,2012-05-25 08:30:00,5.392431600104274,5.5542045481074025
TX_6,2012-05-25 09:00:00,4.752759718517077,4.89534251007259
TX_6,2012-05-25 09:30:00,5.557573184094332,5.724300379617162
TX_6,2012-05-25 10:00:00,6.400726338270153,6.592748128418258
TX_6,2012-05-25 10:30:00,5.281663016247659,5.440112906735089
TX_6,2012-05-25 11:00:00,5.464227753229746,5.628154585826639
TX_6,2012-05-25 11:30:00,6.1996510843363195,6.385640616866409
TX_6,2012-05-25 12:00:00,11.321475212451338,11.661119468824879
TX_6,2012-05-25 12:30:00,8.339660433765275,8.589850246778234
TX_6,2012-05-25 13:00:00,6.100848043900187,6.2838734852171925
TX_6,2012-05-25 13:30:00,6.245648666738292,6.433018126740441
TX_6,2012-05-25 14:00:00,5.825371840024542,6.000132995225278
TX_6,2012-05-25 14:30:00,5.583053013681728,5.75054460409218
TX_6,2012-05-25 15:00:00,4.132870111042851,4.256856214374136
TX_6,2012-05-25 15:30:00,5.908601116649023,6.085859150148494
TX_6,2012-05-25 16:00:00,6.738139718170667,6.940283909715787
TX_6,2012-05-25 16:30:00,7.103435178018793,7.316538233359357
TX_6,2012-05-25 17:00:00,8.178541033009406,8.423897263999688
TX_6,2012-05-25 17:30:00,7.465049107313785,7.6890005805331985
TX_6,2012-05-25 18:00:00,10.273381091458203,10.58158252420195
TX_6,2012-05-25 18:30:00,8.97255335240977,9.241729952982064
TX_6,2012-05-25 19:00:00,7.446623693290548,7.670022404089265
TX_6,2012-05-25 19:30:00,6.456651792243561,6.6503513460108685
TX_6,2012-05-25 20:00:00,7.0289377723651185,7.239805905536072
TX_6,2012-05-25 20:30:00,5.572782698204093,5.7399661791502155
TX_6,2012-05-25 21:00:00,7.514065803847274,7.739487777962692
TX_6,2012-05-25 21:30:00,6.00577519592912,6.185948451806993
TX_6,2012-05-25 22:00:00,5.981470701264414,6.160914822302347
TX_6,2012-05-25 22:30:00,4.629129217517769,4.768003094043302
TX_6,2012-05-25 23:00:00,4.554575810741095,4.691213085063328
TX_6,2012-05-25 23:30:00,5.143272872634594,5.297571058813633
TX_6,2012-05-26 00:00:00,4.164307467415689,4.28923669143816
TX_6,2012-05-26 00:30:00,4.039098534216876,4.160271490243383
TX_6,2012-05-26 01:00:00,3.0751999942095485,3.167455994035835
TX_6,2012-05-26 01:30:00,4.644991159817601,4.7843408946121295
TX_6,2012-05-26 02:00:00,3.046321064721986,3.1377106966636457
TX_6,2012-05-26 02:30:00,5.015508531269852,5.165973787207948
TX_6,2012-05-26 03:00:00,3.9883543871079405,4.108005018721179
TX_6,2012-05-26 03:30:00,4.0968298327154145,4.219734727696877
TX_6,2012-05-26 04:00:00,3.1693755372499783,3.264456803367478
TX_6,2012-05-26 04:30:00,3.352312075328139,3.4528814375879833
TX_6,2012-05-26 05:00:00,3.6455434865617313,3.754909791158583
TX_6,2012-05-26 05:30:00,3.212004345198067,3.308364475554009
TX_6,2012-05-26 06:00:00,4.0468226919003305,4.1682273726573404
TX_6,2012-05-26 06:30:00,4.892762932910382,5.039545820897693
TX_6,2012-05-26 07:00:00,8.28407517000755,8.532597425107777
TX_6,2012-05-26 07:30:00,8.823518660281657,9.088224220090106
TX_6,2012-05-26 08:00:00,5.689099321129743,5.859772300763636
TX_6,2012-05-26 08:30:00,4.97372764926524,5.122939478743198
TX_6,2012-05-26 09:00:00,4.768163844448728,4.91120875978219
TX_6,2012-05-26 09:30:00,4.977122041035558,5.126435702266624
TX_6,2012-05-26 10:00:00,5.726866132482714,5.898672116457195
TX_6,2012-05-26 10:30:00,4.94806541353223,5.096507375938198
TX_6,2012-05-26 11:00:00,3.8300281298316743,3.9449289737266247
TX_6,2012-05-26 11:30:00,4.797380248489368,4.9413016559440495
TX_6,2012-05-26 12:00:00,4.195179242767377,4.321034620050399
TX_6,2012-05-26 12:30:00,6.277446628945617,6.465770027813986
TX_6,2012-05-26 13:00:00,4.332874369276643,4.462860600354943
TX_6,2012-05-26 13:30:00,5.909039202176162,6.086310378241447
TX_6,2012-05-26 14:00:00,5.01806757456352,5.1686096018004255
TX_6,2012-05-26 14:30:00,5.695303983935177,5.866163103453232
TX_6,2012-05-26 15:00:00,5.236656847270694,5.3937565526888145
TX_6,2012-05-26 15:30:00,6.288592032678969,6.477249793659339
TX_6,2012-05-26 16:00:00,7.216274808396175,7.432763052648061
TX_6,2012-05-26 16:30:00,5.746847579773529,5.919253007166734
TX_6,2012-05-26 17:00:00,8.743525433040036,9.005831196031236
TX_6,2012-05-26 17:30:00,6.0817699361137985,6.2642230341972125
TX_6,2012-05-26 18:00:00,7.451216625612823,7.674753124381208
TX_6,2012-05-26 18:30:00,4.741650269060148,4.883899777131953
TX_6,2012-05-26 19:00:00,4.979453422230033,5.128837024896934
TX_6,2012-05-26 19:30:00,5.347877523233552,5.508313848930559
TX_6,2012-05-26 20:00:00,7.563317678420915,7.790217208773543
TX_6,2012-05-26 20:30:00,6.580392531614668,6.777804307563108
TX_6,2012-05-26 21:00:00,6.574779137280988,6.772022511399418
TX_6,2012-05-26 21:30:00,6.890706960540464,7.097428169356678
TX_6,2012-05-26 22:00:00,6.896724824321554,7.103626569051201
TX_6,2012-05-26 22:30:00,5.6458404325640625,5.8152156455409845
TX_6,2012-05-26 23:00:00,4.2081766773414,4.334421977661642
TX_6,2012-05-26 23:30:00,4.984547322786483,5.134083742470078
TX_6,2012-05-27 00:00:00,3.968815321468242,4.08787978111229
TX_6,2012-05-27 00:30:00,4.2548506942376045,4.382496215064733
TX_6,2012-05-27 01:00:00,3.6575253929367384,3.767251154724841
TX_6,2012-05-27 01:30:00,4.127213883594971,4.25103030010282
TX_6,2012-05-27 02:00:00,3.8757282209389285,3.9920000675670964
TX_6,2012-05-27 02:30:00,4.27331620833069,4.401515694580611
TX_6,2012-05-27 03:00:00,4.113152229053124,4.236546795924718
TX_6,2012-05-27 03:30:00,3.3203513775079116,3.419961918833149
TX_6,2012-05-27 04:00:00,3.860064609842253,3.9758665481375206
TX_6,2012-05-27 04:30:00,3.0200144526461337,3.110614886225518
TX_6,2012-05-27 05:00:00,4.302814214069801,4.4318986404918945
TX_6,2012-05-27 05:30:00,3.545365144517411,3.6517260988529334
TX_6,2012-05-27 06:00:00,4.673949194095098,4.814167669917951
TX_6,2012-05-27 06:30:00,4.093269176640699,4.21606725193992
TX_6,2012-05-27 07:00:00,4.3584606866006,4.489214507198619
TX_6,2012-05-27 07:30:00,4.676618701994875,4.816917263054721
TX_6,2012-05-27 08:00:00,5.290314678760944,5.449024119123773
TX_6,2012-05-27 08:30:00,6.189929623089115,6.375627511781788
TX_6,2012-05-27 09:00:00,5.825868427266669,6.000644480084669
TX_6,2012-05-27 09:30:00,6.685041627346079,6.885592876166462
TX_6,2012-05-27 10:00:00,3.917937712404086,4.035475843776209
TX_6,2012-05-27 10:30:00,7.014132747952093,7.224556730390656
TX_6,2012-05-27 11:00:00,4.913921504795181,5.0613391499390366
TX_6,2012-05-27 11:30:00,5.20405370563747,5.360175316806594
TX_6,2012-05-27 12:00:00,5.632064490358469,5.801026425069224
TX_6,2012-05-27 12:30:00,6.379804265889364,6.5711983938660445
TX_6,2012-05-27 13:00:00,5.7867384218765645,5.960340574532862
TX_6,2012-05-27 13:30:00,6.7277990070805735,6.929632977292991
TX_6,2012-05-27 14:00:00,6.564962749031738,6.761911631502691
TX_6,2012-05-27 14:30:00,6.0153597298541435,6.195820521749768
TX_6,2012-05-27 15:00:00,7.870200023041802,8.106306023733056
TX_6,2012-05-27 15:30:00,5.387197915996752,5.548813853476655
TX_6,2012-05-27 16:00:00,6.6216328287225386,6.820281813584215
TX_6,2012-05-27 16:30:00,5.427713484614935,5.590544889153382
TX_6,2012-05-27 17:00:00,6.230849857578145,6.417775353305489
TX_6,2012-05-27 17:30:00,5.241933101170428,5.399191094205541
TX_6,2012-05-27 18:00:00,5.781772854597295,5.955226040235214
TX_6,2012-05-27 18:30:00,5.608035060851335,5.776276112676875
TX_6,2012-05-27 19:00:00,5.805343888065657,5.979504204707627
TX_6,2012-05-27 19:30:00,6.171547523728124,6.356693949439968
TX_6,2012-05-27 20:00:00,5.4596475551026815,5.623436981755762
TX_6,2012-05-27 20:30:00,6.956488047374861,7.165182688796107
TX_6,2012-05-27 21:00:00,6.498881937465471,6.693848395589436
TX_6,2012-05-27 21:30:00,8.606393980274687,8.864585799682928
TX_6,2012-05-27 22:00:00,6.426119032782965,6.618902603766454
TX_6,2012-05-27 22:30:00,5.8389052155985075,6.014072372066463
TX_6,2012-05-27 23:00:00,5.304894459475315,5.464041293259574
TX_6,2012-05-27 23:30:00,4.8956181824933775,5.042486727968179
TX_6,2012-05-28 00:00:00,5.034490715833686,5.185525437308696
TX_6,2012-05-28 00:30:00,3.7232641729011258,3.83496209808816
TX_6,2012-05-28 01:00:00,4.206505284937176,4.332700443485291
TX_6,2012-05-28 01:30:00,3.3532132444638525,3.453809641797768
TX_6,2012-05-28 02:00:00,4.28260343519528,4.411081538251138
TX_6,2012-05-28 02:30:00,4.138443201839208,4.262596497894385
TX_6,2012-05-28 03:00:00,4.596204846142473,4.734090991526747
TX_6,2012-05-28 03:30:00,3.125679432242419,3.2194498152096918
TX_6,2012-05-28 04:00:00,4.276109133368069,4.404392407369111
TX_6,2012-05-28 04:30:00,3.5732609714222856,3.680458800564954
TX_6,2012-05-28 05:00:00,4.078653630041332,4.201013238942572
TX_6,2012-05-28 05:30:00,4.147156929420704,4.2715716373033255
TX_6,2012-05-28 06:00:00,4.32942887837385,4.459311744725066
TX_6,2012-05-28 06:30:00,5.382775989310351,5.544259268989661
TX_6,2012-05-28 07:00:00,4.941437891114257,5.089681027847685
TX_6,2012-05-28 07:30:00,6.053754283584777,6.23536691209232
TX_6,2012-05-28 08:00:00,5.011144066504817,5.161478388499961
TX_6,2012-05-28 08:30:00,5.860924062195554,6.036751784061421
TX_6,2012-05-28 09:00:00,5.034886305621769,5.185932894790422
TX_6,2012-05-28 09:30:00,5.476131564295358,5.6404155112242185
TX_6,2012-05-28 10:00:00,5.21586376698373,5.372339679993242
TX_6,2012-05-28 10:30:00,4.907179894902679,5.05439529174976
TX_6,2012-05-28 11:00:00,4.951187601243747,5.09972322928106
TX_6,2012-05-28 11:30:00,5.74959190600457,5.922079663184707
TX_6,2012-05-28 12:00:00,5.638176165706309,5.807321450677498
TX_6,2012-05-28 12:30:00,3.555355686027217,3.6620163566080333
TX_6,2012-05-28 13:00:00,4.697850116425324,4.8387856199180845
TX_6,2012-05-28 13:30:00,6.0088693501307935,6.1891354306347175
TX_6,2012-05-28 14:00:00,7.43282225780082,7.655806925534844
TX_6,2012-05-28 14:30:00,6.7024287042680015,6.903501565396041
TX_6,2012-05-28 15:00:00,5.543144563794092,5.709438900707915
TX_6,2012-05-28 15:30:00,4.54807910934402,4.684521482624341
TX_6,2012-05-28 16:00:00,6.992868389335688,7.202654441015759
TX_6,2012-05-28 16:30:00,6.129056785431293,6.312928488994232
TX_6,2012-05-28 17:00:00,6.420960401993607,6.613589214053416
TX_6,2012-05-28 17:30:00,7.653543914929989,7.883150232377888
TX_6,2012-05-28 18:00:00,5.986367141099224,6.165958155332201
TX_6,2012-05-28 18:30:00,6.529725164815198,6.725616919759654
TX_6,2012-05-28 19:00:00,7.427137529865454,7.649951655761417
TX_6,2012-05-28 19:30:00,8.606993452423476,8.86520325599618
TX_6,2012-05-28 20:00:00,8.716462238915446,8.977956106082909
TX_6,2012-05-28 20:30:00,9.86806842319986,10.164110475895857
TX_6,2012-05-28 21:00:00,8.448363868010643,8.701814784050963
TX_6,2012-05-28 21:30:00,7.965718847809471,8.204690413243755
TX_6,2012-05-28 22:00:00,6.181655106544643,6.3671047597409824
TX_6,2012-05-28 22:30:00,6.398272761566423,6.590220944413415
TX_6,2012-05-28 23:00:00,5.877310524791288,6.053629840535027
TX_6,2012-05-28 23:30:00,5.42450374309825,5.587238855391198
TX_6,2012-05-29 00:00:00,4.54824182831561,4.684689083165078
TX_6,2012-05-29 00:30:00,4.045672238139326,4.167042405283506
TX_6,2012-05-29 01:00:00,4.201831013862087,4.327885944277949
TX_6,2012-05-29 01:30:00,3.664281725055538,3.7742101768072045
TX_6,2012-05-29 02:00:00,4.239057531180117,4.366229257115521
TX_6,2012-05-29 02:30:00,3.593282972759689,3.7010814619424797
TX_6,2012-05-29 03:00:00,4.640699621735735,4.779920610387807
TX_6,2012-05-29 03:30:00,3.1420797807588263,3.236342174181591
TX_6,2012-05-29 04:00:00,3.951167958967862,4.069702997736898
TX_6,2012-05-29 04:30:00,3.462212760529644,3.5660791433455334
TX_6,2012-05-29 05:00:00,3.979371496782038,4.0987526416855
TX_6,2012-05-29 05:30:00,3.8822142139265927,3.9986806403443906
TX_6,2012-05-29 06:00:00,5.5494983382754715,5.715983288423736
TX_6,2012-05-29 06:30:00,5.669779316720977,5.839872696222606
TX_6,2012-05-29 07:00:00,4.916530805432203,5.064026729595169
TX_6,2012-05-29 07:30:00,5.930355790102519,6.108266463805594
TX_6,2012-05-29 08:00:00,4.279841073211265,4.408236305407603
TX_6,2012-05-29 08:30:00,6.576600072508995,6.773898074684265
TX_6,2012-05-29 09:00:00,7.13010811794131,7.3440113614795495
TX_6,2012-05-29 09:30:00,6.376248758261804,6.567536221009658
TX_6,2012-05-29 10:00:00,6.711231333766563,6.912568273779559
TX_6,2012-05-29 10:30:00,7.750797189127077,7.98332110480089
TX_6,2012-05-29 11:00:00,6.922709682859288,7.130390973345066
TX_6,2012-05-29 11:30:00,7.143043211689039,7.357334508039711
TX_6,2012-05-29 12:00:00,7.978476998657143,8.217831308616859
TX_6,2012-05-29 12:30:00,6.303365853273572,6.4924668288717795
TX_6,2012-05-29 13:00:00,7.607567855684533,7.83579489135507
TX_6,2012-05-29 13:30:00,4.6636357799750385,4.80354485337429
TX_6,2012-05-29 14:00:00,4.921016258839629,5.068646746604817
TX_6,2012-05-29 14:30:00,5.112069913802276,5.265432011216344
TX_6,2012-05-29 15:00:00,5.795796463938082,5.9696703578562245
TX_6,2012-05-29 15:30:00,5.288987565500836,5.447657192465861
TX_6,2012-05-29 16:00:00,6.138102602914148,6.322245681001572
TX_6,2012-05-29 16:30:00,5.4972027479853525,5.662118830424913
TX_6,2012-05-29 17:00:00,7.16581526985162,7.380789727947169
TX_6,2012-05-29 17:30:00,7.978814529066887,8.218178964938893
TX_6,2012-05-29 18:00:00,6.837384047600141,7.042505569028145
TX_6,2012-05-29 18:30:00,8.032090756410845,8.27305347910317
TX_6,2012-05-29 19:00:00,6.521181889264943,6.716817345942891
TX_6,2012-05-29 19:30:00,7.667097843002524,7.8971107782926
TX_6,2012-05-29 20:00:00,8.435938974202532,8.68901714342861
TX_6,2012-05-29 20:30:00,8.191599909649177,8.437347906938653
TX_6,2012-05-29 21:00:00,9.063699804003923,9.33561079812404
TX_6,2012-05-29 21:30:00,7.052738099794245,7.264320242788072
TX_6,2012-05-29 22:00:00,7.900558702301941,8.137575463371
TX_6,2012-05-29 22:30:00,5.612710550932569,5.781091867460546
TX_6,2012-05-29 23:00:00,5.630917634768206,5.799845163811253
TX_6,2012-05-29 23:30:00,3.674528696492216,3.7847645573869824
TX_6,2012-05-30 00:00:00,4.51761281989643,4.6531412044933225
TX_6,2012-05-30 00:30:00,3.4748293849411107,3.5790742664893442
TX_6,2012-05-30 01:00:00,4.026196129181327,4.146982013056767
TX_6,2012-05-30 01:30:00,3.3985016539180872,3.50045670353563
TX_6,2012-05-30 02:00:00,3.3250641836057566,3.4248161091139293
TX_6,2012-05-30 02:30:00,4.392743613081383,4.524525921473825
TX_6,2012-05-30 03:00:00,3.5041940674853578,3.6093198895099188
TX_6,2012-05-30 03:30:00,3.7281610536185243,3.84000588522708
TX_6,2012-05-30 04:00:00,3.041908247035941,3.1331654944470193
TX_6,2012-05-30 04:30:00,4.899104806364645,5.046077950555584
TX_6,2012-05-30 05:00:00,3.377697821953004,3.479028756611594
TX_6,2012-05-30 05:30:00,4.646952391427849,4.786360963170685
TX_6,2012-05-30 06:00:00,4.229782845755514,4.356676331128179
TX_6,2012-05-30 06:30:00,6.1654573359586236,6.350421056037383
TX_6,2012-05-30 07:00:00,5.396228902558086,5.558115769634829
TX_6,2012-05-30 07:30:00,6.197695201895194,6.38362605795205
TX_6,2012-05-30 08:00:00,5.878128875891715,6.054472742168467
TX_6,2012-05-30 08:30:00,5.441148141529671,5.604382585775561
TX_6,2012-05-30 09:00:00,4.317897816926669,4.447434751434469
TX_6,2012-05-30 09:30:00,5.343385488283951,5.503687052932469
TX_6,2012-05-30 10:00:00,4.699497307809156,4.840482227043431
TX_6,2012-05-30 10:30:00,3.9005605182179903,4.01757733376453
TX_6,2012-05-30 11:00:00,4.471404120190111,4.605546243795814
TX_6,2012-05-30 11:30:00,5.5863131873985425,5.753902583020499
TX_6,2012-05-30 12:00:00,6.287763878635184,6.47639679499424
TX_6,2012-05-30 12:30:00,4.6420713594588525,4.781333500242618
TX_6,2012-05-30 13:00:00,5.260412729198595,5.418225111074554
TX_6,2012-05-30 13:30:00,5.048770134314138,5.200233238343562
TX_6,2012-05-30 14:00:00,5.283321365277386,5.441821006235708
TX_6,2012-05-30 14:30:00,5.837888738386317,6.013025400537907
TX_6,2012-05-30 15:00:00,5.797917413447736,5.971854935851168
TX_6,2012-05-30 15:30:00,6.882161075579198,7.088625907846574
TX_6,2012-05-30 16:00:00,8.532407316057007,8.788379535538718
TX_6,2012-05-30 16:30:00,8.073203440561123,8.315399543777957
TX_6,2012-05-30 17:00:00,8.634688511361562,8.893729166702409
TX_6,2012-05-30 17:30:00,8.691698985607385,8.952449955175606
TX_6,2012-05-30 18:00:00,7.488449710974403,7.713103202303635
TX_6,2012-05-30 18:30:00,7.669183289527852,7.899258788213688
TX_6,2012-05-30 19:00:00,5.806975383543469,5.981184645049773
TX_6,2012-05-30 19:30:00,7.1363917675634525,7.350483520590356
TX_6,2012-05-30 20:00:00,8.071835267453277,8.313990325476876
TX_6,2012-05-30 20:30:00,7.141375960338716,7.355617239148878
TX_6,2012-05-30 21:00:00,6.857161497944181,7.0628763428825065
TX_6,2012-05-30 21:30:00,6.369411918748945,6.560494276311413
TX_6,2012-05-30 22:00:00,6.13338028082758,6.317381689252407
TX_6,2012-05-30 22:30:00,5.6466592209224284,5.816058997550101
TX_6,2012-05-30 23:00:00,5.987167266977802,6.1667822849871365
TX_6,2012-05-30 23:30:00,3.7696120816251826,3.8827004440739383
TX_6,2012-05-31 00:00:00,4.297796270237874,4.42673015834501
TX_6,2012-05-31 00:30:00,2.6285956879372083,2.7074535585753248
TX_6,2012-05-31 01:00:00,3.614304416807507,3.7227335493117324
TX_6,2012-05-31 01:30:00,3.2525072835553703,3.3500825020620315
TX_6,2012-05-31 02:00:00,3.4742196268967094,3.5784462157036105
TX_6,2012-05-31 02:30:00,3.8664600171149894,3.982453817628439
TX_6,2012-05-31 03:00:00,3.6341504632656116,3.74317497716358
TX_6,2012-05-31 03:30:00,3.5641079912133944,3.6710312309497963
TX_6,2012-05-31 04:00:00,3.1668419549918836,3.2618472136416403
TX_6,2012-05-31 04:30:00,4.08364225316518,4.206151520760135
TX_6,2012-05-31 05:00:00,3.4425679206601814,3.5458449582799867
TX_6,2012-05-31 05:30:00,4.55321808626293,4.689814628850819
TX_6,2012-05-31 06:00:00,5.009209045347233,5.15948531670765
TX_6,2012-05-31 06:30:00,6.566596850779471,6.763594756302855
TX_6,2012-05-31 07:00:00,4.7840158938310005,4.927536370645931
TX_6,2012-05-31 07:30:00,5.361194712078098,5.522030553440441
TX_6,2012-05-31 08:00:00,6.464945309261272,6.65889366853911
TX_6,2012-05-31 08:30:00,8.12409730631773,8.367820225507261
TX_6,2012-05-31 09:00:00,6.088176078005509,6.270821360345675
TX_6,2012-05-31 09:30:00,5.23003405918631,5.3869350809619
TX_6,2012-05-31 10:00:00,5.148935375021776,5.303403436272429
TX_6,2012-05-31 10:30:00,5.923912606215654,6.101629984402124
TX_6,2012-05-31 11:00:00,6.9259744002839065,7.133753632292424
TX_6,2012-05-31 11:30:00,5.202609464554964,5.358687748491613
TX_6,2012-05-31 12:00:00,5.761602490654614,5.934450565374252
TX_6,2012-05-31 12:30:00,4.012678455318924,4.133058808978492
TX_6,2012-05-31 13:00:00,4.703111917464865,4.844205274988811
TX_6,2012-05-31 13:30:00,6.311555805401546,6.500902479563592
TX_6,2012-05-31 14:00:00,5.3661437691674765,5.527128082242501
TX_6,2012-05-31 14:30:00,4.887598552409436,5.034226508981719
TX_6,2012-05-31 15:00:00,4.723811358736439,4.865525699498533
TX_6,2012-05-31 15:30:00,6.4177083431741275,6.610239593469352
TX_6,2012-05-31 16:00:00,4.997080257110204,5.14699266482351
TX_6,2012-05-31 16:30:00,6.7178200233315915,6.91935462403154
TX_6,2012-05-31 17:00:00,7.061484410772828,7.273328943096013
TX_6,2012-05-31 17:30:00,7.1384999697907645,7.3526549688844876
TX_6,2012-05-31 18:00:00,5.001078265975788,5.151110613955061
TX_6,2012-05-31 18:30:00,5.931457485771515,6.109401210344661
TX_6,2012-05-31 19:00:00,6.456329855628137,6.650019751296981
TX_6,2012-05-31 19:30:00,7.194953080981899,7.410801673411356
TX_6,2012-05-31 20:00:00,6.6698460343172075,6.869941415346724
TX_6,2012-05-31 20:30:00,7.143089924239777,7.357382621966971
TX_6,2012-05-31 21:00:00,5.857583795418269,6.033311309280817
TX_6,2012-05-31 21:30:00,6.827795249665316,7.032629107155276
TX_6,2012-05-31 22:00:00,6.648483958097568,6.847938476840495
TX_6,2012-05-31 22:30:00,5.078644057724063,5.231003379455784
TX_6,2012-05-31 23:00:00,5.488592971561605,5.6532507607084534
TX_6,2012-05-31 23:30:00,4.111396320649164,4.234738210268639
TX_6,2012-06-01 00:00:00,5.024657178108659,5.175396893451919
TX_6,2012-06-01 00:30:00,3.8284505233842867,3.9433040390858154
TX_6,2012-06-01 01:00:00,4.314288914984453,4.443717582433987
TX_6,2012-06-01 01:30:00,3.841382737155838,3.9566242192705134
TX_6,2012-06-01 02:00:00,3.6611353472078805,3.770969407624117
TX_6,2012-06-01 02:30:00,3.8613900692304144,3.977231771307327
TX_6,2012-06-01 03:00:00,3.804992082963255,3.9191418454521525
TX_6,2012-06-01 03:30:00,3.4394265055249904,3.5426093006907404
TX_6,2012-06-01 04:00:00,3.1066524111543874,3.199851983489019
TX_6,2012-06-01 04:30:00,4.114568289092445,4.238005337765219
TX_6,2012-06-01 05:00:00,3.481722696436824,3.586174377329929
TX_6,2012-06-01 05:30:00,4.159018687902096,4.283789248539159
TX_6,2012-06-01 06:00:00,3.4864977453823958,3.591092677743868
TX_6,2012-06-01 06:30:00,6.630787276585785,6.829710894883359
TX_6,2012-06-01 07:00:00,4.7864187543669106,4.930011316997918
TX_6,2012-06-01 07:30:00,7.741532636301536,7.973778615390582
TX_6,2012-06-01 08:00:00,8.172380842521113,8.417552267796747
TX_6,2012-06-01 08:30:00,8.304025337407438,8.55314609752966
TX_6,2012-06-01 09:00:00,7.330257135167944,7.550164849222982
TX_6,2012-06-01 09:30:00,4.792373670515025,4.936144880630476
TX_6,2012-06-01 10:00:00,7.731888853083089,7.963845518675582
TX_6,2012-06-01 10:30:00,6.38931626156412,6.580995749411043
TX_6,2012-06-01 11:00:00,7.20176181174431,7.41781466609664
TX_6,2012-06-01 11:30:00,4.786501112903845,4.9300961462909605
TX_6,2012-06-01 12:00:00,6.509786061822375,6.705079643677046
TX_6,2012-06-01 12:30:00,5.075135386791206,5.227389448394942
TX_6,2012-06-01 13:00:00,6.499193253892969,6.694169051509758
TX_6,2012-06-01 13:30:00,5.408016137139681,5.570256621253871
TX_6,2012-06-01 14:00:00,6.402079747021148,6.594142139431782
TX_6,2012-06-01 14:30:00,4.820824152466595,4.9654488770405925
TX_6,2012-06-01 15:00:00,5.01659746141995,5.167095385262549
TX_6,2012-06-01 15:30:00,5.276090958818165,5.434373687582711
TX_6,2012-06-01 16:00:00,5.96311595467533,6.14200943331559
TX_6,2012-06-01 16:30:00,6.360785155181799,6.551608709837253
TX_6,2012-06-01 17:00:00,7.167653898170967,7.3826835151160966
TX_6,2012-06-01 17:30:00,7.40856547634515,7.630822440635505
TX_6,2012-06-01 18:00:00,7.332549553292665,7.552526039891445
TX_6,2012-06-01 18:30:00,10.559835561897629,10.876630628754558
TX_6,2012-06-01 19:00:00,9.27288087349766,9.551067299702591
TX_6,2012-06-01 19:30:00,8.522270253223537,8.777938360820244
TX_6,2012-06-01 20:00:00,7.141614153629036,7.3558625782379075
TX_6,2012-06-01 20:30:00,9.871706845945473,10.167858051323838
TX_6,2012-06-01 21:00:00,9.344852623948956,9.625198202667425
TX_6,2012-06-01 21:30:00,8.961981786023607,9.230841239604315
TX_6,2012-06-01 22:00:00,6.3847733228853984,6.57631652257196
TX_6,2012-06-01 22:30:00,6.1581247549396485,6.342868497587838
TX_6,2012-06-01 23:00:00,5.351191483232138,5.511727227729102
TX_6,2012-06-01 23:30:00,4.358523072149994,4.489278764314494
TX_6,2012-06-02 00:00:00,4.059854343698191,4.1816499740091375
TX_6,2012-06-02 00:30:00,3.041330312494382,3.1325702218692135
TX_6,2012-06-02 01:00:00,3.6719434889662432,3.782101793635231
TX_6,2012-06-02 01:30:00,2.97512986525322,3.064383761210817
TX_6,2012-06-02 02:00:00,3.9351644066661744,4.0532193388661595
TX_6,2012-06-02 02:30:00,3.257680476551314,3.3554108908478537
TX_6,2012-06-02 03:00:00,4.000873921595707,4.120900139243578
TX_6,2012-06-02 03:30:00,2.780273563878802,2.863681770795166
TX_6,2012-06-02 04:00:00,3.61632820200117,3.7248180480612048
TX_6,2012-06-02 04:30:00,3.2356755139787223,3.332745779398084
TX_6,2012-06-02 05:00:00,3.933355392401972,4.051356054174032
TX_6,2012-06-02 05:30:00,3.530328995197448,3.6362388650533712
TX_6,2012-06-02 06:00:00,5.425495928579007,5.588260806436377
TX_6,2012-06-02 06:30:00,6.753593601505921,6.956201409551099
TX_6,2012-06-02 07:00:00,6.217142350719181,6.403656621240756
TX_6,2012-06-02 07:30:00,5.95674300332555,6.135445293425317
TX_6,2012-06-02 08:00:00,4.6084576789775715,4.746711409346899
TX_6,2012-06-02 08:30:00,6.239641896503532,6.426831153398638
TX_6,2012-06-02 09:00:00,5.804078550786943,5.978200907310551
TX_6,2012-06-02 09:30:00,8.369299971317224,8.620378970456741
TX_6,2012-06-02 10:00:00,6.440334655810028,6.6335446954843285
TX_6,2012-06-02 10:30:00,6.8312757469476395,7.036214019356069
TX_6,2012-06-02 11:00:00,7.353380992939484,7.573982422727669
TX_6,2012-06-02 11:30:00,6.778392547323521,6.981744323743227
TX_6,2012-06-02 12:00:00,6.047336669804314,6.228756769898443
TX_6,2012-06-02 12:30:00,6.887026480197309,7.093637274603228
TX_6,2012-06-02 13:00:00,7.482972012304347,7.707461172673478
TX_6,2012-06-02 13:30:00,5.686130819071101,5.856714743643234
TX_6,2012-06-02 14:00:00,6.695551879754458,6.8964184361470915
TX_6,2012-06-02 14:30:00,4.23850806014893,4.365663301953398
TX_6,2012-06-02 15:00:00,6.003279959541083,6.183378358327316
TX_6,2012-06-02 15:30:00,5.069455401648815,5.2215390636982795
TX_6,2012-06-02 16:00:00,5.992017363933998,6.171777884852018
TX_6,2012-06-02 16:30:00,4.4304605214622175,4.563374337106084
TX_6,2012-06-02 17:00:00,5.120603400784659,5.2742215028081985
TX_6,2012-06-02 17:30:00,5.585990840267517,5.753570565475543
TX_6,2012-06-02 18:00:00,6.227479336343072,6.4143037164333645
TX_6,2012-06-02 18:30:00,6.724647855063411,6.926387290715314
TX_6,2012-06-02 19:00:00,6.873421308303609,7.079623947552717
TX_6,2012-06-02 19:30:00,6.854160712127906,7.059785533491744
TX_6,2012-06-02 20:00:00,6.029537722912349,6.2104238545997195
TX_6,2012-06-02 20:30:00,7.8253506974860825,8.060111218410665
TX_6,2012-06-02 21:00:00,5.859348900864264,6.035129367890192
TX_6,2012-06-02 21:30:00,7.118113725609672,7.331657137377962
TX_6,2012-06-02 22:00:00,5.6835483808748934,5.8540548323011405
TX_6,2012-06-02 22:30:00,5.94232725902644,6.1205970767972335
TX_6,2012-06-02 23:00:00,5.396741252926734,5.5586434905145365
TX_6,2012-06-02 23:30:00,4.958246619232869,5.106994017809855
TX_6,2012-06-03 00:00:00,5.085392975006782,5.237954764256985
TX_6,2012-06-03 00:30:00,4.514370945824319,4.649802074199049
TX_6,2012-06-03 01:00:00,4.9098286399487305,5.057123499147193
TX_6,2012-06-03 01:30:00,3.67603853063547,3.7863196865545343
TX_6,2012-06-03 02:00:00,3.8429286535778626,3.9582165131851985
TX_6,2012-06-03 02:30:00,3.321425205193616,3.4210679613494244
TX_6,2012-06-03 03:00:00,4.297354799969388,4.4262754439684695
TX_6,2012-06-03 03:30:00,2.812792141499603,2.897175905744591
TX_6,2012-06-03 04:00:00,3.7624274394628467,3.875300262646732
TX_6,2012-06-03 04:30:00,2.5447808337290585,2.6211242587409305
TX_6,2012-06-03 05:00:00,4.227225075039076,4.354041827290248
TX_6,2012-06-03 05:30:00,4.010055073860885,4.130356726076712
TX_6,2012-06-03 06:00:00,4.775732999677573,4.919004989667901
TX_6,2012-06-03 06:30:00,4.975522418347216,5.124788090897633
TX_6,2012-06-03 07:00:00,4.907977509565118,5.055216834852072
TX_6,2012-06-03 07:30:00,5.601675518163683,5.769725783708593
TX_6,2012-06-03 08:00:00,6.288239401199764,6.476886583235757
TX_6,2012-06-03 08:30:00,6.916575231378502,7.124072488319857
TX_6,2012-06-03 09:00:00,5.479777102546033,5.644170415622415
TX_6,2012-06-03 09:30:00,7.190121252681915,7.405824890262372
TX_6,2012-06-03 10:00:00,5.695248746128979,5.866106208512849
TX_6,2012-06-03 10:30:00,5.796335614537195,5.970225682973312
TX_6,2012-06-03 11:00:00,5.284265316235597,5.442793275722665
TX_6,2012-06-03 11:30:00,5.6376592173929,5.8067889939146875
TX_6,2012-06-03 12:00:00,7.246627757234329,7.4640265899513585
TX_6,2012-06-03 12:30:00,7.159812334557427,7.37460670459415
TX_6,2012-06-03 13:00:00,7.336428912535101,7.556521779911154
TX_6,2012-06-03 13:30:00,6.438530904754173,6.631686831896799
TX_6,2012-06-03 14:00:00,5.935177583089797,6.113232910582491
TX_6,2012-06-03 14:30:00,5.4439216975321365,5.6072393484581005
TX_6,2012-06-03 15:00:00,7.3721111803458275,7.593274515756202
TX_6,2012-06-03 15:30:00,5.674773827618503,5.845017042447058
TX_6,2012-06-03 16:00:00,7.635964736257232,7.865043678344949
TX_6,2012-06-03 16:30:00,6.783114628690267,6.986608067550976
TX_6,2012-06-03 17:00:00,7.142043597772743,7.356304905705925
TX_6,2012-06-03 17:30:00,10.122317462104396,10.425986985967528
TX_6,2012-06-03 18:00:00,8.068425075306461,8.310477827565656
TX_6,2012-06-03 18:30:00,8.452750605962509,8.706333124141384
TX_6,2012-06-03 19:00:00,6.67031515627564,6.8704246109639096
TX_6,2012-06-03 19:30:00,7.530194679965761,7.7561005203647335
TX_6,2012-06-03 20:00:00,6.946435698584654,7.154828769542194
TX_6,2012-06-03 20:30:00,6.800775492425935,7.004798757198714
TX_6,2012-06-03 21:00:00,6.285702100812841,6.474273163837227
TX_6,2012-06-03 21:30:00,7.505191818709753,7.730347573271046
TX_6,2012-06-03 22:00:00,5.622738927385699,5.79142109520727
TX_6,2012-06-03 22:30:00,5.452841856251048,5.61642711193858
TX_6,2012-06-03 23:00:00,4.463200034220075,4.597096035246678
TX_6,2012-06-03 23:30:00,4.261524459269905,4.389370193048003
TX_6,2012-06-04 00:00:00,4.721424138437825,4.863066862590959
TX_6,2012-06-04 00:30:00,4.727347847833589,4.869168283268597
TX_6,2012-06-04 01:00:00,4.479296210698938,4.6136750970199065
TX_6,2012-06-04 01:30:00,4.000940619322531,4.120968837902207
TX_6,2012-06-04 02:00:00,4.45056405884789,4.584080980613327
TX_6,2012-06-04 02:30:00,4.407550568552121,4.5397770856086845
TX_6,2012-06-04 03:00:00,4.835006811852381,4.980057016207953
TX_6,2012-06-04 03:30:00,2.9083441285528124,2.9955944524093967
TX_6,2012-06-04 04:00:00,3.6630717910350237,3.7729639447660746
TX_6,2012-06-04 04:30:00,3.0003613865062144,3.0903722281014008
TX_6,2012-06-04 05:00:00,3.9188363696787123,4.036401460769074
TX_6,2012-06-04 05:30:00,3.3054923241089216,3.4046570938321894
TX_6,2012-06-04 06:00:00,3.7391830560217367,3.851358547702389
TX_6,2012-06-04 06:30:00,4.399904530635617,4.531901666554686
TX_6,2012-06-04 07:00:00,4.169979553761144,4.295078940373979
TX_6,2012-06-04 07:30:00,5.463569004322104,5.627476074451767
TX_6,2012-06-04 08:00:00,4.33442115437483,4.464453789006075
TX_6,2012-06-04 08:30:00,6.3711900030285875,6.562325703119446
TX_6,2012-06-04 09:00:00,4.849844255232671,4.995339582889651
TX_6,2012-06-04 09:30:00,6.875824320833792,7.082099050458806
TX_6,2012-06-04 10:00:00,4.829406971325551,4.974289180465318
TX_6,2012-06-04 10:30:00,5.148073046536071,5.302515237932154
TX_6,2012-06-04 11:00:00,5.660478795118176,5.830293158971721
TX_6,2012-06-04 11:30:00,5.584856835951656,5.7524025410302055
TX_6,2012-06-04 12:00:00,5.600261936580774,5.768269794678198
TX_6,2012-06-04 12:30:00,7.385039678010175,7.60659086835048
TX_6,2012-06-04 13:00:00,8.086307036682173,8.32889624778264
TX_6,2012-06-04 13:30:00,7.050239010849111,7.261746181174585
TX_6,2012-06-04 14:00:00,8.109526862162694,8.352812668027575
TX_6,2012-06-04 14:30:00,4.766776028775934,4.9097793096392115
TX_6,2012-06-04 15:00:00,6.407570575023055,6.5997976922737465
TX_6,2012-06-04 15:30:00,5.361355922890092,5.522196600576795
TX_6,2012-06-04 16:00:00,7.495435836439881,7.720298911533078
TX_6,2012-06-04 16:30:00,5.334025824307321,5.49404659903654
TX_6,2012-06-04 17:00:00,6.045372952371338,6.226734140942478
TX_6,2012-06-04 17:30:00,7.150686671583753,7.365207271731266
TX_6,2012-06-04 18:00:00,8.15239215774161,8.396963922473859
TX_6,2012-06-04 18:30:00,6.169741058366169,6.3548332901171545
TX_6,2012-06-04 19:00:00,5.583779797791845,5.7512931917256
TX_6,2012-06-04 19:30:00,5.874898140745728,6.0511450849681
TX_6,2012-06-04 20:00:00,5.448252876725091,5.611700463026843
TX_6,2012-06-04 20:30:00,6.1119791364063465,6.295338510498537
TX_6,2012-06-04 21:00:00,6.3643228665991405,6.555252552597115
TX_6,2012-06-04 21:30:00,6.751786104103189,6.954339687226285
TX_6,2012-06-04 22:00:00,5.039300693830091,5.190479714644994
TX_6,2012-06-04 22:30:00,6.064107617155761,6.246030845670434
TX_6,2012-06-04 23:00:00,4.783057233968198,4.926548950987244
TX_6,2012-06-04 23:30:00,5.085249291369133,5.237806770110208
TX_6,2012-06-05 00:00:00,4.294243772405141,4.423071085577296
TX_6,2012-06-05 00:30:00,4.006673278337618,4.126873476687747
TX_6,2012-06-05 01:00:00,3.835060999957196,3.950112829955912
TX_6,2012-06-05 01:30:00,3.2387534235363327,3.3359160262424226
TX_6,2012-06-05 02:00:00,4.114369487784142,4.237800572417666
TX_6,2012-06-05 02:30:00,3.292887859168762,3.3916744949438247
TX_6,2012-06-05 03:00:00,4.6278414573097635,4.7666767010290565
TX_6,2012-06-05 03:30:00,2.9856256021894545,3.0751943702551383
TX_6,2012-06-05 04:00:00,3.9315367206056404,4.049482822223809
TX_6,2012-06-05 04:30:00,3.791245130325503,3.904982484235268
TX_6,2012-06-05 05:00:00,5.145593673274722,5.299961483472964
TX_6,2012-06-05 05:30:00,3.7964875563508897,3.9103821830414165
TX_6,2012-06-05 06:00:00,3.875200976259257,3.991457005547035
TX_6,2012-06-05 06:30:00,5.147964466825626,5.302403400830395
TX_6,2012-06-05 07:00:00,3.8815417508114907,3.9979880033358355
TX_6,2012-06-05 07:30:00,4.578743130754165,4.71610542467679
TX_6,2012-06-05 08:00:00,3.83449271087965,3.9495274922060393
TX_6,2012-06-05 08:30:00,5.985231020810439,6.164787951434753
TX_6,2012-06-05 09:00:00,3.8099830723079324,3.9242825644771706
TX_6,2012-06-05 09:30:00,5.413854483289604,5.576270117788292
TX_6,2012-06-05 10:00:00,4.000639752958329,4.1206589455470795
TX_6,2012-06-05 10:30:00,4.681630717044003,4.822079638555323
TX_6,2012-06-05 11:00:00,4.634838102859189,4.7738832459449645
TX_6,2012-06-05 11:30:00,4.67361882673998,4.813827391542179
TX_6,2012-06-05 12:00:00,4.412742282694824,4.545124551175668
TX_6,2012-06-05 12:30:00,4.815577205119564,4.960044521273152
TX_6,2012-06-05 13:00:00,4.960034654240333,5.108835693867543
TX_6,2012-06-05 13:30:00,6.866275153095928,7.072263407688806
TX_6,2012-06-05 14:00:00,5.296086196901438,5.454968782808481
TX_6,2012-06-05 14:30:00,4.884569403372488,5.031106485473663
TX_6,2012-06-05 15:00:00,5.982724067166562,6.162205789181559
TX_6,2012-06-05 15:30:00,5.135418408422816,5.289480960675501
TX_6,2012-06-05 16:00:00,5.892319248265654,6.0690888257136235
TX_6,2012-06-05 16:30:00,5.215079935181948,5.371532333237407
TX_6,2012-06-05 17:00:00,6.75781204578227,6.960546407155738
TX_6,2012-06-05 17:30:00,6.3346901603495205,6.524730865160007
TX_6,2012-06-05 18:00:00,6.450600071925728,6.6441180740835
TX_6,2012-06-05 18:30:00,7.7253913000229115,7.957153039023599
TX_6,2012-06-05 19:00:00,8.20545962014687,8.451623408751276
TX_6,2012-06-05 19:30:00,6.649463775834178,6.848947689109203
TX_6,2012-06-05 20:00:00,6.123026188149403,6.306716973793885
TX_6,2012-06-05 20:30:00,8.117965309814975,8.361504269109425
TX_6,2012-06-05 21:00:00,6.692717550649727,6.893499077169219
TX_6,2012-06-05 21:30:00,7.776932421535705,8.010240394181777
TX_6,2012-06-05 22:00:00,6.62271242617802,6.821393798963361
TX_6,2012-06-05 22:30:00,6.413196696223379,6.60559259711008
TX_6,2012-06-05 23:00:00,5.2972647691245385,5.456182712198275
TX_6,2012-06-05 23:30:00,5.223742592300309,5.380454870069318
TX_6,2012-06-06 00:00:00,5.952186252408091,6.130751839980334
TX_6,2012-06-06 00:30:00,3.936174216103185,4.054259442586281
TX_6,2012-06-06 01:00:00,4.4816724857276276,4.616122660299457
TX_6,2012-06-06 01:30:00,3.236445887190491,3.333539263806206
TX_6,2012-06-06 02:00:00,4.22013222830529,4.346736195154449
TX_6,2012-06-06 02:30:00,3.355760711963157,3.456433533322052
TX_6,2012-06-06 03:00:00,4.503560477373107,4.6386672916943
TX_6,2012-06-06 03:30:00,3.0952012520825383,3.1880572896450143
TX_6,2012-06-06 04:00:00,4.427487053012023,4.560311664602384
TX_6,2012-06-06 04:30:00,3.2704900013386964,3.368604701378857
TX_6,2012-06-06 05:00:00,3.963262310796554,4.082160180120451
TX_6,2012-06-06 05:30:00,4.403344967493981,4.5354453165188
TX_6,2012-06-06 06:00:00,4.151451366423307,4.275994907416006
TX_6,2012-06-06 06:30:00,5.454750246435182,5.618392753828238
TX_6,2012-06-06 07:00:00,5.34250378545528,5.502778899018939
TX_6,2012-06-06 07:30:00,5.409325529619523,5.5716052955081095
TX_6,2012-06-06 08:00:00,5.350200007526089,5.510706007751872
TX_6,2012-06-06 08:30:00,11.164788505548403,11.499732160714855
TX_6,2012-06-06 09:00:00,6.187748428297309,6.373380881146228
TX_6,2012-06-06 09:30:00,7.3304263411013695,7.550339131334411
TX_6,2012-06-06 10:00:00,7.493635863586492,7.718444939494088
TX_6,2012-06-06 10:30:00,8.13875081563218,8.382913340101146
TX_6,2012-06-06 11:00:00,4.143812030050652,4.268126390952172
TX_6,2012-06-06 11:30:00,5.363977375670942,5.52489669694107
TX_6,2012-06-06 12:00:00,5.501197779227788,5.6662337126046225
TX_6,2012-06-06 12:30:00,4.640769702529701,4.779992793605592
TX_6,2012-06-06 13:00:00,5.581924174074365,5.749381899296596
TX_6,2012-06-06 13:30:00,5.834029433002792,6.009050315992876
TX_6,2012-06-06 14:00:00,5.626139969310942,5.794924168390271
TX_6,2012-06-06 14:30:00,3.76218014499653,3.875045549346426
TX_6,2012-06-06 15:00:00,9.183169524206228,9.458664609932415
TX_6,2012-06-06 15:30:00,6.372636866180379,6.5638159721657905
TX_6,2012-06-06 16:00:00,7.35711986646899,7.57783346246306
TX_6,2012-06-06 16:30:00,6.905670839395942,7.112840964577821
TX_6,2012-06-06 17:00:00,6.618071953293782,6.816614111892596
TX_6,2012-06-06 17:30:00,5.504283299230974,5.6694117982079035
TX_6,2012-06-06 18:00:00,4.788264588034601,4.9319125256756395
TX_6,2012-06-06 18:30:00,5.2107686558362145,5.367091715511301
TX_6,2012-06-06 19:00:00,5.248979091240972,5.406448463978202
TX_6,2012-06-06 19:30:00,7.0413211305700125,7.2525607644871135
TX_6,2012-06-06 20:00:00,7.599373301744004,7.827354500796324
TX_6,2012-06-06 20:30:00,7.135636147959047,7.3497052323978185
TX_6,2012-06-06 21:00:00,6.109564920201899,6.292851867807957
TX_6,2012-06-06 21:30:00,8.153759252341597,8.398372029911846
TX_6,2012-06-06 22:00:00,7.01957649985674,7.230163794852442
TX_6,2012-06-06 22:30:00,5.787487805246198,5.961112439403585
TX_6,2012-06-06 23:00:00,5.940062398965971,6.11826427093495
TX_6,2012-06-06 23:30:00,4.304582137975268,4.433719602114525
TX_6,2012-06-07 00:00:00,4.767116150223487,4.9101296347301915
TX_6,2012-06-07 00:30:00,3.4305838019805908,3.5335013160400086
TX_6,2012-06-07 01:00:00,4.186567657449169,4.312164687172644
TX_6,2012-06-07 01:30:00,2.807665541351185,2.8918955075917205
TX_6,2012-06-07 02:00:00,4.079224851795991,4.201601597349871
TX_6,2012-06-07 02:30:00,3.4617520179683714,3.565604578507423
TX_6,2012-06-07 03:00:00,4.442638264027579,4.5759174119484065
TX_6,2012-06-07 03:30:00,2.8704884636632766,2.956603117573175
TX_6,2012-06-07 04:00:00,3.467271239394832,3.571289376576677
TX_6,2012-06-07 04:30:00,3.573460429892427,3.6806642427891996
TX_6,2012-06-07 05:00:00,3.845277680255273,3.960636010662931
TX_6,2012-06-07 05:30:00,3.6899322279848468,3.800630194824392
TX_6,2012-06-07 06:00:00,3.364981380266756,3.465930821674759
TX_6,2012-06-07 06:30:00,4.9187025474010335,5.0662636238230645
TX_6,2012-06-07 07:00:00,5.410606886383752,5.5729250929752645
TX_6,2012-06-07 07:30:00,6.107576196212965,6.290803482099354
TX_6,2012-06-07 08:00:00,6.050205128537402,6.231711282393524
TX_6,2012-06-07 08:30:00,6.122573143962192,6.306250338281059
TX_6,2012-06-07 09:00:00,5.320958763452411,5.480587526355984
TX_6,2012-06-07 09:30:00,5.487534929937671,5.652160977835801
TX_6,2012-06-07 10:00:00,5.0049174777568926,5.155065002089599
TX_6,2012-06-07 10:30:00,6.137118452743145,6.32123200632544
TX_6,2012-06-07 11:00:00,6.925492203386069,7.133256969487651
TX_6,2012-06-07 11:30:00,7.777456363946339,8.010780054864728
TX_6,2012-06-07 12:00:00,5.4323376840235,5.595307814544205
TX_6,2012-06-07 12:30:00,4.271155818908101,4.399290493475344
TX_6,2012-06-07 13:00:00,6.110954565023214,6.2942832019739114
TX_6,2012-06-07 13:30:00,5.037188930169582,5.188304598074669
TX_6,2012-06-07 14:00:00,6.031190204015126,6.21212591013558
TX_6,2012-06-07 14:30:00,6.054956227568433,6.236604914395486
TX_6,2012-06-07 15:00:00,6.866773683436829,7.072776893939934
TX_6,2012-06-07 15:30:00,9.215262339535661,9.49172020972173
TX_6,2012-06-07 16:00:00,9.892657511368403,10.189437236709455
TX_6,2012-06-07 16:30:00,8.219823281521053,8.466417979966685
TX_6,2012-06-07 17:00:00,6.486471405642423,6.681065547811696
TX_6,2012-06-07 17:30:00,6.899312314914555,7.106291684361992
TX_6,2012-06-07 18:00:00,6.087843070094571,6.270478362197409
TX_6,2012-06-07 18:30:00,8.222049988229319,8.468711487876199
TX_6,2012-06-07 19:00:00,7.137176107134343,7.351291390348374
TX_6,2012-06-07 19:30:00,9.446974653951735,9.730383893570286
TX_6,2012-06-07 20:00:00,8.22506557297896,8.471817540168328
TX_6,2012-06-07 20:30:00,8.334585408832359,8.58462297109733
TX_6,2012-06-07 21:00:00,7.792670329107226,8.026450438980444
TX_6,2012-06-07 21:30:00,8.791465411918479,9.055209374276034
TX_6,2012-06-07 22:00:00,7.569191215299054,7.796266951758026
TX_6,2012-06-07 22:30:00,7.6774896218233835,7.907814310478085
TX_6,2012-06-07 23:00:00,6.4720754509848355,6.666237714514381
TX_6,2012-06-07 23:30:00,5.650012965130493,5.819513354084408
TX_6,2012-06-08 00:00:00,5.035707671620909,5.186778901769536
TX_6,2012-06-08 00:30:00,3.2987258772700647,3.3976876535881666
TX_6,2012-06-08 01:00:00,4.30034563661192,4.429356005710277
TX_6,2012-06-08 01:30:00,3.370958151826714,3.4720868963815157
TX_6,2012-06-08 02:00:00,3.9869106631367477,4.10651798303085
TX_6,2012-06-08 02:30:00,3.106596005468004,3.1997938856320443
TX_6,2012-06-08 03:00:00,3.8081410702666383,3.9223853023746376
TX_6,2012-06-08 03:30:00,2.916800694941296,3.004304715789535
TX_6,2012-06-08 04:00:00,3.3412762027343814,3.441514488816413
TX_6,2012-06-08 04:30:00,4.086464898828978,4.209058845793847
TX_6,2012-06-08 05:00:00,3.580092373674634,3.687495144884873
TX_6,2012-06-08 05:30:00,3.9446923474008826,4.0630331178229095
TX_6,2012-06-08 06:00:00,3.2511658307890032,3.3487008057126735
TX_6,2012-06-08 06:30:00,5.027512277803713,5.178337646137825
TX_6,2012-06-08 07:00:00,4.2329592034726335,4.359947979576813
TX_6,2012-06-08 07:30:00,6.303917284433464,6.493034802966468
TX_6,2012-06-08 08:00:00,5.5916887771684225,5.759439440483475
TX_6,2012-06-08 08:30:00,7.250033619837895,7.467534628433032
TX_6,2012-06-08 09:00:00,7.370531767261809,7.5916477202796635
TX_6,2012-06-08 09:30:00,8.059941612308346,8.301739860677596
TX_6,2012-06-08 10:00:00,5.411873377727141,5.574229579058955
TX_6,2012-06-08 10:30:00,7.0511319878196375,7.262665947454226
TX_6,2012-06-08 11:00:00,7.0299991881645285,7.240899163809464
TX_6,2012-06-08 11:30:00,4.71688006975669,4.858386471849391
TX_6,2012-06-08 12:00:00,6.807847742309649,7.0120831745789385
TX_6,2012-06-08 12:30:00,8.623990970263431,8.882710699371335
TX_6,2012-06-08 13:00:00,7.4546210920019345,7.678259724761992
TX_6,2012-06-08 13:30:00,8.851980448808348,9.117539862272599
TX_6,2012-06-08 14:00:00,8.96963296778551,9.238721956819075
TX_6,2012-06-08 14:30:00,7.270520361801978,7.488635972656038
TX_6,2012-06-08 15:00:00,7.124695051115184,7.33843590264864
TX_6,2012-06-08 15:30:00,5.880887517039137,6.057314142550312
TX_6,2012-06-08 16:00:00,9.104864863176788,9.378010809072093
TX_6,2012-06-08 16:30:00,8.626104734039513,8.884887876060699
TX_6,2012-06-08 17:00:00,6.751847745356928,6.954403177717636
TX_6,2012-06-08 17:30:00,9.580311066308857,9.867720398298124
TX_6,2012-06-08 18:00:00,8.273942322588937,8.522160592266605
TX_6,2012-06-08 18:30:00,8.245200986913218,8.492557016520616
TX_6,2012-06-08 19:00:00,7.835787163367113,8.070860778268127
TX_6,2012-06-08 19:30:00,8.872746289462965,9.138928678146854
TX_6,2012-06-08 20:00:00,6.813526157275479,7.017931941993744
TX_6,2012-06-08 20:30:00,7.268660477226624,7.486720291543423
TX_6,2012-06-08 21:00:00,5.749302207847396,5.921781274082818
TX_6,2012-06-08 21:30:00,9.011201970770909,9.281538029894037
TX_6,2012-06-08 22:00:00,6.329363821113867,6.519244735747284
TX_6,2012-06-08 22:30:00,6.627151519167949,6.825966064742988
TX_6,2012-06-08 23:00:00,4.247636811924105,4.375065916281828
TX_6,2012-06-08 23:30:00,4.619067682658361,4.757639713138112
TX_6,2012-06-09 00:00:00,4.10487175230282,4.228017904871905
TX_6,2012-06-09 00:30:00,4.024214596284027,4.1449410341725486
TX_6,2012-06-09 01:00:00,3.5389024411111736,3.645069514344509
TX_6,2012-06-09 01:30:00,3.55017327884943,3.656678477214913
TX_6,2012-06-09 02:00:00,3.822413061993591,3.937085453853399
TX_6,2012-06-09 02:30:00,3.471789637483482,3.5759433266079865
TX_6,2012-06-09 03:00:00,4.294011025308854,4.422831356068119
TX_6,2012-06-09 03:30:00,2.6150374170590602,2.693488539570832
TX_6,2012-06-09 04:00:00,3.860132218358132,3.975936184908876
TX_6,2012-06-09 04:30:00,3.4230443452126726,3.5257356755690528
TX_6,2012-06-09 05:00:00,4.670414676094658,4.810527116377497
TX_6,2012-06-09 05:30:00,3.535804087893345,3.6418782105301455
TX_6,2012-06-09 06:00:00,4.194426930848808,4.320259738774272
TX_6,2012-06-09 06:30:00,4.641525685454939,4.780771456018587
TX_6,2012-06-09 07:00:00,4.877666128590371,5.023996112448082
TX_6,2012-06-09 07:30:00,4.597169636756956,4.7350847258596644
TX_6,2012-06-09 08:00:00,4.884548639051096,5.031085098222629
TX_6,2012-06-09 08:30:00,5.144682454111385,5.299022927734727
TX_6,2012-06-09 09:00:00,5.623198027568332,5.7918939683953825
TX_6,2012-06-09 09:30:00,5.309954290355321,5.4692529190659815
TX_6,2012-06-09 10:00:00,6.368049191568539,6.559090667315595
TX_6,2012-06-09 10:30:00,5.421762320394035,5.584415190005856
TX_6,2012-06-09 11:00:00,5.266972526517027,5.424981702312539
TX_6,2012-06-09 11:30:00,5.618481800003449,5.787036254003553
TX_6,2012-06-09 12:00:00,4.328162509999044,4.458007385299015
TX_6,2012-06-09 12:30:00,5.550612653819443,5.717131033434026
TX_6,2012-06-09 13:00:00,5.412373802694103,5.574745016774926
TX_6,2012-06-09 13:30:00,6.014758255190198,6.195201002845905
TX_6,2012-06-09 14:00:00,7.893123106827059,8.129916800031872
TX_6,2012-06-09 14:30:00,5.408272429195175,5.5705206020710305
TX_6,2012-06-09 15:00:00,5.2792971102354835,5.437676023542548
TX_6,2012-06-09 15:30:00,6.910923986318918,7.118251705908485
TX_6,2012-06-09 16:00:00,7.077750388686919,7.290082900347527
TX_6,2012-06-09 16:30:00,8.819247084591632,9.083824497129381
TX_6,2012-06-09 17:00:00,8.604262392957315,8.862390264746034
TX_6,2012-06-09 17:30:00,9.066263717296517,9.338251628815412
TX_6,2012-06-09 18:00:00,5.953843651211548,6.132458960747894
TX_6,2012-06-09 18:30:00,5.147082497026232,5.301494971937019
TX_6,2012-06-09 19:00:00,6.063036342190013,6.244927432455714
TX_6,2012-06-09 19:30:00,6.024848648197414,6.205594107643337
TX_6,2012-06-09 20:00:00,7.140187428293617,7.354393051142425
TX_6,2012-06-09 20:30:00,6.311595201574807,6.5009430576220515
TX_6,2012-06-09 21:00:00,7.869850938910942,8.10594646707827
TX_6,2012-06-09 21:30:00,5.849961115817909,6.025459949292446
TX_6,2012-06-09 22:00:00,7.499346619918645,7.724327018516205
TX_6,2012-06-09 22:30:00,6.860148943297064,7.065953411595976
TX_6,2012-06-09 23:00:00,5.229933506621063,5.386831511819695
TX_6,2012-06-09 23:30:00,5.115113183507753,5.268566579012986
TX_6,2012-06-10 00:00:00,4.184434459272426,4.309967493050599
TX_6,2012-06-10 00:30:00,4.6698428887478185,4.809938175410253
TX_6,2012-06-10 01:00:00,2.9326150695966167,3.0205935216845154
TX_6,2012-06-10 01:30:00,3.7299719091071317,3.841871066380346
TX_6,2012-06-10 02:00:00,2.9925950922313587,3.0823729449982995
TX_6,2012-06-10 02:30:00,4.6266525313577045,4.765452107298436
TX_6,2012-06-10 03:00:00,3.488283650341911,3.5929321598521686
TX_6,2012-06-10 03:30:00,2.954932005360541,3.043579965521357
TX_6,2012-06-10 04:00:00,3.7490514444387575,3.86152298777192
TX_6,2012-06-10 04:30:00,3.548611966214393,3.655070325200825
TX_6,2012-06-10 05:00:00,4.595824956097421,4.733699704780344
TX_6,2012-06-10 05:30:00,3.303124587386795,3.4022183250083993
TX_6,2012-06-10 06:00:00,4.701202854895533,4.8422389405424
TX_6,2012-06-10 06:30:00,4.35048908816156,4.4810037608064075
TX_6,2012-06-10 07:00:00,5.151317503926752,5.305857029044554
TX_6,2012-06-10 07:30:00,4.773636568905485,4.91684566597265
TX_6,2012-06-10 08:00:00,4.818642598230941,4.96320187617787
TX_6,2012-06-10 08:30:00,6.041815450108451,6.223069913611704
TX_6,2012-06-10 09:00:00,6.129274097675588,6.313152320605856
TX_6,2012-06-10 09:30:00,5.918616752915856,6.096175255503332
TX_6,2012-06-10 10:00:00,4.932695200687066,5.080676056707678
TX_6,2012-06-10 10:30:00,7.101374215404186,7.314415441866312
TX_6,2012-06-10 11:00:00,5.152523161089056,5.307098855921728
TX_6,2012-06-10 11:30:00,6.3606508740280905,6.551470400248934
TX_6,2012-06-10 12:00:00,4.834813740065026,4.979858152266977
TX_6,2012-06-10 12:30:00,6.756352771017391,6.959043354147913
TX_6,2012-06-10 13:00:00,7.3318868242520105,7.551843428979571
TX_6,2012-06-10 13:30:00,8.09805586170055,8.340997537551566
TX_6,2012-06-10 14:00:00,6.446978038467563,6.64038737962159
TX_6,2012-06-10 14:30:00,6.950693101689634,7.159213894740323
TX_6,2012-06-10 15:00:00,7.147681073051941,7.362111505243499
TX_6,2012-06-10 15:30:00,8.064506356127124,8.306441546810937
TX_6,2012-06-10 16:00:00,5.4253556983969435,5.588116369348852
TX_6,2012-06-10 16:30:00,6.671607332168738,6.8717555521338
TX_6,2012-06-10 17:00:00,5.626678914680562,5.795479282120978
TX_6,2012-06-10 17:30:00,6.0670223613923895,6.249033032234161
TX_6,2012-06-10 18:00:00,6.878391811767439,7.084743566120462
TX_6,2012-06-10 18:30:00,6.899753815647191,7.1067464301166074
TX_6,2012-06-10 19:00:00,6.5622987418200465,6.759167704074648
TX_6,2012-06-10 19:30:00,6.252659774622597,6.4402395678612745
TX_6,2012-06-10 20:00:00,7.635478045560887,7.864542386927713
TX_6,2012-06-10 20:30:00,6.8265737681917225,7.031370981237474
TX_6,2012-06-10 21:00:00,8.027626874324126,8.26845568055385
TX_6,2012-06-10 21:30:00,7.905598842947752,8.142766808236185
TX_6,2012-06-10 22:00:00,6.8433739313339075,7.048675149273925
TX_6,2012-06-10 22:30:00,7.584021319805799,7.811541959399973
TX_6,2012-06-10 23:00:00,5.181962927715115,5.337421815546569
TX_6,2012-06-10 23:30:00,6.345868740522435,6.536244802738108
TX_6,2012-06-11 00:00:00,4.498430625401893,4.63338354416395
TX_6,2012-06-11 00:30:00,4.98740145149143,5.137023495036173
TX_6,2012-06-11 01:00:00,3.9707343651499185,4.089856396104416
TX_6,2012-06-11 01:30:00,3.77222166499541,3.8853883149452724
TX_6,2012-06-11 02:00:00,4.0525761324023355,4.174153416374406
TX_6,2012-06-11 02:30:00,3.7697887525449145,3.882882415121262
TX_6,2012-06-11 03:00:00,5.196212637812129,5.352099016946493
TX_6,2012-06-11 03:30:00,3.278099042941488,3.3764420142297324
TX_6,2012-06-11 04:00:00,4.3436742145006235,4.473984440935642
TX_6,2012-06-11 04:30:00,4.285154174772541,4.413708800015717
TX_6,2012-06-11 05:00:00,4.453584020642916,4.587191541262204
TX_6,2012-06-11 05:30:00,4.4236846096464895,4.556395147935884
TX_6,2012-06-11 06:00:00,5.355962269227648,5.516641137304478
TX_6,2012-06-11 06:30:00,7.875968403634233,8.11224745574326
TX_6,2012-06-11 07:00:00,6.065423856566742,6.2473865722637445
TX_6,2012-06-11 07:30:00,10.751473381659473,11.074017583109256
TX_6,2012-06-11 08:00:00,8.01951628701043,8.260101775620743
TX_6,2012-06-11 08:30:00,7.399923816870255,7.621921531376363
TX_6,2012-06-11 09:00:00,9.580354833363394,9.867765478364296
TX_6,2012-06-11 09:30:00,7.851489461745666,8.087034145598036
TX_6,2012-06-11 10:00:00,10.743917367400924,11.066234888422951
TX_6,2012-06-11 10:30:00,10.031580860020382,10.332528285820993
TX_6,2012-06-11 11:00:00,11.793093905093867,12.146886722246684
TX_6,2012-06-11 11:30:00,8.340497855386612,8.590712791048212
TX_6,2012-06-11 12:00:00,10.9281340024609,11.255978022534729
TX_6,2012-06-11 12:30:00,8.643278871919119,8.902577238076692
TX_6,2012-06-11 13:00:00,10.664971693410292,10.984920844212601
TX_6,2012-06-11 13:30:00,9.824761535500183,10.11950438156519
TX_6,2012-06-11 14:00:00,7.3253238583645475,7.545083574115484
TX_6,2012-06-11 14:30:00,8.167687163877071,8.412717778793382
TX_6,2012-06-11 15:00:00,10.7818799072534,11.105336304471003
TX_6,2012-06-11 15:30:00,11.974605181666952,12.333843337116962
TX_6,2012-06-11 16:00:00,8.507537067383826,8.76276317940534
TX_6,2012-06-11 16:30:00,12.47914821444795,12.853522660881389
TX_6,2012-06-11 17:00:00,9.091782996795667,9.364536486699537
TX_6,2012-06-11 17:30:00,10.149990455756022,10.454490169428704
TX_6,2012-06-11 18:00:00,10.214667110405552,10.52110712371772
TX_6,2012-06-11 18:30:00,9.932383263910095,10.230354761827398
TX_6,2012-06-11 19:00:00,10.807081774284976,11.131294227513525
TX_6,2012-06-11 19:30:00,10.365695874307642,10.67666675053687
TX_6,2012-06-11 20:00:00,10.878138271721008,11.204482419872638
TX_6,2012-06-11 20:30:00,9.75622235069892,10.048909021219888
TX_6,2012-06-11 21:00:00,10.910596697567106,11.23791459849412
TX_6,2012-06-11 21:30:00,8.18558492820511,8.431152476051263
TX_6,2012-06-11 22:00:00,9.139139953131805,9.413314151725759
TX_6,2012-06-11 22:30:00,6.46285935159541,6.656745132143272
TX_6,2012-06-11 23:00:00,7.035146690136829,7.246201090840934
TX_6,2012-06-11 23:30:00,4.5978081087256335,4.735742351987403
TX_6,2012-06-12 00:00:00,4.415074785138161,4.547527028692306
TX_6,2012-06-12 00:30:00,4.6543375530941775,4.793967679687003
TX_6,2012-06-12 01:00:00,3.649775788987097,3.75926906265671
TX_6,2012-06-12 01:30:00,4.670260202162738,4.81036800822762
TX_6,2012-06-12 02:00:00,3.6780092345467303,3.7883495115831325
TX_6,2012-06-12 02:30:00,5.181294370674188,5.336733201794414
TX_6,2012-06-12 03:00:00,4.060598118314745,4.1824160618641875
TX_6,2012-06-12 03:30:00,4.142206123892949,4.266472307609738
TX_6,2012-06-12 04:00:00,3.860246612675693,3.9760540110559637
TX_6,2012-06-12 04:30:00,5.035240286754311,5.18629749535694
TX_6,2012-06-12 05:00:00,5.386117415669481,5.547700938139565
TX_6,2012-06-12 05:30:00,4.76474392582182,4.907686243596475
TX_6,2012-06-12 06:00:00,7.469887220851582,7.69398383747713
TX_6,2012-06-12 06:30:00,7.197714643816464,7.413646083130958
TX_6,2012-06-12 07:00:00,8.539069730988887,8.795241822918554
TX_6,2012-06-12 07:30:00,7.99697007843249,8.236879180785465
TX_6,2012-06-12 08:00:00,7.14311492105654,7.357408368688237
TX_6,2012-06-12 08:30:00,8.041795274253323,8.283049132480922
TX_6,2012-06-12 09:00:00,7.807720658290449,8.041952278039162
TX_6,2012-06-12 09:30:00,8.740275866032905,9.002484142013891
TX_6,2012-06-12 10:00:00,8.537722158727808,8.793853823489643
TX_6,2012-06-12 10:30:00,10.393127884661832,10.704921721201687
TX_6,2012-06-12 11:00:00,6.296096001587917,6.484978881635555
TX_6,2012-06-12 11:30:00,7.561842698663001,7.788697979622891
TX_6,2012-06-12 12:00:00,7.576140525753797,7.803424741526411
TX_6,2012-06-12 12:30:00,7.596778607247953,7.824681965465391
TX_6,2012-06-12 13:00:00,7.923220747818628,8.160917370253188
TX_6,2012-06-12 13:30:00,9.386609933754269,9.668208231766897
TX_6,2012-06-12 14:00:00,6.958004634058366,7.166744773080117
TX_6,2012-06-12 14:30:00,6.507171473282998,6.702386617481488
TX_6,2012-06-12 15:00:00,8.163807814240954,8.408722048668183
TX_6,2012-06-12 15:30:00,9.527897943943374,9.813734882261675
TX_6,2012-06-12 16:00:00,11.018016362448755,11.348556853322219
TX_6,2012-06-12 16:30:00,8.542358877699186,8.798629644030163
TX_6,2012-06-12 17:00:00,8.629627634758485,8.88851646380124
TX_6,2012-06-12 17:30:00,6.80755626582475,7.011782953799492
TX_6,2012-06-12 18:00:00,6.310654211479523,6.499973837823909
TX_6,2012-06-12 18:30:00,8.168086051591603,8.413128633139351
TX_6,2012-06-12 19:00:00,8.847265241794876,9.112683199048723
TX_6,2012-06-12 19:30:00,6.990526554985669,7.200242351635239
TX_6,2012-06-12 20:00:00,7.897404485144684,8.134326619699024
TX_6,2012-06-12 20:30:00,14.605941731411924,15.044119983354282
TX_6,2012-06-12 21:00:00,9.003096901243262,9.273189808280561
TX_6,2012-06-12 21:30:00,7.548368561581359,7.7748196184288005
TX_6,2012-06-12 22:00:00,7.7082473661392905,7.939494787123469
TX_6,2012-06-12 22:30:00,8.1084138043631,8.351666218493992
TX_6,2012-06-12 23:00:00,6.369582685424992,6.560670165987742
TX_6,2012-06-12 23:30:00,4.20988190843761,4.3361783656907384
TX_6,2012-06-13 00:00:00,4.15893818247596,4.283706327950239
TX_6,2012-06-13 00:30:00,3.6274882933443067,3.736312942144636
TX_6,2012-06-13 01:00:00,3.6701959884358093,3.7803018680888836
TX_6,2012-06-13 01:30:00,2.728856525660852,2.810722221430678
TX_6,2012-06-13 02:00:00,3.815447627147647,3.9299110559620765
TX_6,2012-06-13 02:30:00,3.199104926668773,3.295078074468836
TX_6,2012-06-13 03:00:00,4.222946718713562,4.349635120274969
TX_6,2012-06-13 03:30:00,2.9755255698001415,3.064791336894146
TX_6,2012-06-13 04:00:00,3.522010411594574,3.627670723942411
TX_6,2012-06-13 04:30:00,3.5252820607173043,3.6310405225388234
TX_6,2012-06-13 05:00:00,3.436505552207685,3.5396007187739156
TX_6,2012-06-13 05:30:00,3.7294174144756105,3.841299936909879
TX_6,2012-06-13 06:00:00,3.3752531201721805,3.476510713777346
TX_6,2012-06-13 06:30:00,5.9935053656754445,6.173310526645708
TX_6,2012-06-13 07:00:00,5.011191422104262,5.16152716476739
TX_6,2012-06-13 07:30:00,6.4718122684417985,6.665966636495052
TX_6,2012-06-13 08:00:00,5.096423964270197,5.249316683198303
TX_6,2012-06-13 08:30:00,6.002856450464638,6.182942143978577
TX_6,2012-06-13 09:00:00,7.897242780097056,8.134160063499968
TX_6,2012-06-13 09:30:00,5.700960655498104,5.871989475163048
TX_6,2012-06-13 10:00:00,4.710342961393855,4.851653250235671
TX_6,2012-06-13 10:30:00,4.436622516248787,4.56972119173625
TX_6,2012-06-13 11:00:00,5.1973132503324795,5.353232647842454
TX_6,2012-06-13 11:30:00,4.239363773714157,4.3665446869255815
TX_6,2012-06-13 12:00:00,5.354741762909305,5.5153840157965845
TX_6,2012-06-13 12:30:00,6.295182862561721,6.484038348438573
TX_6,2012-06-13 13:00:00,4.563965088319993,4.7008840409695924
TX_6,2012-06-13 13:30:00,4.447962000297386,4.581400860306307
TX_6,2012-06-13 14:00:00,6.185311895838552,6.370871252713709
TX_6,2012-06-13 14:30:00,3.7615286392702956,3.8743744984484048
TX_6,2012-06-13 15:00:00,4.818614398463329,4.963172830417229
TX_6,2012-06-13 15:30:00,7.002390215099708,7.212461921552699
TX_6,2012-06-13 16:00:00,5.991764550541069,6.171517487057301
TX_6,2012-06-13 16:30:00,5.464719485516229,5.628661070081716
TX_6,2012-06-13 17:00:00,6.566283421145893,6.76327192378027
TX_6,2012-06-13 17:30:00,6.74219278012872,6.9444585635325815
TX_6,2012-06-13 18:00:00,6.359679510285277,6.550469895593835
TX_6,2012-06-13 18:30:00,7.318813365164311,7.538377766119241
TX_6,2012-06-13 19:00:00,5.885471910343096,6.062036067653389
TX_6,2012-06-13 19:30:00,6.363062501261505,6.553954376299351
TX_6,2012-06-13 20:00:00,5.507523651699251,5.672749361250228
TX_6,2012-06-13 20:30:00,5.15801611002438,5.312756593325111
TX_6,2012-06-13 21:00:00,6.246039288119359,6.43342046676294
TX_6,2012-06-13 21:30:00,6.260498743818071,6.4483137061326135
TX_6,2012-06-13 22:00:00,6.409782994804298,6.6020764846484274
TX_6,2012-06-13 22:30:00,5.023726815171758,5.17443861962691
TX_6,2012-06-13 23:00:00,4.88613654540143,5.032720641763473
TX_6,2012-06-13 23:30:00,3.501629065140682,3.6066779370949025
TX_6,2012-06-14 00:00:00,4.104515111408967,4.227650564751236
TX_6,2012-06-14 00:30:00,2.545904312220732,2.6222814415873543
TX_6,2012-06-14 01:00:00,2.6265726132829887,2.7053697916814783
TX_6,2012-06-14 01:30:00,2.3906573132350077,2.462377032632058
TX_6,2012-06-14 02:00:00,2.356748138309327,2.427450582458607
TX_6,2012-06-14 02:30:00,3.023720480615981,3.1144320950344606
TX_6,2012-06-14 03:00:00,2.7530282932149612,2.83561914201141
TX_6,2012-06-14 03:30:00,2.476447534330846,2.5507409603607716
TX_6,2012-06-14 04:00:00,2.3545201865771745,2.4251557921744897
TX_6,2012-06-14 04:30:00,2.1749224430468295,2.2401701163382346
TX_6,2012-06-14 05:00:00,2.2913254543231525,2.360065217952847
TX_6,2012-06-14 05:30:00,2.391005652485542,2.4627358220601083
TX_6,2012-06-14 06:00:00,3.355872894713614,3.4565490815550226
TX_6,2012-06-14 06:30:00,3.6662038626027567,3.7761899784808395
TX_6,2012-06-14 07:00:00,4.979087466911241,5.128460090918578
TX_6,2012-06-14 07:30:00,5.20413787520407,5.360262011460192
TX_6,2012-06-14 08:00:00,6.37350854312169,6.564713799415341
TX_6,2012-06-14 08:30:00,4.229501512169703,4.356386557534794
TX_6,2012-06-14 09:00:00,3.521545602831483,3.6271919709164275
TX_6,2012-06-14 09:30:00,2.862507455739507,2.9483826794116923
TX_6,2012-06-14 10:00:00,2.9848562019904414,3.0744018880501547
TX_6,2012-06-14 10:30:00,4.298507112837294,4.427462326222413
TX_6,2012-06-14 11:00:00,5.8603569855271855,6.036167695093002
TX_6,2012-06-14 11:30:00,3.805345926512382,3.9195063043077534
TX_6,2012-06-14 12:00:00,3.750304810709555,3.8628139550308416
TX_6,2012-06-14 12:30:00,4.887862874150905,5.034498760375432
TX_6,2012-06-14 13:00:00,4.874070782295211,5.020292905764068
TX_6,2012-06-14 13:30:00,5.85613018351965,6.03181408902524
TX_6,2012-06-14 14:00:00,5.707220410796638,5.878437023120537
TX_6,2012-06-14 14:30:00,3.872659573901568,3.9888393611186155
TX_6,2012-06-14 15:00:00,4.294457768539656,4.4232915015958465
TX_6,2012-06-14 15:30:00,4.540670146177606,4.676890250562934
TX_6,2012-06-14 16:00:00,5.114038876044022,5.267460042325343
TX_6,2012-06-14 16:30:00,4.546345843868363,4.682736219184414
TX_6,2012-06-14 17:00:00,5.779432166085157,5.9528151310677115
TX_6,2012-06-14 17:30:00,8.288919579208578,8.537587166584835
TX_6,2012-06-14 18:00:00,6.4807292062378545,6.67515108242499
TX_6,2012-06-14 18:30:00,6.116659430001128,6.300159212901162
TX_6,2012-06-14 19:00:00,7.1348216205520085,7.348866269168569
TX_6,2012-06-14 19:30:00,8.42519495676262,8.6779508054655
TX_6,2012-06-14 20:00:00,7.099613465483364,7.312601869447865
TX_6,2012-06-14 20:30:00,7.35682102827042,7.577525659118533
TX_6,2012-06-14 21:00:00,5.995245835746737,6.17510321081914
TX_6,2012-06-14 21:30:00,5.767780841056991,5.940814266288701
TX_6,2012-06-14 22:00:00,4.614775420207638,4.753218682813867
TX_6,2012-06-14 22:30:00,3.4054916455174395,3.5076563948829627
TX_6,2012-06-14 23:00:00,3.0526164367490214,3.144194929851492
TX_6,2012-06-14 23:30:00,2.7331678068549663,2.8151628410606153
TX_6,2012-06-15 00:00:00,2.7270054526060883,2.8088156161842712
TX_6,2012-06-15 00:30:00,3.091552362638248,3.1842989335173955
TX_6,2012-06-15 01:00:00,3.30697141409041,3.4061805565131222
TX_6,2012-06-15 01:30:00,3.2025836145458957,3.2986611229822724
TX_6,2012-06-15 02:00:00,2.9203211373198483,3.007930771439444
TX_6,2012-06-15 02:30:00,3.9372658140534122,4.055383788475015
TX_6,2012-06-15 03:00:00,3.1138520191089727,3.207267579682242
TX_6,2012-06-15 03:30:00,3.586104641561764,3.693687780808617
TX_6,2012-06-15 04:00:00,2.4726389966657054,2.546818166565677
TX_6,2012-06-15 04:30:00,4.191605766295198,4.317353939284054
TX_6,2012-06-15 05:00:00,3.7121507721730724,3.8235152953382645
TX_6,2012-06-15 05:30:00,4.09496271080686,4.217811592131066
TX_6,2012-06-15 06:00:00,3.8223093353170814,3.936978615376594
TX_6,2012-06-15 06:30:00,4.909012578554585,5.056282955911223
TX_6,2012-06-15 07:00:00,5.160910245362402,5.315737552723274
TX_6,2012-06-15 07:30:00,5.557804576209984,5.724538713496283
TX_6,2012-06-15 08:00:00,7.652604694864827,7.882182835710772
TX_6,2012-06-15 08:30:00,6.383467686184566,6.5749717167701025
TX_6,2012-06-15 09:00:00,7.7695701435201014,8.002657247825704
TX_6,2012-06-15 09:30:00,6.505401357055286,6.7005633977669445
TX_6,2012-06-15 10:00:00,7.528493033167636,7.754347824162665
TX_6,2012-06-15 10:30:00,8.135311156314039,8.37937049100346
TX_6,2012-06-15 11:00:00,6.1497533164117195,6.334245915904071
TX_6,2012-06-15 11:30:00,7.728190958015552,7.960036686756019
TX_6,2012-06-15 12:00:00,8.572274371694528,8.829442602845363
TX_6,2012-06-15 12:30:00,8.786751676810987,9.050354227115317
TX_6,2012-06-15 13:00:00,8.094562397847849,8.337399269783285
TX_6,2012-06-15 13:30:00,8.670768850222421,8.930891915729093
TX_6,2012-06-15 14:00:00,7.134998371256409,7.349048322394101
TX_6,2012-06-15 14:30:00,5.493155045847303,5.657949697222722
TX_6,2012-06-15 15:00:00,5.887994855453003,6.064634701116593
TX_6,2012-06-15 15:30:00,7.468462665030534,7.6925165449814505
TX_6,2012-06-15 16:00:00,6.531342715966179,6.7272829974451644
TX_6,2012-06-15 16:30:00,7.08745752475592,7.300081250498598
TX_6,2012-06-15 17:00:00,6.857745543332109,7.063477909632072
TX_6,2012-06-15 17:30:00,5.912839337980439,6.090224518119853
TX_6,2012-06-15 18:00:00,6.8039937240226935,7.008113535743375
TX_6,2012-06-15 18:30:00,7.223323004817745,7.440022694962278
TX_6,2012-06-15 19:00:00,6.327477132147453,6.517301446111877
TX_6,2012-06-15 19:30:00,6.44632976061462,6.639719653433058
TX_6,2012-06-15 20:00:00,6.6614047431384416,6.861246885432595
TX_6,2012-06-15 20:30:00,7.226686566848158,7.443487163853603
TX_6,2012-06-15 21:00:00,5.833070461240513,6.008062575077728
TX_6,2012-06-15 21:30:00,7.522068135082932,7.747730179135421
TX_6,2012-06-15 22:00:00,5.824447720807298,5.999181152431516
TX_6,2012-06-15 22:30:00,5.630218149345995,5.799124693826375
TX_6,2012-06-15 23:00:00,4.375564735014432,4.5068316770648655
TX_6,2012-06-15 23:30:00,4.278015132481714,4.406355586456166
TX_6,2012-06-16 00:00:00,4.548269212356721,4.684717288727422
TX_6,2012-06-16 00:30:00,2.454294228120852,2.527923054964478
TX_6,2012-06-16 01:00:00,3.44631429057388,3.5497037192910965
TX_6,2012-06-16 01:30:00,2.2745233573046337,2.342759058023773
TX_6,2012-06-16 02:00:00,3.102833707816361,3.195918719050852
TX_6,2012-06-16 02:30:00,2.899438809539064,2.986421973825236
TX_6,2012-06-16 03:00:00,3.1944470200517876,3.2902804306533415
TX_6,2012-06-16 03:30:00,2.6043310704078126,2.6824610025200473
TX_6,2012-06-16 04:00:00,2.5351247812011874,2.611178524637223
TX_6,2012-06-16 04:30:00,2.8715144993022377,2.957659934281305
TX_6,2012-06-16 05:00:00,2.944185010451475,3.032510560765019
TX_6,2012-06-16 05:30:00,3.230457528842208,3.3273712547074745
TX_6,2012-06-16 06:00:00,2.86209640327797,2.947959295376309
TX_6,2012-06-16 06:30:00,4.709935748078147,4.851233820520491
TX_6,2012-06-16 07:00:00,3.4980642254353085,3.603006152198368
TX_6,2012-06-16 07:30:00,3.6892820641506714,3.7999605260751914
TX_6,2012-06-16 08:00:00,3.1886501102907467,3.2843096135994694
TX_6,2012-06-16 08:30:00,5.872940667711387,6.049128887742729
TX_6,2012-06-16 09:00:00,3.1047315102724014,3.1978734555805737
TX_6,2012-06-16 09:30:00,3.4289287967030266,3.5317966606041176
TX_6,2012-06-16 10:00:00,3.2230130865209214,3.319703479116549
TX_6,2012-06-16 10:30:00,2.5923282542876755,2.670098101916306
TX_6,2012-06-16 11:00:00,3.3991070558903087,3.501080267567018
TX_6,2012-06-16 11:30:00,2.3296235320221816,2.3995122379828473
TX_6,2012-06-16 12:00:00,3.059717846140945,3.151509381525173
TX_6,2012-06-16 12:30:00,2.3678433217117654,2.4388786213631186
TX_6,2012-06-16 13:00:00,3.6751136705591216,3.7853670806758952
TX_6,2012-06-16 13:30:00,3.8902833545688704,4.0069918552059365
TX_6,2012-06-16 14:00:00,3.4651318938967575,3.5690858507136602
TX_6,2012-06-16 14:30:00,3.6759552639250623,3.7862339218428143
TX_6,2012-06-16 15:00:00,3.0370154887571323,3.1281259534198465
TX_6,2012-06-16 15:30:00,5.956515593635176,6.135211061444232
TX_6,2012-06-16 16:00:00,3.8176605469110823,3.9321903633184148
TX_6,2012-06-16 16:30:00,3.663508483853962,3.773413738369581
TX_6,2012-06-16 17:00:00,4.0683160742359386,4.190365556463017
TX_6,2012-06-16 17:30:00,4.432070654201901,4.565032773827959
TX_6,2012-06-16 18:00:00,4.230843850072369,4.35776916557454
TX_6,2012-06-16 18:30:00,3.2791718354621633,3.3775469905260285
TX_6,2012-06-16 19:00:00,4.272838093551372,4.401023236357913
TX_6,2012-06-16 19:30:00,3.0828497031762208,3.1753351942715073
TX_6,2012-06-16 20:00:00,5.509814098730135,5.675108521692039
TX_6,2012-06-16 20:30:00,3.9999352738909693,4.119933332107698
TX_6,2012-06-16 21:00:00,4.531364143777009,4.667305068090319
TX_6,2012-06-16 21:30:00,3.490774795598624,3.5954980394665825
TX_6,2012-06-16 22:00:00,3.215577294934768,3.312044613782811
TX_6,2012-06-16 22:30:00,2.988468609531926,3.0781226678178837
TX_6,2012-06-16 23:00:00,2.5743849361788427,2.651616484264208
TX_6,2012-06-16 23:30:00,3.191474266587274,3.2872184945848923
TX_6,2012-06-17 00:00:00,2.3968904113895055,2.468797123731191
TX_6,2012-06-17 00:30:00,4.381985452998196,4.5134450165881415
TX_6,2012-06-17 01:00:00,3.0390140270019783,3.1301844478120375
TX_6,2012-06-17 01:30:00,3.944653113575701,4.062992706982972
TX_6,2012-06-17 02:00:00,3.1442137495001625,3.2385401619851675
TX_6,2012-06-17 02:30:00,4.102804029204966,4.225888150081116
TX_6,2012-06-17 03:00:00,4.188076358620644,4.313718649379263
TX_6,2012-06-17 03:30:00,3.528822990137639,3.634687679841768
TX_6,2012-06-17 04:00:00,3.9498289695141318,4.0683238385995555
TX_6,2012-06-17 04:30:00,4.016066162205936,4.136548147072114
TX_6,2012-06-17 05:00:00,5.03167458606401,5.182624823645931
TX_6,2012-06-17 05:30:00,3.4996781617996238,3.6046685066536126
TX_6,2012-06-17 06:00:00,4.721410865859762,4.863053191835555
TX_6,2012-06-17 06:30:00,4.178747378632899,4.304109799991886
TX_6,2012-06-17 07:00:00,7.492238390500372,7.717005542215383
TX_6,2012-06-17 07:30:00,5.168713856842099,5.323775272547362
TX_6,2012-06-17 08:00:00,5.07689046151383,5.229197175359245
TX_6,2012-06-17 08:30:00,5.985326466063007,6.164886260044897
TX_6,2012-06-17 09:00:00,7.042766540067043,7.254049536269054
TX_6,2012-06-17 09:30:00,5.709534409701147,5.880820441992182
TX_6,2012-06-17 10:00:00,4.42684428344166,4.55964961194491
TX_6,2012-06-17 10:30:00,5.544826169880031,5.711170954976432
TX_6,2012-06-17 11:00:00,4.762861979205486,4.90574783858165
TX_6,2012-06-17 11:30:00,6.028748172736679,6.20961061791878
TX_6,2012-06-17 12:00:00,5.408636746611631,5.57089584900998
TX_6,2012-06-17 12:30:00,6.598671200033134,6.796631336034128
TX_6,2012-06-17 13:00:00,6.864797819052185,7.07074175362375
TX_6,2012-06-17 13:30:00,7.169172390233523,7.384247561940529
TX_6,2012-06-17 14:00:00,5.852599325867049,6.0281773056430605
TX_6,2012-06-17 14:30:00,6.176694381505469,6.361995212950633
TX_6,2012-06-17 15:00:00,8.504228941125579,8.759355809359347
TX_6,2012-06-17 15:30:00,8.047623553500678,8.289052260105699
TX_6,2012-06-17 16:00:00,7.090773623594648,7.303496832302488
TX_6,2012-06-17 16:30:00,4.88081721435813,5.027241730788874
TX_6,2012-06-17 17:00:00,5.464577303455576,5.628514622559243
TX_6,2012-06-17 17:30:00,5.742675394654456,5.91495565649409
TX_6,2012-06-17 18:00:00,5.1233683464112865,5.2770693968036255
TX_6,2012-06-17 18:30:00,8.120638762271508,8.364257925139654
TX_6,2012-06-17 19:00:00,7.332999279014866,7.552989257385312
TX_6,2012-06-17 19:30:00,6.804234038363761,7.008361059514674
TX_6,2012-06-17 20:00:00,6.8158765055613095,7.020352800728149
TX_6,2012-06-17 20:30:00,9.047848534679083,9.319283990719455
TX_6,2012-06-17 21:00:00,8.231725891964883,8.47867766872383
TX_6,2012-06-17 21:30:00,6.574980045572021,6.772229446939182
TX_6,2012-06-17 22:00:00,7.038952615029407,7.25012119348029
TX_6,2012-06-17 22:30:00,6.093751212801615,6.276563749185663
TX_6,2012-06-17 23:00:00,8.139485707853789,8.383670279089403
TX_6,2012-06-17 23:30:00,4.520254513978823,4.655862149398187
TX_6,2012-06-18 00:00:00,4.911589947444078,5.058937645867401
TX_6,2012-06-18 00:30:00,3.547136815066642,3.6535509195186413
TX_6,2012-06-18 01:00:00,4.285481343701567,4.414045784012614
TX_6,2012-06-18 01:30:00,3.511382726328829,3.616724208118694
TX_6,2012-06-18 02:00:00,3.7663467113833,3.879337112724799
TX_6,2012-06-18 02:30:00,4.14542204755157,4.269784708978117
TX_6,2012-06-18 03:00:00,3.3664386704818265,3.4674318305962815
TX_6,2012-06-18 03:30:00,3.913741731520932,4.03115398346656
TX_6,2012-06-18 04:00:00,2.6972902764500133,2.7782089847435136
TX_6,2012-06-18 04:30:00,4.565988383363637,4.702968034864546
TX_6,2012-06-18 05:00:00,3.836088282702169,3.951170931183234
TX_6,2012-06-18 05:30:00,4.484676852858971,4.619217158444741
TX_6,2012-06-18 06:00:00,5.150786443014985,5.305310036305435
TX_6,2012-06-18 06:30:00,5.621001732990669,5.789631784980389
TX_6,2012-06-18 07:00:00,5.487909450144801,5.652546733649145
TX_6,2012-06-18 07:30:00,5.110046766731186,5.2633481697331215
TX_6,2012-06-18 08:00:00,6.417517449672517,6.610042973162693
TX_6,2012-06-18 08:30:00,4.9082756932874245,5.055523964086047
TX_6,2012-06-18 09:00:00,7.051366612891597,7.262907611278345
TX_6,2012-06-18 09:30:00,6.74432978804073,6.946659681681952
TX_6,2012-06-18 10:00:00,6.532773877693371,6.728757094024172
TX_6,2012-06-18 10:30:00,5.601564316131748,5.7696112456157005
TX_6,2012-06-18 11:00:00,6.306707331728086,6.495908551679929
TX_6,2012-06-18 11:30:00,6.584418889547443,6.781951456233867
TX_6,2012-06-18 12:00:00,7.483955356922497,7.708474017630172
TX_6,2012-06-18 12:30:00,8.904558310171868,9.171695059477024
TX_6,2012-06-18 13:00:00,7.168158294716333,7.383203043557823
TX_6,2012-06-18 13:30:00,7.399351241317785,7.621331778557319
TX_6,2012-06-18 14:00:00,5.7964410841673,5.97033431669232
TX_6,2012-06-18 14:30:00,8.881812846391632,9.148267231783382
TX_6,2012-06-18 15:00:00,6.201539038999329,6.387585210169308
TX_6,2012-06-18 15:30:00,7.121220137742797,7.334856741875081
TX_6,2012-06-18 16:00:00,5.527404008447164,5.693226128700578
TX_6,2012-06-18 16:30:00,8.66264187406033,8.92252113028214
TX_6,2012-06-18 17:00:00,7.809052722089014,8.043324303751685
TX_6,2012-06-18 17:30:00,7.232718430586418,7.449699983504011
TX_6,2012-06-18 18:00:00,7.690781529474111,7.921504975358334
TX_6,2012-06-18 18:30:00,6.616678272990962,6.81517862118069
TX_6,2012-06-18 19:00:00,7.785441971477234,8.019005230621552
TX_6,2012-06-18 19:30:00,7.498617577055679,7.72357610436735
TX_6,2012-06-18 20:00:00,7.119554110537343,7.3331407338534635
TX_6,2012-06-18 20:30:00,7.862830565461621,8.09871548242547
TX_6,2012-06-18 21:00:00,8.072053526008329,8.314215131788579
TX_6,2012-06-18 21:30:00,8.035241392655925,8.276298634435603
TX_6,2012-06-18 22:00:00,6.874847535496196,7.081092961561082
TX_6,2012-06-18 22:30:00,6.971301132673641,7.180440166653851
TX_6,2012-06-18 23:00:00,4.821312296904089,4.965951665811211
TX_6,2012-06-18 23:30:00,5.501397861143749,5.666439796978062
TX_6,2012-06-19 00:00:00,3.7380590672927454,3.850200839311528
TX_6,2012-06-19 00:30:00,4.310136772086675,4.439440875249275
TX_6,2012-06-19 01:00:00,3.927381517838206,4.045202963373352
TX_6,2012-06-19 01:30:00,3.4694667465287394,3.573550748924602
TX_6,2012-06-19 02:00:00,3.8286562961454957,3.943515985029861
TX_6,2012-06-19 02:30:00,3.8429578928546024,3.9582466296402408
TX_6,2012-06-19 03:00:00,4.2295667008584905,4.356453701884245
TX_6,2012-06-19 03:30:00,3.1236835820751288,3.2173940895373825
TX_6,2012-06-19 04:00:00,4.010292419788313,4.130601192381962
TX_6,2012-06-19 04:30:00,3.2050839104292734,3.3012364277421518
TX_6,2012-06-19 05:00:00,4.455433314126818,4.589096313550622
TX_6,2012-06-19 05:30:00,4.349604981663476,4.480093131113381
TX_6,2012-06-19 06:00:00,4.914703289753694,5.062144388446305
TX_6,2012-06-19 06:30:00,5.77733005812939,5.950649959873272
TX_6,2012-06-19 07:00:00,6.4240479522527405,6.6167693908203224
TX_6,2012-06-19 07:30:00,6.152689543169934,6.337270229465033
TX_6,2012-06-19 08:00:00,6.385968253904194,6.57754730152132
TX_6,2012-06-19 08:30:00,7.357371028471713,7.578092159325864
TX_6,2012-06-19 09:00:00,5.911035046419506,6.088366097812091
TX_6,2012-06-19 09:30:00,7.372970334766058,7.59415944480904
TX_6,2012-06-19 10:00:00,8.803354833108209,9.067455478101456
TX_6,2012-06-19 10:30:00,8.130334472904366,8.374244507091497
TX_6,2012-06-19 11:00:00,7.8365874482478715,8.071685071695308
TX_6,2012-06-19 11:30:00,6.993288735205717,7.203087397261889
TX_6,2012-06-19 12:00:00,7.534803060460973,7.760847152274803
TX_6,2012-06-19 12:30:00,6.878358273407669,7.0847090216099
TX_6,2012-06-19 13:00:00,7.819722728328221,8.054314410178069
TX_6,2012-06-19 13:30:00,6.533502234140107,6.72950730116431
TX_6,2012-06-19 14:00:00,6.841350580795574,7.046591098219441
TX_6,2012-06-19 14:30:00,4.842578190874799,4.987855536601043
TX_6,2012-06-19 15:00:00,5.6292853091321975,5.798163868406164
TX_6,2012-06-19 15:30:00,5.612198506465169,5.780564461659124
TX_6,2012-06-19 16:00:00,7.345117977278641,7.565471516597
TX_6,2012-06-19 16:30:00,8.662042759002341,8.921904041772413
TX_6,2012-06-19 17:00:00,7.8234876329281855,8.058192261916032
TX_6,2012-06-19 17:30:00,7.540715119457063,7.766936573040775
TX_6,2012-06-19 18:00:00,7.492532193427439,7.717308159230263
TX_6,2012-06-19 18:30:00,8.395971027627745,8.647850158456578
TX_6,2012-06-19 19:00:00,8.343371838149485,8.59367299329397
TX_6,2012-06-19 19:30:00,9.298312020069696,9.577261380671787
TX_6,2012-06-19 20:00:00,7.973885276726275,8.213101835028063
TX_6,2012-06-19 20:30:00,7.891008808304435,8.127739072553569
TX_6,2012-06-19 21:00:00,9.681300153235917,9.971739157832994
TX_6,2012-06-19 21:30:00,7.114486097742847,7.327920680675133
TX_6,2012-06-19 22:00:00,7.373256120698955,7.594453804319924
TX_6,2012-06-19 22:30:00,6.035021729448321,6.21607238133177
TX_6,2012-06-19 23:00:00,6.033537386763851,6.214543508366766
TX_6,2012-06-19 23:30:00,4.6060505476252285,4.7442320640539855
TX_6,2012-06-20 00:00:00,4.526691270727065,4.6624920088488775
TX_6,2012-06-20 00:30:00,3.880064439861519,3.996466373057365
TX_6,2012-06-20 01:00:00,3.613591954850075,3.7219997134955776
TX_6,2012-06-20 01:30:00,3.290677142928898,3.389397457216765
TX_6,2012-06-20 02:00:00,2.8210795230855736,2.905711908778141
TX_6,2012-06-20 02:30:00,4.497465929560541,4.632389907447357
TX_6,2012-06-20 03:00:00,2.6848514519658817,2.765396995524858
TX_6,2012-06-20 03:30:00,4.042512990681067,4.163788380401499
TX_6,2012-06-20 04:00:00,2.588619937882816,2.6662785360193
TX_6,2012-06-20 04:30:00,3.6708626661393873,3.780988546123569
TX_6,2012-06-20 05:00:00,3.8540946659786655,3.9697175059580254
TX_6,2012-06-20 05:30:00,4.02832245141957,4.149172124962157
TX_6,2012-06-20 06:00:00,4.6641442391014865,4.804068566274531
TX_6,2012-06-20 06:30:00,4.26759167834726,4.395619428697677
TX_6,2012-06-20 07:00:00,6.377942321149648,6.569280590784138
TX_6,2012-06-20 07:30:00,7.006093449566287,7.216276253053276
TX_6,2012-06-20 08:00:00,6.3027815257579665,6.491864971530705
TX_6,2012-06-20 08:30:00,5.758451369026361,5.931204910097152
TX_6,2012-06-20 09:00:00,9.150913970079797,9.425441389182192
TX_6,2012-06-20 09:30:00,8.42304044197739,8.675731655236712
TX_6,2012-06-20 10:00:00,6.350807658881861,6.541331888648316
TX_6,2012-06-20 10:30:00,4.8239091340284626,4.9686264080493165
